ISO-10303-21;
HEADER;
FILE_DESCRIPTION((' Model'),'2;1');
FILE_NAME(' Shape Model','2026-03-11T07:18:25',(''),(
    ''),' ','','Unknown');
FILE_SCHEMA(('AUTOMOTIVE_DESIGN { 1 0 10303 214 1 1 1 1 }'));
ENDSEC;
DATA;
#1 = APPLICATION_PROTOCOL_DEFINITION('international standard',
  'automotive_design',2000,#2);
#2 = APPLICATION_CONTEXT(
  'core data for automotive mechanical design processes');
#3 = SHAPE_DEFINITION_REPRESENTATION(#4,#10);
#4 = PRODUCT_DEFINITION_SHAPE('','',#5);
#5 = PRODUCT_DEFINITION('design','',#6,#9);
#6 = PRODUCT_DEFINITION_FORMATION('','',#7);
#7 = PRODUCT(' STEP translator 7.5 1',
  ' STEP translator 7.5 1','',(#8));
#8 = PRODUCT_CONTEXT('',#2,'mechanical');
#9 = PRODUCT_DEFINITION_CONTEXT('part definition',#2,'design');
#10 = MANIFOLD_SURFACE_SHAPE_REPRESENTATION('',(#11,#15),#15168);
#11 = AXIS2_PLACEMENT_3D('',#12,#13,#14);
#12 = CARTESIAN_POINT('',(0.,0.,0.));
#13 = DIRECTION('',(0.,0.,1.));
#14 = DIRECTION('',(1.,0.,-0.));
#15 = SHELL_BASED_SURFACE_MODEL('',(#16));
#16 = CLOSED_SHELL('',(#17,#106,#162,#244,#300,#389,#445,#534,#590,#646,
    #702,#758,#814,#870,#926,#982,#1038,#1094,#1143,#1199,#1255,#1311,
    #1367,#1423,#1479,#1535,#1591,#1647,#1703,#1759,#1815,#1871,#1927,
    #1983,#2039,#2095,#2151,#2207,#2263,#2319,#2408,#2457,#2487,#2543,
    #2599,#2650,#2706,#2762,#2818,#2874,#2930,#2986,#3042,#3098,#3154,
    #3210,#3266,#3322,#3378,#3434,#3490,#3546,#3595,#3620,#3676,#3725,
    #3776,#3806,#3862,#3913,#3969,#4025,#4081,#4137,#4193,#4249,#4305,
    #4361,#4417,#4473,#4529,#4585,#4634,#4690,#4746,#4802,#4858,#4914,
    #4970,#5026,#5082,#5138,#5194,#5250,#5306,#5362,#5418,#5474,#5530,
    #5581,#5611,#5667,#5718,#5748,#5799,#5829,#5880,#5910,#5961,#5991,
    #6042,#6072,#6123,#6153,#6204,#6234,#6285,#6310,#6335,#6365,#6416,
    #6446,#6497,#6527,#6578,#6608,#6659,#6689,#6740,#6770,#6821,#6851,
    #6902,#6932,#6983,#7008,#7059,#7089,#7140,#7191,#7221,#7277,#7333,
    #7384,#7414,#7465,#7495,#7551,#7597,#7627,#7678,#7708,#7764,#7815,
    #7845,#7896,#7926,#7977,#8007,#8053,#8083,#8139,#8190,#8220,#8266,
    #8296,#8347,#8377,#8433,#8484,#8514,#8565,#8595,#8651,#8702,#8732,
    #8783,#8813,#8869,#8920,#8950,#9006,#9057,#9082,#9107,#9132,#9162,
    #9218,#9267,#9318,#9348,#9399,#9429,#9480,#9510,#9561,#9591,#9642,
    #9672,#9723,#9753,#9804,#9834,#9885,#9910,#9940,#9991,#10042,#10072,
    #10118,#10148,#10199,#10229,#10280,#10310,#10361,#10391,#10442,
    #10472,#10523,#10553,#10604,#10634,#10664,#10715,#10740,#10770,
    #10814,#10839,#10864,#10889,#10914,#10939,#10964,#10994,#11050,
    #11099,#11155,#11211,#11267,#11323,#11379,#11430,#11486,#11537,
    #11567,#11616,#11622,#11678,#11734,#11790,#11841,#11866,#11896,
    #11902,#11927,#11952,#11977,#11983,#12008,#12033,#12058,#12083,
    #12108,#12133,#12163,#12214,#12239,#12269,#12320,#12350,#12401,
    #12426,#12477,#12507,#12556,#12581,#12606,#12631,#12656,#12662,
    #12713,#12743,#12794,#12824,#12875,#12905,#12954,#12998,#13023,
    #13048,#13073,#13098,#13123,#13148,#13173,#13198,#13223,#13248,
    #13254,#13279,#13304,#13329,#13354,#13379,#13404,#13429,#13454,
    #13479,#13504,#13529,#13554,#13579,#13585,#13610,#13635,#13660,
    #13685,#13710,#13735,#13760,#13785,#13810,#13835,#13841,#13866,
    #13891,#13916,#13941,#13966,#13991,#13997,#14022,#14028,#14079,
    #14135,#14186,#14216,#14265,#14290,#14315,#14340,#14365,#14390,
    #14415,#14421,#14451,#14507,#14556,#14562,#14606,#14631,#14656,
    #14681,#14706,#14731,#14756,#14781,#14806,#14831,#14837,#14881,
    #14906,#14931,#14956,#14981,#15006,#15031,#15056,#15081,#15106,
    #15131,#15137,#15162));
#17 = ADVANCED_FACE('',(#18),#32,.T.);
#18 = FACE_BOUND('',#19,.T.);
#19 = EDGE_LOOP('',(#20,#54,#81));
#20 = ORIENTED_EDGE('',*,*,#21,.T.);
#21 = EDGE_CURVE('',#22,#24,#26,.T.);
#22 = VERTEX_POINT('',#23);
#23 = CARTESIAN_POINT('',(-23.,-22.70000076293,324.99868774414));
#24 = VERTEX_POINT('',#25);
#25 = CARTESIAN_POINT('',(-23.,-22.70000076293,318.60000610351));
#26 = SURFACE_CURVE('',#27,(#31,#43),.PCURVE_S1.);
#27 = LINE('',#28,#29);
#28 = CARTESIAN_POINT('',(-23.,-22.70000076293,324.99868774414));
#29 = VECTOR('',#30,1.);
#30 = DIRECTION('',(0.,0.,-1.));
#31 = PCURVE('',#32,#37);
#32 = PLANE('',#33);
#33 = AXIS2_PLACEMENT_3D('',#34,#35,#36);
#34 = CARTESIAN_POINT('',(-23.,-23.74540557996,320.69666048022));
#35 = DIRECTION('',(-1.,1.045230263744E-29,-7.909742433469E-30));
#36 = DIRECTION('',(-1.045230263744E-29,-1.,0.));
#37 = DEFINITIONAL_REPRESENTATION('',(#38),#42);
#38 = LINE('',#39,#40);
#39 = CARTESIAN_POINT('',(-1.045404817024,4.302027263912));
#40 = VECTOR('',#41,1.);
#41 = DIRECTION('',(0.,-1.));
#42 = ( GEOMETRIC_REPRESENTATION_CONTEXT(2) 
PARAMETRIC_REPRESENTATION_CONTEXT() REPRESENTATION_CONTEXT('2D SPACE',''
  ) );
#43 = PCURVE('',#44,#49);
#44 = PLANE('',#45);
#45 = AXIS2_PLACEMENT_3D('',#46,#47,#48);
#46 = CARTESIAN_POINT('',(-17.72731683532,-22.70000076293,320.5720300885
    ));
#47 = DIRECTION('',(0.,1.,0.));
#48 = DIRECTION('',(0.,-0.,1.));
#49 = DEFINITIONAL_REPRESENTATION('',(#50),#53);
#50 = B_SPLINE_CURVE_WITH_KNOTS('',1,(#51,#52),.UNSPECIFIED.,.F.,.F.,(2,
    2),(0.,6.398681640625),.PIECEWISE_BEZIER_KNOTS.);
#51 = CARTESIAN_POINT('',(4.426657655632,-5.27268316468));
#52 = CARTESIAN_POINT('',(-1.972023984993,-5.27268316468));
#53 = ( GEOMETRIC_REPRESENTATION_CONTEXT(2) 
PARAMETRIC_REPRESENTATION_CONTEXT() REPRESENTATION_CONTEXT('2D SPACE',''
  ) );
#54 = ORIENTED_EDGE('',*,*,#55,.T.);
#55 = EDGE_CURVE('',#24,#56,#58,.T.);
#56 = VERTEX_POINT('',#57);
#57 = CARTESIAN_POINT('',(-23.,-25.90041542053,317.10000610351));
#58 = SURFACE_CURVE('',#59,(#63,#70),.PCURVE_S1.);
#59 = LINE('',#60,#61);
#60 = CARTESIAN_POINT('',(-23.,-22.70000076293,318.60000610351));
#61 = VECTOR('',#62,1.);
#62 = DIRECTION('',(0.,-0.905480068868,-0.424388789771));
#63 = PCURVE('',#32,#64);
#64 = DEFINITIONAL_REPRESENTATION('',(#65),#69);
#65 = LINE('',#66,#67);
#66 = CARTESIAN_POINT('',(-1.045404817024,-2.096654376713));
#67 = VECTOR('',#68,1.);
#68 = DIRECTION('',(0.905480068868,-0.424388789771));
#69 = ( GEOMETRIC_REPRESENTATION_CONTEXT(2) 
PARAMETRIC_REPRESENTATION_CONTEXT() REPRESENTATION_CONTEXT('2D SPACE',''
  ) );
#70 = PCURVE('',#71,#76);
#71 = PLANE('',#72);
#72 = AXIS2_PLACEMENT_3D('',#73,#74,#75);
#73 = CARTESIAN_POINT('',(-23.,-21.99844353672,318.06658205495));
#74 = DIRECTION('',(-1.,-0.,-0.));
#75 = DIRECTION('',(0.,0.,-1.));
#76 = DEFINITIONAL_REPRESENTATION('',(#77),#80);
#77 = B_SPLINE_CURVE_WITH_KNOTS('',1,(#78,#79),.UNSPECIFIED.,.F.,.F.,(2,
    2),(0.,3.534494869219),.PIECEWISE_BEZIER_KNOTS.);
#78 = CARTESIAN_POINT('',(-0.533424048565,0.701557226214));
#79 = CARTESIAN_POINT('',(0.966575951435,3.901971883807));
#80 = ( GEOMETRIC_REPRESENTATION_CONTEXT(2) 
PARAMETRIC_REPRESENTATION_CONTEXT() REPRESENTATION_CONTEXT('2D SPACE',''
  ) );
#81 = ORIENTED_EDGE('',*,*,#82,.T.);
#82 = EDGE_CURVE('',#56,#22,#83,.T.);
#83 = SURFACE_CURVE('',#84,(#88,#95),.PCURVE_S1.);
#84 = LINE('',#85,#86);
#85 = CARTESIAN_POINT('',(-23.,-25.90041542053,317.10000610351));
#86 = VECTOR('',#87,1.);
#87 = DIRECTION('',(0.,0.375528385849,0.926810893021));
#88 = PCURVE('',#32,#89);
#89 = DEFINITIONAL_REPRESENTATION('',(#90),#94);
#90 = LINE('',#91,#92);
#91 = CARTESIAN_POINT('',(2.155009840568,-3.596654376713));
#92 = VECTOR('',#93,1.);
#93 = DIRECTION('',(-0.375528385849,0.926810893021));
#94 = ( GEOMETRIC_REPRESENTATION_CONTEXT(2) 
PARAMETRIC_REPRESENTATION_CONTEXT() REPRESENTATION_CONTEXT('2D SPACE',''
  ) );
#95 = PCURVE('',#96,#101);
#96 = PLANE('',#97);
#97 = AXIS2_PLACEMENT_3D('',#98,#99,#100);
#98 = CARTESIAN_POINT('',(-23.,-25.05468918461,323.62815212432));
#99 = DIRECTION('',(-1.,-0.,-0.));
#100 = DIRECTION('',(0.,0.,-1.));
#101 = DEFINITIONAL_REPRESENTATION('',(#102),#105);
#102 = B_SPLINE_CURVE_WITH_KNOTS('',1,(#103,#104),.UNSPECIFIED.,.F.,.F.,
  (2,2),(0.,8.522430735446),.PIECEWISE_BEZIER_KNOTS.);
#103 = CARTESIAN_POINT('',(6.52814602081,0.845726235914));
#104 = CARTESIAN_POINT('',(-1.370535619815,-2.354688421678));
#105 = ( GEOMETRIC_REPRESENTATION_CONTEXT(2) 
PARAMETRIC_REPRESENTATION_CONTEXT() REPRESENTATION_CONTEXT('2D SPACE',''
  ) );
#106 = ADVANCED_FACE('',(#107),#96,.T.);
#107 = FACE_BOUND('',#108,.T.);
#108 = EDGE_LOOP('',(#109,#136,#137));
#109 = ORIENTED_EDGE('',*,*,#110,.T.);
#110 = EDGE_CURVE('',#111,#22,#113,.T.);
#111 = VERTEX_POINT('',#112);
#112 = CARTESIAN_POINT('',(-23.,-25.90041542053,330.));
#113 = SURFACE_CURVE('',#114,(#118,#125),.PCURVE_S1.);
#114 = LINE('',#115,#116);
#115 = CARTESIAN_POINT('',(-23.,-25.90041542053,330.));
#116 = VECTOR('',#117,1.);
#117 = DIRECTION('',(0.,0.539002894933,-0.842303911456));
#118 = PCURVE('',#96,#119);
#119 = DEFINITIONAL_REPRESENTATION('',(#120),#124);
#120 = LINE('',#121,#122);
#121 = CARTESIAN_POINT('',(-6.371847875675,0.845726235914));
#122 = VECTOR('',#123,1.);
#123 = DIRECTION('',(0.842303911456,-0.539002894933));
#124 = ( GEOMETRIC_REPRESENTATION_CONTEXT(2) 
PARAMETRIC_REPRESENTATION_CONTEXT() REPRESENTATION_CONTEXT('2D SPACE',''
  ) );
#125 = PCURVE('',#126,#131);
#126 = PLANE('',#127);
#127 = AXIS2_PLACEMENT_3D('',#128,#129,#130);
#128 = CARTESIAN_POINT('',(-23.,-0.632214975061,328.71453715228));
#129 = DIRECTION('',(-1.,-6.004689873691E-31,1.311647211609E-29));
#130 = DIRECTION('',(-1.311647211609E-29,0.,-1.));
#131 = DEFINITIONAL_REPRESENTATION('',(#132),#135);
#132 = B_SPLINE_CURVE_WITH_KNOTS('',1,(#133,#134),.UNSPECIFIED.,.F.,.F.,
  (2,2),(0.,5.937657640951),.PIECEWISE_BEZIER_KNOTS.);
#133 = CARTESIAN_POINT('',(-1.285462847714,25.268200445471));
#134 = CARTESIAN_POINT('',(3.715849408146,22.067785787879));
#135 = ( GEOMETRIC_REPRESENTATION_CONTEXT(2) 
PARAMETRIC_REPRESENTATION_CONTEXT() REPRESENTATION_CONTEXT('2D SPACE',''
  ) );
#136 = ORIENTED_EDGE('',*,*,#82,.F.);
#137 = ORIENTED_EDGE('',*,*,#138,.F.);
#138 = EDGE_CURVE('',#111,#56,#139,.T.);
#139 = SURFACE_CURVE('',#140,(#144,#150),.PCURVE_S1.);
#140 = LINE('',#141,#142);
#141 = CARTESIAN_POINT('',(-23.,-25.90041542053,330.));
#142 = VECTOR('',#143,1.);
#143 = DIRECTION('',(0.,0.,-1.));
#144 = PCURVE('',#96,#145);
#145 = DEFINITIONAL_REPRESENTATION('',(#146),#149);
#146 = B_SPLINE_CURVE_WITH_KNOTS('',1,(#147,#148),.UNSPECIFIED.,.F.,.F.,
  (2,2),(0.,12.899993896484),.PIECEWISE_BEZIER_KNOTS.);
#147 = CARTESIAN_POINT('',(-6.371847875675,0.845726235914));
#148 = CARTESIAN_POINT('',(6.52814602081,0.845726235914));
#149 = ( GEOMETRIC_REPRESENTATION_CONTEXT(2) 
PARAMETRIC_REPRESENTATION_CONTEXT() REPRESENTATION_CONTEXT('2D SPACE',''
  ) );
#150 = PCURVE('',#151,#156);
#151 = PLANE('',#152);
#152 = AXIS2_PLACEMENT_3D('',#153,#154,#155);
#153 = CARTESIAN_POINT('',(-20.61955075862,-25.90041542053,
    324.91955381037));
#154 = DIRECTION('',(2.453055063736E-30,-1.,-2.843943938779E-30));
#155 = DIRECTION('',(0.,2.843943938779E-30,-1.));
#156 = DEFINITIONAL_REPRESENTATION('',(#157),#161);
#157 = LINE('',#158,#159);
#158 = CARTESIAN_POINT('',(-5.080446189622,-2.380449241379));
#159 = VECTOR('',#160,1.);
#160 = DIRECTION('',(1.,-6.976351080001E-60));
#161 = ( GEOMETRIC_REPRESENTATION_CONTEXT(2) 
PARAMETRIC_REPRESENTATION_CONTEXT() REPRESENTATION_CONTEXT('2D SPACE',''
  ) );
#162 = ADVANCED_FACE('',(#163),#175,.T.);
#163 = FACE_BOUND('',#164,.T.);
#164 = EDGE_LOOP('',(#165,#192,#219));
#165 = ORIENTED_EDGE('',*,*,#166,.T.);
#166 = EDGE_CURVE('',#167,#111,#169,.T.);
#167 = VERTEX_POINT('',#168);
#168 = CARTESIAN_POINT('',(-23.,25.876214981079,330.));
#169 = SURFACE_CURVE('',#170,(#174,#186),.PCURVE_S1.);
#170 = LINE('',#171,#172);
#171 = CARTESIAN_POINT('',(-23.,25.876214981079,330.));
#172 = VECTOR('',#173,1.);
#173 = DIRECTION('',(0.,-1.,0.));
#174 = PCURVE('',#175,#180);
#175 = PLANE('',#176);
#176 = AXIS2_PLACEMENT_3D('',#177,#178,#179);
#177 = CARTESIAN_POINT('',(-21.71090625304,0.697186114207,330.));
#178 = DIRECTION('',(6.230381564121E-28,-2.878243642408E-29,1.));
#179 = DIRECTION('',(1.,0.,-6.230381564121E-28));
#180 = DEFINITIONAL_REPRESENTATION('',(#181),#185);
#181 = LINE('',#182,#183);
#182 = CARTESIAN_POINT('',(-1.289093746954,25.179028866872));
#183 = VECTOR('',#184,1.);
#184 = DIRECTION('',(0.,-1.));
#185 = ( GEOMETRIC_REPRESENTATION_CONTEXT(2) 
PARAMETRIC_REPRESENTATION_CONTEXT() REPRESENTATION_CONTEXT('2D SPACE',''
  ) );
#186 = PCURVE('',#126,#187);
#187 = DEFINITIONAL_REPRESENTATION('',(#188),#191);
#188 = B_SPLINE_CURVE_WITH_KNOTS('',1,(#189,#190),.UNSPECIFIED.,.F.,.F.,
  (2,2),(0.,51.776630401611),.PIECEWISE_BEZIER_KNOTS.);
#189 = CARTESIAN_POINT('',(-1.285462847714,-26.50842995614));
#190 = CARTESIAN_POINT('',(-1.285462847714,25.268200445471));
#191 = ( GEOMETRIC_REPRESENTATION_CONTEXT(2) 
PARAMETRIC_REPRESENTATION_CONTEXT() REPRESENTATION_CONTEXT('2D SPACE',''
  ) );
#192 = ORIENTED_EDGE('',*,*,#193,.T.);
#193 = EDGE_CURVE('',#111,#194,#196,.T.);
#194 = VERTEX_POINT('',#195);
#195 = CARTESIAN_POINT('',(-18.,23.376207351685,330.));
#196 = SURFACE_CURVE('',#197,(#201,#208),.PCURVE_S1.);
#197 = LINE('',#198,#199);
#198 = CARTESIAN_POINT('',(-23.,-25.90041542053,330.));
#199 = VECTOR('',#200,1.);
#200 = DIRECTION('',(0.100949647135,0.99489153617,0.));
#201 = PCURVE('',#175,#202);
#202 = DEFINITIONAL_REPRESENTATION('',(#203),#207);
#203 = LINE('',#204,#205);
#204 = CARTESIAN_POINT('',(-1.289093746954,-26.59760153473));
#205 = VECTOR('',#206,1.);
#206 = DIRECTION('',(0.100949647135,0.99489153617));
#207 = ( GEOMETRIC_REPRESENTATION_CONTEXT(2) 
PARAMETRIC_REPRESENTATION_CONTEXT() REPRESENTATION_CONTEXT('2D SPACE',''
  ) );
#208 = PCURVE('',#209,#214);
#209 = PLANE('',#210);
#210 = AXIS2_PLACEMENT_3D('',#211,#212,#213);
#211 = CARTESIAN_POINT('',(-19.35234889795,-1.971391422713,330.));
#212 = DIRECTION('',(0.,0.,1.));
#213 = DIRECTION('',(1.,0.,-0.));
#214 = DEFINITIONAL_REPRESENTATION('',(#215),#218);
#215 = B_SPLINE_CURVE_WITH_KNOTS('',1,(#216,#217),.UNSPECIFIED.,.F.,.F.,
  (2,2),(0.,49.529643162811),.PIECEWISE_BEZIER_KNOTS.);
#216 = CARTESIAN_POINT('',(-3.647651102043,-23.92902399781));
#217 = CARTESIAN_POINT('',(1.352348897957,25.347598774397));
#218 = ( GEOMETRIC_REPRESENTATION_CONTEXT(2) 
PARAMETRIC_REPRESENTATION_CONTEXT() REPRESENTATION_CONTEXT('2D SPACE',''
  ) );
#219 = ORIENTED_EDGE('',*,*,#220,.T.);
#220 = EDGE_CURVE('',#194,#167,#221,.T.);
#221 = SURFACE_CURVE('',#222,(#226,#233),.PCURVE_S1.);
#222 = LINE('',#223,#224);
#223 = CARTESIAN_POINT('',(-18.,23.376207351685,330.));
#224 = VECTOR('',#225,1.);
#225 = DIRECTION('',(-0.894426645085,0.447214687329,0.));
#226 = PCURVE('',#175,#227);
#227 = DEFINITIONAL_REPRESENTATION('',(#228),#232);
#228 = LINE('',#229,#230);
#229 = CARTESIAN_POINT('',(3.710906253046,22.679021237478));
#230 = VECTOR('',#231,1.);
#231 = DIRECTION('',(-0.894426645085,0.447214687329));
#232 = ( GEOMETRIC_REPRESENTATION_CONTEXT(2) 
PARAMETRIC_REPRESENTATION_CONTEXT() REPRESENTATION_CONTEXT('2D SPACE',''
  ) );
#233 = PCURVE('',#234,#239);
#234 = PLANE('',#235);
#235 = AXIS2_PLACEMENT_3D('',#236,#237,#238);
#236 = CARTESIAN_POINT('',(-20.39529019965,24.69000506106,330.));
#237 = DIRECTION('',(0.,0.,1.));
#238 = DIRECTION('',(1.,0.,-0.));
#239 = DEFINITIONAL_REPRESENTATION('',(#240),#243);
#240 = B_SPLINE_CURVE_WITH_KNOTS('',1,(#241,#242),.UNSPECIFIED.,.F.,.F.,
  (2,2),(0.,5.590173355723),.PIECEWISE_BEZIER_KNOTS.);
#241 = CARTESIAN_POINT('',(2.395290199657,-1.313797709376));
#242 = CARTESIAN_POINT('',(-2.604709800343,1.186209920019));
#243 = ( GEOMETRIC_REPRESENTATION_CONTEXT(2) 
PARAMETRIC_REPRESENTATION_CONTEXT() REPRESENTATION_CONTEXT('2D SPACE',''
  ) );
#244 = ADVANCED_FACE('',(#245),#234,.T.);
#245 = FACE_BOUND('',#246,.T.);
#246 = EDGE_LOOP('',(#247,#274,#275));
#247 = ORIENTED_EDGE('',*,*,#248,.T.);
#248 = EDGE_CURVE('',#249,#167,#251,.T.);
#249 = VERTEX_POINT('',#250);
#250 = CARTESIAN_POINT('',(-17.96201896667,23.810329437256,330.));
#251 = SURFACE_CURVE('',#252,(#256,#263),.PCURVE_S1.);
#252 = LINE('',#253,#254);
#253 = CARTESIAN_POINT('',(-17.96201896667,23.810329437256,330.));
#254 = VECTOR('',#255,1.);
#255 = DIRECTION('',(-0.92523170693,0.379402541492,0.));
#256 = PCURVE('',#234,#257);
#257 = DEFINITIONAL_REPRESENTATION('',(#258),#262);
#258 = LINE('',#259,#260);
#259 = CARTESIAN_POINT('',(2.433271232983,-0.879675623804));
#260 = VECTOR('',#261,1.);
#261 = DIRECTION('',(-0.92523170693,0.379402541492));
#262 = ( GEOMETRIC_REPRESENTATION_CONTEXT(2) 
PARAMETRIC_REPRESENTATION_CONTEXT() REPRESENTATION_CONTEXT('2D SPACE',''
  ) );
#263 = PCURVE('',#264,#269);
#264 = PLANE('',#265);
#265 = AXIS2_PLACEMENT_3D('',#266,#267,#268);
#266 = CARTESIAN_POINT('',(-20.35457161017,24.91233532069,330.));
#267 = DIRECTION('',(0.,0.,1.));
#268 = DIRECTION('',(1.,0.,-0.));
#269 = DEFINITIONAL_REPRESENTATION('',(#270),#273);
#270 = B_SPLINE_CURVE_WITH_KNOTS('',1,(#271,#272),.UNSPECIFIED.,.F.,.F.,
  (2,2),(0.,5.445102016705),.PIECEWISE_BEZIER_KNOTS.);
#271 = CARTESIAN_POINT('',(2.392552643501,-1.102005883435));
#272 = CARTESIAN_POINT('',(-2.645428389824,0.963879660389));
#273 = ( GEOMETRIC_REPRESENTATION_CONTEXT(2) 
PARAMETRIC_REPRESENTATION_CONTEXT() REPRESENTATION_CONTEXT('2D SPACE',''
  ) );
#274 = ORIENTED_EDGE('',*,*,#220,.F.);
#275 = ORIENTED_EDGE('',*,*,#276,.F.);
#276 = EDGE_CURVE('',#249,#194,#277,.T.);
#277 = SURFACE_CURVE('',#278,(#282,#288),.PCURVE_S1.);
#278 = LINE('',#279,#280);
#279 = CARTESIAN_POINT('',(-17.96201896667,23.810329437256,330.));
#280 = VECTOR('',#281,1.);
#281 = DIRECTION('',(-8.715636274668E-02,-0.996194643849,0.));
#282 = PCURVE('',#234,#283);
#283 = DEFINITIONAL_REPRESENTATION('',(#284),#287);
#284 = B_SPLINE_CURVE_WITH_KNOTS('',1,(#285,#286),.UNSPECIFIED.,.F.,.F.,
  (2,2),(0.,0.435780385141),.PIECEWISE_BEZIER_KNOTS.);
#285 = CARTESIAN_POINT('',(2.433271232983,-0.879675623804));
#286 = CARTESIAN_POINT('',(2.395290199657,-1.313797709376));
#287 = ( GEOMETRIC_REPRESENTATION_CONTEXT(2) 
PARAMETRIC_REPRESENTATION_CONTEXT() REPRESENTATION_CONTEXT('2D SPACE',''
  ) );
#288 = PCURVE('',#289,#294);
#289 = PLANE('',#290);
#290 = AXIS2_PLACEMENT_3D('',#291,#292,#293);
#291 = CARTESIAN_POINT('',(-17.97202891472,23.69171714714,
    331.89696051631));
#292 = DIRECTION('',(-0.996194625311,8.715636112481E-02,
    1.929186956126E-04));
#293 = DIRECTION('',(-8.715636274668E-02,-0.996194643849,
    3.388131789017E-21));
#294 = DEFINITIONAL_REPRESENTATION('',(#295),#299);
#295 = LINE('',#296,#297);
#296 = CARTESIAN_POINT('',(-0.119033358771,-1.896960551619));
#297 = VECTOR('',#298,1.);
#298 = DIRECTION('',(1.,-6.776263578034E-21));
#299 = ( GEOMETRIC_REPRESENTATION_CONTEXT(2) 
PARAMETRIC_REPRESENTATION_CONTEXT() REPRESENTATION_CONTEXT('2D SPACE',''
  ) );
#300 = ADVANCED_FACE('',(#301),#315,.T.);
#301 = FACE_BOUND('',#302,.T.);
#302 = EDGE_LOOP('',(#303,#337,#364));
#303 = ORIENTED_EDGE('',*,*,#304,.T.);
#304 = EDGE_CURVE('',#305,#307,#309,.T.);
#305 = VERTEX_POINT('',#306);
#306 = CARTESIAN_POINT('',(-15.5,25.867359161377,334.));
#307 = VERTEX_POINT('',#308);
#308 = CARTESIAN_POINT('',(-18.,25.867359161377,334.));
#309 = SURFACE_CURVE('',#310,(#314,#326),.PCURVE_S1.);
#310 = LINE('',#311,#312);
#311 = CARTESIAN_POINT('',(-15.5,25.867359161377,334.));
#312 = VECTOR('',#313,1.);
#313 = DIRECTION('',(-1.,0.,0.));
#314 = PCURVE('',#315,#320);
#315 = PLANE('',#316);
#316 = AXIS2_PLACEMENT_3D('',#317,#318,#319);
#317 = CARTESIAN_POINT('',(-17.31764040586,25.853667799663,
    340.1850923081));
#318 = DIRECTION('',(1.369757891437E-18,0.999997549982,
    2.213601266986E-03));
#319 = DIRECTION('',(3.761581922631E-37,-2.213601266986E-03,
    0.999997549982));
#320 = DEFINITIONAL_REPRESENTATION('',(#321),#325);
#321 = LINE('',#322,#323);
#322 = CARTESIAN_POINT('',(-6.18510746173,1.817640405868));
#323 = VECTOR('',#324,1.);
#324 = DIRECTION('',(0.,-1.));
#325 = ( GEOMETRIC_REPRESENTATION_CONTEXT(2) 
PARAMETRIC_REPRESENTATION_CONTEXT() REPRESENTATION_CONTEXT('2D SPACE',''
  ) );
#326 = PCURVE('',#327,#332);
#327 = PLANE('',#328);
#328 = AXIS2_PLACEMENT_3D('',#329,#330,#331);
#329 = CARTESIAN_POINT('',(-16.74967270069,25.857860092388,334.));
#330 = DIRECTION('',(-0.,-0.,-1.));
#331 = DIRECTION('',(-1.,0.,0.));
#332 = DEFINITIONAL_REPRESENTATION('',(#333),#336);
#333 = B_SPLINE_CURVE_WITH_KNOTS('',1,(#334,#335),.UNSPECIFIED.,.F.,.F.,
  (2,2),(0.,2.5),.PIECEWISE_BEZIER_KNOTS.);
#334 = CARTESIAN_POINT('',(-1.249672700697,9.499068988923E-03));
#335 = CARTESIAN_POINT('',(1.250327299303,9.499068988923E-03));
#336 = ( GEOMETRIC_REPRESENTATION_CONTEXT(2) 
PARAMETRIC_REPRESENTATION_CONTEXT() REPRESENTATION_CONTEXT('2D SPACE',''
  ) );
#337 = ORIENTED_EDGE('',*,*,#338,.T.);
#338 = EDGE_CURVE('',#307,#339,#341,.T.);
#339 = VERTEX_POINT('',#340);
#340 = CARTESIAN_POINT('',(-18.,25.837463378906,347.50546264648));
#341 = SURFACE_CURVE('',#342,(#346,#353),.PCURVE_S1.);
#342 = LINE('',#343,#344);
#343 = CARTESIAN_POINT('',(-18.,25.867359161377,334.));
#344 = VECTOR('',#345,1.);
#345 = DIRECTION('',(0.,-2.213601266986E-03,0.999997549982));
#346 = PCURVE('',#315,#347);
#347 = DEFINITIONAL_REPRESENTATION('',(#348),#352);
#348 = LINE('',#349,#350);
#349 = CARTESIAN_POINT('',(-6.18510746173,-0.682359594132));
#350 = VECTOR('',#351,1.);
#351 = DIRECTION('',(1.,-1.504632769053E-36));
#352 = ( GEOMETRIC_REPRESENTATION_CONTEXT(2) 
PARAMETRIC_REPRESENTATION_CONTEXT() REPRESENTATION_CONTEXT('2D SPACE',''
  ) );
#353 = PCURVE('',#354,#359);
#354 = PLANE('',#355);
#355 = AXIS2_PLACEMENT_3D('',#356,#357,#358);
#356 = CARTESIAN_POINT('',(-18.04897407473,25.820424323962,
    341.13973352598));
#357 = DIRECTION('',(-0.536444650817,0.843933437349,1.868136703136E-03)
  );
#358 = DIRECTION('',(0.843934909989,0.536445586898,1.084202172486E-19));
#359 = DEFINITIONAL_REPRESENTATION('',(#360),#363);
#360 = B_SPLINE_CURVE_WITH_KNOTS('',1,(#361,#362),.UNSPECIFIED.,.F.,.F.,
  (2,2),(0.,13.505495735196),.PIECEWISE_BEZIER_KNOTS.);
#361 = CARTESIAN_POINT('',(6.650891775589E-02,7.139745984623));
#362 = CARTESIAN_POINT('',(5.047145718262E-02,-6.365740228515));
#363 = ( GEOMETRIC_REPRESENTATION_CONTEXT(2) 
PARAMETRIC_REPRESENTATION_CONTEXT() REPRESENTATION_CONTEXT('2D SPACE',''
  ) );
#364 = ORIENTED_EDGE('',*,*,#365,.T.);
#365 = EDGE_CURVE('',#339,#305,#366,.T.);
#366 = SURFACE_CURVE('',#367,(#371,#378),.PCURVE_S1.);
#367 = LINE('',#368,#369);
#368 = CARTESIAN_POINT('',(-18.,25.837463378906,347.50546264648));
#369 = VECTOR('',#370,1.);
#370 = DIRECTION('',(0.182017618699,2.176623653781E-03,-0.983292860135)
  );
#371 = PCURVE('',#315,#372);
#372 = DEFINITIONAL_REPRESENTATION('',(#373),#377);
#373 = LINE('',#374,#375);
#374 = CARTESIAN_POINT('',(7.320388273466,-0.682359594132));
#375 = VECTOR('',#376,1.);
#376 = DIRECTION('',(-0.983295269227,0.182017618699));
#377 = ( GEOMETRIC_REPRESENTATION_CONTEXT(2) 
PARAMETRIC_REPRESENTATION_CONTEXT() REPRESENTATION_CONTEXT('2D SPACE',''
  ) );
#378 = PCURVE('',#379,#384);
#379 = PLANE('',#380);
#380 = AXIS2_PLACEMENT_3D('',#381,#382,#383);
#381 = CARTESIAN_POINT('',(-14.5381161672,25.849118547695,
    342.24022341514));
#382 = DIRECTION('',(-2.053000913468E-19,0.999997549982,
    2.213601266986E-03));
#383 = DIRECTION('',(0.,-2.213601266986E-03,0.999997549982));
#384 = DEFINITIONAL_REPRESENTATION('',(#385),#388);
#385 = B_SPLINE_CURVE_WITH_KNOTS('',1,(#386,#387),.UNSPECIFIED.,.F.,.F.,
  (2,2),(0.,13.734934111724),.PIECEWISE_BEZIER_KNOTS.);
#386 = CARTESIAN_POINT('',(5.265252131304,-3.461883832796));
#387 = CARTESIAN_POINT('',(-8.240243603892,-0.961883832796));
#388 = ( GEOMETRIC_REPRESENTATION_CONTEXT(2) 
PARAMETRIC_REPRESENTATION_CONTEXT() REPRESENTATION_CONTEXT('2D SPACE',''
  ) );
#389 = ADVANCED_FACE('',(#390),#379,.T.);
#390 = FACE_BOUND('',#391,.T.);
#391 = EDGE_LOOP('',(#392,#419,#420));
#392 = ORIENTED_EDGE('',*,*,#393,.T.);
#393 = EDGE_CURVE('',#394,#305,#396,.T.);
#394 = VERTEX_POINT('',#395);
#395 = CARTESIAN_POINT('',(-10.,25.837463378906,347.50546264648));
#396 = SURFACE_CURVE('',#397,(#401,#408),.PCURVE_S1.);
#397 = LINE('',#398,#399);
#398 = CARTESIAN_POINT('',(-10.,25.837463378906,347.50546264648));
#399 = VECTOR('',#400,1.);
#400 = DIRECTION('',(-0.377165199731,2.050117957575E-03,-0.926143730275)
  );
#401 = PCURVE('',#379,#402);
#402 = DEFINITIONAL_REPRESENTATION('',(#403),#407);
#403 = LINE('',#404,#405);
#404 = CARTESIAN_POINT('',(5.265252131304,4.538116167204));
#405 = VECTOR('',#406,1.);
#406 = DIRECTION('',(-0.92614599935,-0.377165199731));
#407 = ( GEOMETRIC_REPRESENTATION_CONTEXT(2) 
PARAMETRIC_REPRESENTATION_CONTEXT() REPRESENTATION_CONTEXT('2D SPACE',''
  ) );
#408 = PCURVE('',#409,#414);
#409 = PLANE('',#410);
#410 = AXIS2_PLACEMENT_3D('',#411,#412,#413);
#411 = CARTESIAN_POINT('',(-11.41770929459,25.87100336153,
    332.35386546203));
#412 = DIRECTION('',(-6.432725686409E-08,0.999997549924,
    2.213627463658E-03));
#413 = DIRECTION('',(2.584939414228E-26,-2.213627463658E-03,
    0.999997549924));
#414 = DEFINITIONAL_REPRESENTATION('',(#415),#418);
#415 = B_SPLINE_CURVE_WITH_KNOTS('',1,(#416,#417),.UNSPECIFIED.,.F.,.F.,
  (2,2),(0.,14.58246944291),.PIECEWISE_BEZIER_KNOTS.);
#416 = CARTESIAN_POINT('',(15.15163430691,1.417709294593));
#417 = CARTESIAN_POINT('',(1.646138571714,-4.082290705407));
#418 = ( GEOMETRIC_REPRESENTATION_CONTEXT(2) 
PARAMETRIC_REPRESENTATION_CONTEXT() REPRESENTATION_CONTEXT('2D SPACE',''
  ) );
#419 = ORIENTED_EDGE('',*,*,#365,.F.);
#420 = ORIENTED_EDGE('',*,*,#421,.F.);
#421 = EDGE_CURVE('',#394,#339,#422,.T.);
#422 = SURFACE_CURVE('',#423,(#427,#433),.PCURVE_S1.);
#423 = LINE('',#424,#425);
#424 = CARTESIAN_POINT('',(-10.,25.837463378906,347.50546264648));
#425 = VECTOR('',#426,1.);
#426 = DIRECTION('',(-1.,0.,0.));
#427 = PCURVE('',#379,#428);
#428 = DEFINITIONAL_REPRESENTATION('',(#429),#432);
#429 = B_SPLINE_CURVE_WITH_KNOTS('',1,(#430,#431),.UNSPECIFIED.,.F.,.F.,
  (2,2),(0.,8.),.PIECEWISE_BEZIER_KNOTS.);
#430 = CARTESIAN_POINT('',(5.265252131304,4.538116167204));
#431 = CARTESIAN_POINT('',(5.265252131304,-3.461883832796));
#432 = ( GEOMETRIC_REPRESENTATION_CONTEXT(2) 
PARAMETRIC_REPRESENTATION_CONTEXT() REPRESENTATION_CONTEXT('2D SPACE',''
  ) );
#433 = PCURVE('',#434,#439);
#434 = PLANE('',#435);
#435 = AXIS2_PLACEMENT_3D('',#436,#437,#438);
#436 = CARTESIAN_POINT('',(-14.05248644986,25.835334105021,
    347.55596610476));
#437 = DIRECTION('',(6.554147690305E-20,0.999112410183,
    4.212353045764E-02));
#438 = DIRECTION('',(0.,-4.212353045764E-02,0.999112410183));
#439 = DEFINITIONAL_REPRESENTATION('',(#440),#444);
#440 = LINE('',#441,#442);
#441 = CARTESIAN_POINT('',(-5.05483244581E-02,4.05248644986));
#442 = VECTOR('',#443,1.);
#443 = DIRECTION('',(0.,-1.));
#444 = ( GEOMETRIC_REPRESENTATION_CONTEXT(2) 
PARAMETRIC_REPRESENTATION_CONTEXT() REPRESENTATION_CONTEXT('2D SPACE',''
  ) );
#445 = ADVANCED_FACE('',(#446),#460,.T.);
#446 = FACE_BOUND('',#447,.T.);
#447 = EDGE_LOOP('',(#448,#482,#509));
#448 = ORIENTED_EDGE('',*,*,#449,.T.);
#449 = EDGE_CURVE('',#450,#452,#454,.T.);
#450 = VERTEX_POINT('',#451);
#451 = CARTESIAN_POINT('',(-10.,23.410308837891,314.59448242187));
#452 = VERTEX_POINT('',#453);
#453 = CARTESIAN_POINT('',(-10.,23.844345092773,314.63342285156));
#454 = SURFACE_CURVE('',#455,(#459,#471),.PCURVE_S1.);
#455 = LINE('',#456,#457);
#456 = CARTESIAN_POINT('',(-10.,23.410308837891,314.59448242187));
#457 = VECTOR('',#458,1.);
#458 = DIRECTION('',(0.,0.995999564077,8.935809061433E-02));
#459 = PCURVE('',#460,#465);
#460 = PLANE('',#461);
#461 = AXIS2_PLACEMENT_3D('',#462,#463,#464);
#462 = CARTESIAN_POINT('',(-10.,23.839338872894,314.6614429815));
#463 = DIRECTION('',(1.,0.,0.));
#464 = DIRECTION('',(-0.,0.,1.));
#465 = DEFINITIONAL_REPRESENTATION('',(#466),#470);
#466 = LINE('',#467,#468);
#467 = CARTESIAN_POINT('',(-6.696055962925E-02,0.429030035003));
#468 = VECTOR('',#469,1.);
#469 = DIRECTION('',(8.935809061433E-02,-0.995999564077));
#470 = ( GEOMETRIC_REPRESENTATION_CONTEXT(2) 
PARAMETRIC_REPRESENTATION_CONTEXT() REPRESENTATION_CONTEXT('2D SPACE',''
  ) );
#471 = PCURVE('',#472,#477);
#472 = PLANE('',#473);
#473 = AXIS2_PLACEMENT_3D('',#474,#475,#476);
#474 = CARTESIAN_POINT('',(-13.14470301138,23.732202720087,
    314.62336177456));
#475 = DIRECTION('',(-3.553546011234E-19,8.935809061433E-02,
    -0.995999564077));
#476 = DIRECTION('',(-6.01853107621E-36,-0.995999564077,
    -8.935809061433E-02));
#477 = DEFINITIONAL_REPRESENTATION('',(#478),#481);
#478 = B_SPLINE_CURVE_WITH_KNOTS('',1,(#479,#480),.UNSPECIFIED.,.F.,.F.,
  (2,2),(0.,0.435779563102),.PIECEWISE_BEZIER_KNOTS.);
#479 = CARTESIAN_POINT('',(0.323186770161,-3.144703011389));
#480 = CARTESIAN_POINT('',(-0.11259279294,-3.144703011389));
#481 = ( GEOMETRIC_REPRESENTATION_CONTEXT(2) 
PARAMETRIC_REPRESENTATION_CONTEXT() REPRESENTATION_CONTEXT('2D SPACE',''
  ) );
#482 = ORIENTED_EDGE('',*,*,#483,.T.);
#483 = EDGE_CURVE('',#452,#484,#486,.T.);
#484 = VERTEX_POINT('',#485);
#485 = CARTESIAN_POINT('',(-10.,24.265024185181,314.74713134765));
#486 = SURFACE_CURVE('',#487,(#491,#498),.PCURVE_S1.);
#487 = LINE('',#488,#489);
#488 = CARTESIAN_POINT('',(-10.,23.844345092773,314.63342285156));
#489 = VECTOR('',#490,1.);
#490 = DIRECTION('',(0.,0.9653567782,0.260933498774));
#491 = PCURVE('',#460,#492);
#492 = DEFINITIONAL_REPRESENTATION('',(#493),#497);
#493 = LINE('',#494,#495);
#494 = CARTESIAN_POINT('',(-2.802012994175E-02,-5.006219879686E-03));
#495 = VECTOR('',#496,1.);
#496 = DIRECTION('',(0.260933498774,-0.9653567782));
#497 = ( GEOMETRIC_REPRESENTATION_CONTEXT(2) 
PARAMETRIC_REPRESENTATION_CONTEXT() REPRESENTATION_CONTEXT('2D SPACE',''
  ) );
#498 = PCURVE('',#499,#504);
#499 = PLANE('',#500);
#500 = AXIS2_PLACEMENT_3D('',#501,#502,#503);
#501 = CARTESIAN_POINT('',(-13.14470389645,23.953036331706,
    314.6628018189));
#502 = DIRECTION('',(3.046192991849E-18,0.260933498774,-0.9653567782));
#503 = DIRECTION('',(0.,-0.9653567782,-0.260933498774));
#504 = DEFINITIONAL_REPRESENTATION('',(#505),#508);
#505 = B_SPLINE_CURVE_WITH_KNOTS('',1,(#506,#507),.UNSPECIFIED.,.F.,.F.,
  (2,2),(0.,0.435775769029),.PIECEWISE_BEZIER_KNOTS.);
#506 = CARTESIAN_POINT('',(0.112591780973,-3.144703896459));
#507 = CARTESIAN_POINT('',(-0.323183988055,-3.144703896459));
#508 = ( GEOMETRIC_REPRESENTATION_CONTEXT(2) 
PARAMETRIC_REPRESENTATION_CONTEXT() REPRESENTATION_CONTEXT('2D SPACE',''
  ) );
#509 = ORIENTED_EDGE('',*,*,#510,.T.);
#510 = EDGE_CURVE('',#484,#450,#511,.T.);
#511 = SURFACE_CURVE('',#512,(#516,#523),.PCURVE_S1.);
#512 = LINE('',#513,#514);
#513 = CARTESIAN_POINT('',(-10.,24.265024185181,314.74713134765));
#514 = VECTOR('',#515,1.);
#515 = DIRECTION('',(0.,-0.984423352698,-0.17581428458));
#516 = PCURVE('',#460,#517);
#517 = DEFINITIONAL_REPRESENTATION('',(#518),#522);
#518 = LINE('',#519,#520);
#519 = CARTESIAN_POINT('',(8.5688366152E-02,-0.425685312287));
#520 = VECTOR('',#521,1.);
#521 = DIRECTION('',(-0.17581428458,0.984423352698));
#522 = ( GEOMETRIC_REPRESENTATION_CONTEXT(2) 
PARAMETRIC_REPRESENTATION_CONTEXT() REPRESENTATION_CONTEXT('2D SPACE',''
  ) );
#523 = PCURVE('',#524,#529);
#524 = PLANE('',#525);
#525 = AXIS2_PLACEMENT_3D('',#526,#527,#528);
#526 = CARTESIAN_POINT('',(-10.,24.040694279656,314.7452167513));
#527 = DIRECTION('',(1.,0.,0.));
#528 = DIRECTION('',(-0.,0.,1.));
#529 = DEFINITIONAL_REPRESENTATION('',(#530),#533);
#530 = B_SPLINE_CURVE_WITH_KNOTS('',1,(#531,#532),.UNSPECIFIED.,.F.,.F.,
  (2,2),(0.,0.86823960946),.PIECEWISE_BEZIER_KNOTS.);
#531 = CARTESIAN_POINT('',(1.914596355334E-03,-0.224329905524));
#532 = CARTESIAN_POINT('',(-0.150734329426,0.630385441766));
#533 = ( GEOMETRIC_REPRESENTATION_CONTEXT(2) 
PARAMETRIC_REPRESENTATION_CONTEXT() REPRESENTATION_CONTEXT('2D SPACE',''
  ) );
#534 = ADVANCED_FACE('',(#535),#524,.T.);
#535 = FACE_BOUND('',#536,.T.);
#536 = EDGE_LOOP('',(#537,#564,#565));
#537 = ORIENTED_EDGE('',*,*,#538,.T.);
#538 = EDGE_CURVE('',#539,#450,#541,.T.);
#539 = VERTEX_POINT('',#540);
#540 = CARTESIAN_POINT('',(-10.,24.659564971924,314.9321899414));
#541 = SURFACE_CURVE('',#542,(#546,#553),.PCURVE_S1.);
#542 = LINE('',#543,#544);
#543 = CARTESIAN_POINT('',(-10.,24.659564971924,314.9321899414));
#544 = VECTOR('',#545,1.);
#545 = DIRECTION('',(0.,-0.965349626072,-0.260959957546));
#546 = PCURVE('',#524,#547);
#547 = DEFINITIONAL_REPRESENTATION('',(#548),#552);
#548 = LINE('',#549,#550);
#549 = CARTESIAN_POINT('',(0.186973190105,-0.618870692268));
#550 = VECTOR('',#551,1.);
#551 = DIRECTION('',(-0.260959957546,0.965349626072));
#552 = ( GEOMETRIC_REPRESENTATION_CONTEXT(2) 
PARAMETRIC_REPRESENTATION_CONTEXT() REPRESENTATION_CONTEXT('2D SPACE',''
  ) );
#553 = PCURVE('',#554,#559);
#554 = PLANE('',#555);
#555 = AXIS2_PLACEMENT_3D('',#556,#557,#558);
#556 = CARTESIAN_POINT('',(-10.,24.225231175167,314.8629306232));
#557 = DIRECTION('',(1.,-3.062054836431E-26,8.957491345238E-26));
#558 = DIRECTION('',(-8.957491345238E-26,0.,1.));
#559 = DEFINITIONAL_REPRESENTATION('',(#560),#563);
#560 = B_SPLINE_CURVE_WITH_KNOTS('',1,(#561,#562),.UNSPECIFIED.,.F.,.F.,
  (2,2),(0.,1.294097081817),.PIECEWISE_BEZIER_KNOTS.);
#561 = CARTESIAN_POINT('',(6.92593182003E-02,-0.434333796757));
#562 = CARTESIAN_POINT('',(-0.268448201331,0.814922337276));
#563 = ( GEOMETRIC_REPRESENTATION_CONTEXT(2) 
PARAMETRIC_REPRESENTATION_CONTEXT() REPRESENTATION_CONTEXT('2D SPACE',''
  ) );
#564 = ORIENTED_EDGE('',*,*,#510,.F.);
#565 = ORIENTED_EDGE('',*,*,#566,.T.);
#566 = EDGE_CURVE('',#484,#539,#567,.T.);
#567 = SURFACE_CURVE('',#568,(#572,#579),.PCURVE_S1.);
#568 = LINE('',#569,#570);
#569 = CARTESIAN_POINT('',(-10.,24.265024185181,314.74713134765));
#570 = VECTOR('',#571,1.);
#571 = DIRECTION('',(0.,0.905355200732,0.424655107713));
#572 = PCURVE('',#524,#573);
#573 = DEFINITIONAL_REPRESENTATION('',(#574),#578);
#574 = LINE('',#575,#576);
#575 = CARTESIAN_POINT('',(1.914596355334E-03,-0.224329905524));
#576 = VECTOR('',#577,1.);
#577 = DIRECTION('',(0.424655107713,-0.905355200732));
#578 = ( GEOMETRIC_REPRESENTATION_CONTEXT(2) 
PARAMETRIC_REPRESENTATION_CONTEXT() REPRESENTATION_CONTEXT('2D SPACE',''
  ) );
#579 = PCURVE('',#580,#585);
#580 = PLANE('',#581);
#581 = AXIS2_PLACEMENT_3D('',#582,#583,#584);
#582 = CARTESIAN_POINT('',(-13.14470159606,24.366962120923,
    314.79494513946));
#583 = DIRECTION('',(1.424972460717E-18,0.424655107713,-0.905355200732)
  );
#584 = DIRECTION('',(0.,-0.905355200732,-0.424655107713));
#585 = DEFINITIONAL_REPRESENTATION('',(#586),#589);
#586 = B_SPLINE_CURVE_WITH_KNOTS('',1,(#587,#588),.UNSPECIFIED.,.F.,.F.,
  (2,2),(0.,0.435785630241),.PIECEWISE_BEZIER_KNOTS.);
#587 = CARTESIAN_POINT('',(0.112594411188,-3.144701596067));
#588 = CARTESIAN_POINT('',(-0.323191219053,-3.144701596067));
#589 = ( GEOMETRIC_REPRESENTATION_CONTEXT(2) 
PARAMETRIC_REPRESENTATION_CONTEXT() REPRESENTATION_CONTEXT('2D SPACE',''
  ) );
#590 = ADVANCED_FACE('',(#591),#554,.T.);
#591 = FACE_BOUND('',#592,.T.);
#592 = EDGE_LOOP('',(#593,#620,#621));
#593 = ORIENTED_EDGE('',*,*,#594,.T.);
#594 = EDGE_CURVE('',#595,#450,#597,.T.);
#595 = VERTEX_POINT('',#596);
#596 = CARTESIAN_POINT('',(-10.,25.015979766846,315.18292236328));
#597 = SURFACE_CURVE('',#598,(#602,#609),.PCURVE_S1.);
#598 = LINE('',#599,#600);
#599 = CARTESIAN_POINT('',(-10.,25.015979766846,315.18292236328));
#600 = VECTOR('',#601,1.);
#601 = DIRECTION('',(0.,-0.938934149746,-0.34409687944));
#602 = PCURVE('',#554,#603);
#603 = DEFINITIONAL_REPRESENTATION('',(#604),#608);
#604 = LINE('',#605,#606);
#605 = CARTESIAN_POINT('',(0.319991740075,-0.790748591679));
#606 = VECTOR('',#607,1.);
#607 = DIRECTION('',(-0.34409687944,0.938934149746));
#608 = ( GEOMETRIC_REPRESENTATION_CONTEXT(2) 
PARAMETRIC_REPRESENTATION_CONTEXT() REPRESENTATION_CONTEXT('2D SPACE',''
  ) );
#609 = PCURVE('',#610,#615);
#610 = PLANE('',#611);
#611 = AXIS2_PLACEMENT_3D('',#612,#613,#614);
#612 = CARTESIAN_POINT('',(-10.,24.387295039242,315.01122311117));
#613 = DIRECTION('',(1.,0.,0.));
#614 = DIRECTION('',(-0.,0.,1.));
#615 = DEFINITIONAL_REPRESENTATION('',(#616),#619);
#616 = B_SPLINE_CURVE_WITH_KNOTS('',1,(#617,#618),.UNSPECIFIED.,.F.,.F.,
  (2,2),(0.,1.710099616026),.PIECEWISE_BEZIER_KNOTS.);
#617 = CARTESIAN_POINT('',(0.171699252107,-0.628684727603));
#618 = CARTESIAN_POINT('',(-0.4167406893,0.976986201352));
#619 = ( GEOMETRIC_REPRESENTATION_CONTEXT(2) 
PARAMETRIC_REPRESENTATION_CONTEXT() REPRESENTATION_CONTEXT('2D SPACE',''
  ) );
#620 = ORIENTED_EDGE('',*,*,#538,.F.);
#621 = ORIENTED_EDGE('',*,*,#622,.T.);
#622 = EDGE_CURVE('',#539,#595,#623,.T.);
#623 = SURFACE_CURVE('',#624,(#628,#635),.PCURVE_S1.);
#624 = LINE('',#625,#626);
#625 = CARTESIAN_POINT('',(-10.,24.659564971924,314.9321899414));
#626 = VECTOR('',#627,1.);
#627 = DIRECTION('',(0.,0.817890640342,0.575373705031));
#628 = PCURVE('',#554,#629);
#629 = DEFINITIONAL_REPRESENTATION('',(#630),#634);
#630 = LINE('',#631,#632);
#631 = CARTESIAN_POINT('',(6.92593182003E-02,-0.434333796757));
#632 = VECTOR('',#633,1.);
#633 = DIRECTION('',(0.575373705031,-0.817890640342));
#634 = ( GEOMETRIC_REPRESENTATION_CONTEXT(2) 
PARAMETRIC_REPRESENTATION_CONTEXT() REPRESENTATION_CONTEXT('2D SPACE',''
  ) );
#635 = PCURVE('',#636,#641);
#636 = PLANE('',#637);
#637 = AXIS2_PLACEMENT_3D('',#638,#639,#640);
#638 = CARTESIAN_POINT('',(-13.14470450336,24.751652168214,
    314.99697189231));
#639 = DIRECTION('',(2.456152277698E-18,0.575373705031,-0.817890640342)
  );
#640 = DIRECTION('',(0.,-0.817890640342,-0.575373705031));
#641 = DEFINITIONAL_REPRESENTATION('',(#642),#645);
#642 = B_SPLINE_CURVE_WITH_KNOTS('',1,(#643,#644),.UNSPECIFIED.,.F.,.F.,
  (2,2),(0.,0.435773167392),.PIECEWISE_BEZIER_KNOTS.);
#643 = CARTESIAN_POINT('',(0.112591087057,-3.144704503361));
#644 = CARTESIAN_POINT('',(-0.323182080335,-3.144704503361));
#645 = ( GEOMETRIC_REPRESENTATION_CONTEXT(2) 
PARAMETRIC_REPRESENTATION_CONTEXT() REPRESENTATION_CONTEXT('2D SPACE',''
  ) );
#646 = ADVANCED_FACE('',(#647),#610,.T.);
#647 = FACE_BOUND('',#648,.T.);
#648 = EDGE_LOOP('',(#649,#650,#677));
#649 = ORIENTED_EDGE('',*,*,#594,.F.);
#650 = ORIENTED_EDGE('',*,*,#651,.T.);
#651 = EDGE_CURVE('',#595,#652,#654,.T.);
#652 = VERTEX_POINT('',#653);
#653 = CARTESIAN_POINT('',(-10.,25.323438644409,315.4917602539));
#654 = SURFACE_CURVE('',#655,(#659,#666),.PCURVE_S1.);
#655 = LINE('',#656,#657);
#656 = CARTESIAN_POINT('',(-10.,25.015979766846,315.18292236328));
#657 = VECTOR('',#658,1.);
#658 = DIRECTION('',(0.,0.705522807304,0.708687214766));
#659 = PCURVE('',#610,#660);
#660 = DEFINITIONAL_REPRESENTATION('',(#661),#665);
#661 = LINE('',#662,#663);
#662 = CARTESIAN_POINT('',(0.171699252107,-0.628684727603));
#663 = VECTOR('',#664,1.);
#664 = DIRECTION('',(0.708687214766,-0.705522807304));
#665 = ( GEOMETRIC_REPRESENTATION_CONTEXT(2) 
PARAMETRIC_REPRESENTATION_CONTEXT() REPRESENTATION_CONTEXT('2D SPACE',''
  ) );
#666 = PCURVE('',#667,#672);
#667 = PLANE('',#668);
#668 = AXIS2_PLACEMENT_3D('',#669,#670,#671);
#669 = CARTESIAN_POINT('',(-13.14470087647,25.095418272393,
    315.26271716602));
#670 = DIRECTION('',(-2.331268837975E-18,0.708687214766,-0.705522807304)
  );
#671 = DIRECTION('',(-1.925929944387E-34,0.705522807304,0.708687214766)
  );
#672 = DEFINITIONAL_REPRESENTATION('',(#673),#676);
#673 = B_SPLINE_CURVE_WITH_KNOTS('',1,(#674,#675),.UNSPECIFIED.,.F.,.F.,
  (2,2),(0.,0.435788714951),.PIECEWISE_BEZIER_KNOTS.);
#674 = CARTESIAN_POINT('',(-0.112595233952,3.144700876477));
#675 = CARTESIAN_POINT('',(0.323193480998,3.144700876477));
#676 = ( GEOMETRIC_REPRESENTATION_CONTEXT(2) 
PARAMETRIC_REPRESENTATION_CONTEXT() REPRESENTATION_CONTEXT('2D SPACE',''
  ) );
#677 = ORIENTED_EDGE('',*,*,#678,.T.);
#678 = EDGE_CURVE('',#652,#450,#679,.T.);
#679 = SURFACE_CURVE('',#680,(#684,#691),.PCURVE_S1.);
#680 = LINE('',#681,#682);
#681 = CARTESIAN_POINT('',(-10.,25.323438644409,315.4917602539));
#682 = VECTOR('',#683,1.);
#683 = DIRECTION('',(0.,-0.90536830158,-0.424627175879));
#684 = PCURVE('',#610,#685);
#685 = DEFINITIONAL_REPRESENTATION('',(#686),#690);
#686 = LINE('',#687,#688);
#687 = CARTESIAN_POINT('',(0.480537142732,-0.936143605167));
#688 = VECTOR('',#689,1.);
#689 = DIRECTION('',(-0.424627175879,0.90536830158));
#690 = ( GEOMETRIC_REPRESENTATION_CONTEXT(2) 
PARAMETRIC_REPRESENTATION_CONTEXT() REPRESENTATION_CONTEXT('2D SPACE',''
  ) );
#691 = PCURVE('',#692,#697);
#692 = PLANE('',#693);
#693 = AXIS2_PLACEMENT_3D('',#694,#695,#696);
#694 = CARTESIAN_POINT('',(-10.,24.521876266921,315.18578573704));
#695 = DIRECTION('',(1.,-6.230904832499E-27,1.160047874365E-26));
#696 = DIRECTION('',(-1.160047874365E-26,0.,1.));
#697 = DEFINITIONAL_REPRESENTATION('',(#698),#701);
#698 = B_SPLINE_CURVE_WITH_KNOTS('',1,(#699,#700),.UNSPECIFIED.,.F.,.F.,
  (2,2),(0.,2.113095635423),.PIECEWISE_BEZIER_KNOTS.);
#699 = CARTESIAN_POINT('',(0.305974516858,-0.801562377488));
#700 = CARTESIAN_POINT('',(-0.591303315173,1.111567429031));
#701 = ( GEOMETRIC_REPRESENTATION_CONTEXT(2) 
PARAMETRIC_REPRESENTATION_CONTEXT() REPRESENTATION_CONTEXT('2D SPACE',''
  ) );
#702 = ADVANCED_FACE('',(#703),#692,.T.);
#703 = FACE_BOUND('',#704,.T.);
#704 = EDGE_LOOP('',(#705,#732,#733));
#705 = ORIENTED_EDGE('',*,*,#706,.T.);
#706 = EDGE_CURVE('',#707,#450,#709,.T.);
#707 = VERTEX_POINT('',#708);
#708 = CARTESIAN_POINT('',(-10.,25.572601318359,315.84927368164));
#709 = SURFACE_CURVE('',#710,(#714,#721),.PCURVE_S1.);
#710 = LINE('',#711,#712);
#711 = CARTESIAN_POINT('',(-10.,25.572601318359,315.84927368164));
#712 = VECTOR('',#713,1.);
#713 = DIRECTION('',(0.,-0.864916308788,-0.501916107325));
#714 = PCURVE('',#692,#715);
#715 = DEFINITIONAL_REPRESENTATION('',(#716),#720);
#716 = LINE('',#717,#718);
#717 = CARTESIAN_POINT('',(0.663487944592,-1.050725051438));
#718 = VECTOR('',#719,1.);
#719 = DIRECTION('',(-0.501916107325,0.864916308788));
#720 = ( GEOMETRIC_REPRESENTATION_CONTEXT(2) 
PARAMETRIC_REPRESENTATION_CONTEXT() REPRESENTATION_CONTEXT('2D SPACE',''
  ) );
#721 = PCURVE('',#722,#727);
#722 = PLANE('',#723);
#723 = AXIS2_PLACEMENT_3D('',#724,#725,#726);
#724 = CARTESIAN_POINT('',(-10.,23.804308515752,316.50464274632));
#725 = DIRECTION('',(1.,3.613664247342E-29,5.08730955055E-29));
#726 = DIRECTION('',(-5.08730955055E-29,0.,1.));
#727 = DEFINITIONAL_REPRESENTATION('',(#728),#731);
#728 = B_SPLINE_CURVE_WITH_KNOTS('',1,(#729,#730),.UNSPECIFIED.,.F.,.F.,
  (2,2),(0.,2.500001975334),.PIECEWISE_BEZIER_KNOTS.);
#729 = CARTESIAN_POINT('',(-0.65536906468,-1.768292802607));
#730 = CARTESIAN_POINT('',(-1.910160324446,0.393999677862));
#731 = ( GEOMETRIC_REPRESENTATION_CONTEXT(2) 
PARAMETRIC_REPRESENTATION_CONTEXT() REPRESENTATION_CONTEXT('2D SPACE',''
  ) );
#732 = ORIENTED_EDGE('',*,*,#678,.F.);
#733 = ORIENTED_EDGE('',*,*,#734,.T.);
#734 = EDGE_CURVE('',#652,#707,#735,.T.);
#735 = SURFACE_CURVE('',#736,(#740,#747),.PCURVE_S1.);
#736 = LINE('',#737,#738);
#737 = CARTESIAN_POINT('',(-10.,25.323438644409,315.4917602539));
#738 = VECTOR('',#739,1.);
#739 = DIRECTION('',(0.,0.571772040142,0.820412538978));
#740 = PCURVE('',#692,#741);
#741 = DEFINITIONAL_REPRESENTATION('',(#742),#746);
#742 = LINE('',#743,#744);
#743 = CARTESIAN_POINT('',(0.305974516858,-0.801562377488));
#744 = VECTOR('',#745,1.);
#745 = DIRECTION('',(0.820412538978,-0.571772040142));
#746 = ( GEOMETRIC_REPRESENTATION_CONTEXT(2) 
PARAMETRIC_REPRESENTATION_CONTEXT() REPRESENTATION_CONTEXT('2D SPACE',''
  ) );
#747 = PCURVE('',#748,#753);
#748 = PLANE('',#749);
#749 = AXIS2_PLACEMENT_3D('',#750,#751,#752);
#750 = CARTESIAN_POINT('',(-13.14470460087,25.387815016208,
    315.58413130203));
#751 = DIRECTION('',(3.394123795831E-18,0.820412538978,-0.571772040142)
  );
#752 = DIRECTION('',(0.,0.571772040142,0.820412538978));
#753 = DEFINITIONAL_REPRESENTATION('',(#754),#757);
#754 = B_SPLINE_CURVE_WITH_KNOTS('',1,(#755,#756),.UNSPECIFIED.,.F.,.F.,
  (2,2),(0.,0.435772749378),.PIECEWISE_BEZIER_KNOTS.);
#755 = CARTESIAN_POINT('',(-0.112590975563,3.144704600874));
#756 = CARTESIAN_POINT('',(0.323181773815,3.144704600874));
#757 = ( GEOMETRIC_REPRESENTATION_CONTEXT(2) 
PARAMETRIC_REPRESENTATION_CONTEXT() REPRESENTATION_CONTEXT('2D SPACE',''
  ) );
#758 = ADVANCED_FACE('',(#759),#722,.T.);
#759 = FACE_BOUND('',#760,.T.);
#760 = EDGE_LOOP('',(#761,#788,#789));
#761 = ORIENTED_EDGE('',*,*,#762,.T.);
#762 = EDGE_CURVE('',#763,#450,#765,.T.);
#763 = VERTEX_POINT('',#764);
#764 = CARTESIAN_POINT('',(-10.,22.701457977295,318.59292602539));
#765 = SURFACE_CURVE('',#766,(#770,#777),.PCURVE_S1.);
#766 = LINE('',#767,#768);
#767 = CARTESIAN_POINT('',(-10.,22.701457977295,318.59292602539));
#768 = VECTOR('',#769,1.);
#769 = DIRECTION('',(0.,0.174559813534,-0.984646571872));
#770 = PCURVE('',#722,#771);
#771 = DEFINITIONAL_REPRESENTATION('',(#772),#776);
#772 = LINE('',#773,#774);
#773 = CARTESIAN_POINT('',(2.08828327907,1.102850538457));
#774 = VECTOR('',#775,1.);
#775 = DIRECTION('',(-0.984646571872,-0.174559813534));
#776 = ( GEOMETRIC_REPRESENTATION_CONTEXT(2) 
PARAMETRIC_REPRESENTATION_CONTEXT() REPRESENTATION_CONTEXT('2D SPACE',''
  ) );
#777 = PCURVE('',#778,#783);
#778 = PLANE('',#779);
#779 = AXIS2_PLACEMENT_3D('',#780,#781,#782);
#780 = CARTESIAN_POINT('',(-10.,21.179686643404,315.89867743982));
#781 = DIRECTION('',(1.,-3.089474116761E-30,8.787377679662E-30));
#782 = DIRECTION('',(-8.787377679662E-30,0.,1.));
#783 = DEFINITIONAL_REPRESENTATION('',(#784),#787);
#784 = B_SPLINE_CURVE_WITH_KNOTS('',1,(#785,#786),.UNSPECIFIED.,.F.,.F.,
  (2,2),(0.,4.060790661074),.PIECEWISE_BEZIER_KNOTS.);
#785 = CARTESIAN_POINT('',(2.69424858557,-1.521771333891));
#786 = CARTESIAN_POINT('',(-1.304195017946,-2.230622194487));
#787 = ( GEOMETRIC_REPRESENTATION_CONTEXT(2) 
PARAMETRIC_REPRESENTATION_CONTEXT() REPRESENTATION_CONTEXT('2D SPACE',''
  ) );
#788 = ORIENTED_EDGE('',*,*,#706,.F.);
#789 = ORIENTED_EDGE('',*,*,#790,.T.);
#790 = EDGE_CURVE('',#707,#763,#791,.T.);
#791 = SURFACE_CURVE('',#792,(#796,#803),.PCURVE_S1.);
#792 = LINE('',#793,#794);
#793 = CARTESIAN_POINT('',(-10.,25.572601318359,315.84927368164));
#794 = VECTOR('',#795,1.);
#795 = DIRECTION('',(0.,-0.722976180033,0.690872957283));
#796 = PCURVE('',#722,#797);
#797 = DEFINITIONAL_REPRESENTATION('',(#798),#802);
#798 = LINE('',#799,#800);
#799 = CARTESIAN_POINT('',(-0.65536906468,-1.768292802607));
#800 = VECTOR('',#801,1.);
#801 = DIRECTION('',(0.690872957283,0.722976180033));
#802 = ( GEOMETRIC_REPRESENTATION_CONTEXT(2) 
PARAMETRIC_REPRESENTATION_CONTEXT() REPRESENTATION_CONTEXT('2D SPACE',''
  ) );
#803 = PCURVE('',#804,#809);
#804 = PLANE('',#805);
#805 = AXIS2_PLACEMENT_3D('',#806,#807,#808);
#806 = CARTESIAN_POINT('',(-10.,24.260351496187,317.25136007511));
#807 = DIRECTION('',(1.,0.,0.));
#808 = DIRECTION('',(-0.,0.,1.));
#809 = DEFINITIONAL_REPRESENTATION('',(#810),#813);
#810 = B_SPLINE_CURVE_WITH_KNOTS('',1,(#811,#812),.UNSPECIFIED.,.F.,.F.,
  (2,2),(0.,3.971283453533),.PIECEWISE_BEZIER_KNOTS.);
#811 = CARTESIAN_POINT('',(-1.402086393472,-1.312249822172));
#812 = CARTESIAN_POINT('',(1.341565950278,1.558893518893));
#813 = ( GEOMETRIC_REPRESENTATION_CONTEXT(2) 
PARAMETRIC_REPRESENTATION_CONTEXT() REPRESENTATION_CONTEXT('2D SPACE',''
  ) );
#814 = ADVANCED_FACE('',(#815),#804,.T.);
#815 = FACE_BOUND('',#816,.T.);
#816 = EDGE_LOOP('',(#817,#844,#845));
#817 = ORIENTED_EDGE('',*,*,#818,.T.);
#818 = EDGE_CURVE('',#819,#763,#821,.T.);
#819 = VERTEX_POINT('',#820);
#820 = CARTESIAN_POINT('',(-10.,25.755893707275,316.24462890625));
#821 = SURFACE_CURVE('',#822,(#826,#833),.PCURVE_S1.);
#822 = LINE('',#823,#824);
#823 = CARTESIAN_POINT('',(-10.,25.755893707275,316.24462890625));
#824 = VECTOR('',#825,1.);
#825 = DIRECTION('',(0.,-0.792783115854,0.609503840199));
#826 = PCURVE('',#804,#827);
#827 = DEFINITIONAL_REPRESENTATION('',(#828),#832);
#828 = LINE('',#829,#830);
#829 = CARTESIAN_POINT('',(-1.006731168862,-1.495542211088));
#830 = VECTOR('',#831,1.);
#831 = DIRECTION('',(0.609503840199,0.792783115854));
#832 = ( GEOMETRIC_REPRESENTATION_CONTEXT(2) 
PARAMETRIC_REPRESENTATION_CONTEXT() REPRESENTATION_CONTEXT('2D SPACE',''
  ) );
#833 = PCURVE('',#834,#839);
#834 = PLANE('',#835);
#835 = AXIS2_PLACEMENT_3D('',#836,#837,#838);
#836 = CARTESIAN_POINT('',(-10.,24.34089282261,317.46388874407));
#837 = DIRECTION('',(1.,5.408469531152E-27,7.898125678604E-27));
#838 = DIRECTION('',(-7.898125678604E-27,0.,1.));
#839 = DEFINITIONAL_REPRESENTATION('',(#840),#843);
#840 = B_SPLINE_CURVE_WITH_KNOTS('',1,(#841,#842),.UNSPECIFIED.,.F.,.F.,
  (2,2),(0.,3.852801187233),.PIECEWISE_BEZIER_KNOTS.);
#841 = CARTESIAN_POINT('',(-1.21925983782,-1.415000884666));
#842 = CARTESIAN_POINT('',(1.129037281321,1.639434845315));
#843 = ( GEOMETRIC_REPRESENTATION_CONTEXT(2) 
PARAMETRIC_REPRESENTATION_CONTEXT() REPRESENTATION_CONTEXT('2D SPACE',''
  ) );
#844 = ORIENTED_EDGE('',*,*,#790,.F.);
#845 = ORIENTED_EDGE('',*,*,#846,.T.);
#846 = EDGE_CURVE('',#707,#819,#847,.T.);
#847 = SURFACE_CURVE('',#848,(#852,#859),.PCURVE_S1.);
#848 = LINE('',#849,#850);
#849 = CARTESIAN_POINT('',(-10.,25.572601318359,315.84927368164));
#850 = VECTOR('',#851,1.);
#851 = DIRECTION('',(0.,0.420610228558,0.907241442854));
#852 = PCURVE('',#804,#853);
#853 = DEFINITIONAL_REPRESENTATION('',(#854),#858);
#854 = LINE('',#855,#856);
#855 = CARTESIAN_POINT('',(-1.402086393472,-1.312249822172));
#856 = VECTOR('',#857,1.);
#857 = DIRECTION('',(0.907241442854,-0.420610228558));
#858 = ( GEOMETRIC_REPRESENTATION_CONTEXT(2) 
PARAMETRIC_REPRESENTATION_CONTEXT() REPRESENTATION_CONTEXT('2D SPACE',''
  ) );
#859 = PCURVE('',#860,#865);
#860 = PLANE('',#861);
#861 = AXIS2_PLACEMENT_3D('',#862,#863,#864);
#862 = CARTESIAN_POINT('',(-13.14470353978,25.619958744619,
    315.95142198145));
#863 = DIRECTION('',(1.491950912719E-18,0.907241442854,-0.420610228558)
  );
#864 = DIRECTION('',(0.,0.420610228558,0.907241442854));
#865 = DEFINITIONAL_REPRESENTATION('',(#866),#869);
#866 = B_SPLINE_CURVE_WITH_KNOTS('',1,(#867,#868),.UNSPECIFIED.,.F.,.F.,
  (2,2),(0.,0.43577729801),.PIECEWISE_BEZIER_KNOTS.);
#867 = CARTESIAN_POINT('',(-0.112592188788,3.144703539783));
#868 = CARTESIAN_POINT('',(0.323185109222,3.144703539783));
#869 = ( GEOMETRIC_REPRESENTATION_CONTEXT(2) 
PARAMETRIC_REPRESENTATION_CONTEXT() REPRESENTATION_CONTEXT('2D SPACE',''
  ) );
#870 = ADVANCED_FACE('',(#871),#834,.T.);
#871 = FACE_BOUND('',#872,.T.);
#872 = EDGE_LOOP('',(#873,#900,#901));
#873 = ORIENTED_EDGE('',*,*,#874,.T.);
#874 = EDGE_CURVE('',#875,#763,#877,.T.);
#875 = VERTEX_POINT('',#876);
#876 = CARTESIAN_POINT('',(-10.,25.867750167847,316.66580200195));
#877 = SURFACE_CURVE('',#878,(#882,#889),.PCURVE_S1.);
#878 = LINE('',#879,#880);
#879 = CARTESIAN_POINT('',(-10.,25.867750167847,316.66580200195));
#880 = VECTOR('',#881,1.);
#881 = DIRECTION('',(0.,-0.854220634039,0.519910673464));
#882 = PCURVE('',#834,#883);
#883 = DEFINITIONAL_REPRESENTATION('',(#884),#888);
#884 = LINE('',#885,#886);
#885 = CARTESIAN_POINT('',(-0.798086742117,-1.526857345237));
#886 = VECTOR('',#887,1.);
#887 = DIRECTION('',(0.519910673464,0.854220634039));
#888 = ( GEOMETRIC_REPRESENTATION_CONTEXT(2) 
PARAMETRIC_REPRESENTATION_CONTEXT() REPRESENTATION_CONTEXT('2D SPACE',''
  ) );
#889 = PCURVE('',#890,#895);
#890 = PLANE('',#891);
#891 = AXIS2_PLACEMENT_3D('',#892,#893,#894);
#892 = CARTESIAN_POINT('',(-10.,24.384047856231,317.68693850911));
#893 = DIRECTION('',(1.,-5.347122512856E-28,-9.953852332147E-28));
#894 = DIRECTION('',(9.953852332147E-28,0.,1.));
#895 = DEFINITIONAL_REPRESENTATION('',(#896),#899);
#896 = B_SPLINE_CURVE_WITH_KNOTS('',1,(#897,#898),.UNSPECIFIED.,.F.,.F.,
  (2,2),(0.,3.70664447144),.PIECEWISE_BEZIER_KNOTS.);
#897 = CARTESIAN_POINT('',(-1.021136507163,-1.483702311616));
#898 = CARTESIAN_POINT('',(0.905987516275,1.682589878936));
#899 = ( GEOMETRIC_REPRESENTATION_CONTEXT(2) 
PARAMETRIC_REPRESENTATION_CONTEXT() REPRESENTATION_CONTEXT('2D SPACE',''
  ) );
#900 = ORIENTED_EDGE('',*,*,#818,.F.);
#901 = ORIENTED_EDGE('',*,*,#902,.T.);
#902 = EDGE_CURVE('',#819,#875,#903,.T.);
#903 = SURFACE_CURVE('',#904,(#908,#915),.PCURVE_S1.);
#904 = LINE('',#905,#906);
#905 = CARTESIAN_POINT('',(-10.,25.755893707275,316.24462890625));
#906 = VECTOR('',#907,1.);
#907 = DIRECTION('',(0.,0.25668479341,0.966495171655));
#908 = PCURVE('',#834,#909);
#909 = DEFINITIONAL_REPRESENTATION('',(#910),#914);
#910 = LINE('',#911,#912);
#911 = CARTESIAN_POINT('',(-1.21925983782,-1.415000884666));
#912 = VECTOR('',#913,1.);
#913 = DIRECTION('',(0.966495171655,-0.25668479341));
#914 = ( GEOMETRIC_REPRESENTATION_CONTEXT(2) 
PARAMETRIC_REPRESENTATION_CONTEXT() REPRESENTATION_CONTEXT('2D SPACE',''
  ) );
#915 = PCURVE('',#916,#921);
#916 = PLANE('',#917);
#917 = AXIS2_PLACEMENT_3D('',#918,#919,#920);
#918 = CARTESIAN_POINT('',(-13.14470439873,25.784794157903,
    316.35344776388));
#919 = DIRECTION('',(-1.093393984819E-18,0.966495171655,-0.25668479341)
  );
#920 = DIRECTION('',(0.,0.25668479341,0.966495171655));
#921 = DEFINITIONAL_REPRESENTATION('',(#922),#925);
#922 = B_SPLINE_CURVE_WITH_KNOTS('',1,(#923,#924),.UNSPECIFIED.,.F.,.F.,
  (2,2),(0.,0.435773615901),.PIECEWISE_BEZIER_KNOTS.);
#923 = CARTESIAN_POINT('',(-0.112591206685,3.144704398734));
#924 = CARTESIAN_POINT('',(0.323182409217,3.144704398734));
#925 = ( GEOMETRIC_REPRESENTATION_CONTEXT(2) 
PARAMETRIC_REPRESENTATION_CONTEXT() REPRESENTATION_CONTEXT('2D SPACE',''
  ) );
#926 = ADVANCED_FACE('',(#927),#890,.T.);
#927 = FACE_BOUND('',#928,.T.);
#928 = EDGE_LOOP('',(#929,#930,#957));
#929 = ORIENTED_EDGE('',*,*,#874,.F.);
#930 = ORIENTED_EDGE('',*,*,#931,.T.);
#931 = EDGE_CURVE('',#875,#932,#934,.T.);
#932 = VERTEX_POINT('',#933);
#933 = CARTESIAN_POINT('',(-10.,25.904769897461,317.10000610351));
#934 = SURFACE_CURVE('',#935,(#939,#946),.PCURVE_S1.);
#935 = LINE('',#936,#937);
#936 = CARTESIAN_POINT('',(-10.,25.867750167847,316.66580200195));
#937 = VECTOR('',#938,1.);
#938 = DIRECTION('',(0.,8.495062383025E-02,0.996385162229));
#939 = PCURVE('',#890,#940);
#940 = DEFINITIONAL_REPRESENTATION('',(#941),#945);
#941 = LINE('',#942,#943);
#942 = CARTESIAN_POINT('',(-1.021136507163,-1.483702311616));
#943 = VECTOR('',#944,1.);
#944 = DIRECTION('',(0.996385162229,-8.495062383025E-02));
#945 = ( GEOMETRIC_REPRESENTATION_CONTEXT(2) 
PARAMETRIC_REPRESENTATION_CONTEXT() REPRESENTATION_CONTEXT('2D SPACE',''
  ) );
#946 = PCURVE('',#947,#952);
#947 = PLANE('',#948);
#948 = AXIS2_PLACEMENT_3D('',#949,#950,#951);
#949 = CARTESIAN_POINT('',(-13.14470305566,25.877314991545,
    316.77798773977));
#950 = DIRECTION('',(-3.736988081975E-19,0.996385162229,
    -8.495062383025E-02));
#951 = DIRECTION('',(0.,8.495062383025E-02,0.996385162229));
#952 = DEFINITIONAL_REPRESENTATION('',(#953),#956);
#953 = B_SPLINE_CURVE_WITH_KNOTS('',1,(#954,#955),.UNSPECIFIED.,.F.,.F.,
  (2,2),(0.,0.435779373301),.PIECEWISE_BEZIER_KNOTS.);
#954 = CARTESIAN_POINT('',(-0.112592742316,3.144703055666));
#955 = CARTESIAN_POINT('',(0.323186630985,3.144703055666));
#956 = ( GEOMETRIC_REPRESENTATION_CONTEXT(2) 
PARAMETRIC_REPRESENTATION_CONTEXT() REPRESENTATION_CONTEXT('2D SPACE',''
  ) );
#957 = ORIENTED_EDGE('',*,*,#958,.T.);
#958 = EDGE_CURVE('',#932,#763,#959,.T.);
#959 = SURFACE_CURVE('',#960,(#964,#971),.PCURVE_S1.);
#960 = LINE('',#961,#962);
#961 = CARTESIAN_POINT('',(-10.,25.904769897461,317.10000610351));
#962 = VECTOR('',#963,1.);
#963 = DIRECTION('',(0.,-0.906395441047,0.422430236193));
#964 = PCURVE('',#890,#965);
#965 = DEFINITIONAL_REPRESENTATION('',(#966),#970);
#966 = LINE('',#967,#968);
#967 = CARTESIAN_POINT('',(-0.5869324056,-1.52072204123));
#968 = VECTOR('',#969,1.);
#969 = DIRECTION('',(0.422430236193,0.906395441047));
#970 = ( GEOMETRIC_REPRESENTATION_CONTEXT(2) 
PARAMETRIC_REPRESENTATION_CONTEXT() REPRESENTATION_CONTEXT('2D SPACE',''
  ) );
#971 = PCURVE('',#972,#977);
#972 = PLANE('',#973);
#973 = AXIS2_PLACEMENT_3D('',#974,#975,#976);
#974 = CARTESIAN_POINT('',(-10.,23.759470552522,320.50303847213));
#975 = DIRECTION('',(1.,0.,0.));
#976 = DIRECTION('',(-0.,0.,1.));
#977 = DEFINITIONAL_REPRESENTATION('',(#978),#981);
#978 = B_SPLINE_CURVE_WITH_KNOTS('',1,(#979,#980),.UNSPECIFIED.,.F.,.F.,
  (2,2),(0.,3.534121835903),.PIECEWISE_BEZIER_KNOTS.);
#979 = CARTESIAN_POINT('',(-3.403032368621,-2.145299344939));
#980 = CARTESIAN_POINT('',(-1.910112446746,1.058012575227));
#981 = ( GEOMETRIC_REPRESENTATION_CONTEXT(2) 
PARAMETRIC_REPRESENTATION_CONTEXT() REPRESENTATION_CONTEXT('2D SPACE',''
  ) );
#982 = ADVANCED_FACE('',(#983),#972,.T.);
#983 = FACE_BOUND('',#984,.T.);
#984 = EDGE_LOOP('',(#985,#1012,#1013));
#985 = ORIENTED_EDGE('',*,*,#986,.T.);
#986 = EDGE_CURVE('',#987,#763,#989,.T.);
#987 = VERTEX_POINT('',#988);
#988 = CARTESIAN_POINT('',(-10.,22.701457977295,324.5989074707));
#989 = SURFACE_CURVE('',#990,(#994,#1001),.PCURVE_S1.);
#990 = LINE('',#991,#992);
#991 = CARTESIAN_POINT('',(-10.,22.701457977295,324.5989074707));
#992 = VECTOR('',#993,1.);
#993 = DIRECTION('',(0.,0.,-1.));
#994 = PCURVE('',#972,#995);
#995 = DEFINITIONAL_REPRESENTATION('',(#996),#1000);
#996 = LINE('',#997,#998);
#997 = CARTESIAN_POINT('',(4.095868998567,1.058012575227));
#998 = VECTOR('',#999,1.);
#999 = DIRECTION('',(-1.,0.));
#1000 = ( GEOMETRIC_REPRESENTATION_CONTEXT(2) 
PARAMETRIC_REPRESENTATION_CONTEXT() REPRESENTATION_CONTEXT('2D SPACE',''
  ) );
#1001 = PCURVE('',#1002,#1007);
#1002 = PLANE('',#1003);
#1003 = AXIS2_PLACEMENT_3D('',#1004,#1005,#1006);
#1004 = CARTESIAN_POINT('',(-15.32858680533,22.701457977295,
    320.42450355338));
#1005 = DIRECTION('',(-3.266349471566E-30,-1.,1.312512776342E-29));
#1006 = DIRECTION('',(0.,-1.312512776342E-29,-1.));
#1007 = DEFINITIONAL_REPRESENTATION('',(#1008),#1011);
#1008 = B_SPLINE_CURVE_WITH_KNOTS('',1,(#1009,#1010),.UNSPECIFIED.,.F.,
  .F.,(2,2),(0.,6.005981445312),.PIECEWISE_BEZIER_KNOTS.);
#1009 = CARTESIAN_POINT('',(-4.174403917317,5.328586805339));
#1010 = CARTESIAN_POINT('',(1.831577527996,5.328586805339));
#1011 = ( GEOMETRIC_REPRESENTATION_CONTEXT(2) 
PARAMETRIC_REPRESENTATION_CONTEXT() REPRESENTATION_CONTEXT('2D SPACE',''
  ) );
#1012 = ORIENTED_EDGE('',*,*,#958,.F.);
#1013 = ORIENTED_EDGE('',*,*,#1014,.T.);
#1014 = EDGE_CURVE('',#932,#987,#1015,.T.);
#1015 = SURFACE_CURVE('',#1016,(#1020,#1027),.PCURVE_S1.);
#1016 = LINE('',#1017,#1018);
#1017 = CARTESIAN_POINT('',(-10.,25.904769897461,317.10000610351));
#1018 = VECTOR('',#1019,1.);
#1019 = DIRECTION('',(0.,-0.392830879876,0.919610732765));
#1020 = PCURVE('',#972,#1021);
#1021 = DEFINITIONAL_REPRESENTATION('',(#1022),#1026);
#1022 = LINE('',#1023,#1024);
#1023 = CARTESIAN_POINT('',(-3.403032368621,-2.145299344939));
#1024 = VECTOR('',#1025,1.);
#1025 = DIRECTION('',(0.919610732765,0.392830879876));
#1026 = ( GEOMETRIC_REPRESENTATION_CONTEXT(2) 
PARAMETRIC_REPRESENTATION_CONTEXT() REPRESENTATION_CONTEXT('2D SPACE',''
  ) );
#1027 = PCURVE('',#1028,#1033);
#1028 = PLANE('',#1029);
#1029 = AXIS2_PLACEMENT_3D('',#1030,#1031,#1032);
#1030 = CARTESIAN_POINT('',(-10.,24.265389473264,321.04167450578));
#1031 = DIRECTION('',(1.,7.589566951102E-27,3.156539946374E-27));
#1032 = DIRECTION('',(-7.589566951102E-27,1.,0.));
#1033 = DEFINITIONAL_REPRESENTATION('',(#1034),#1037);
#1034 = B_SPLINE_CURVE_WITH_KNOTS('',1,(#1035,#1036),.UNSPECIFIED.,.F.,
  .F.,(2,2),(0.,8.154430021325),.PIECEWISE_BEZIER_KNOTS.);
#1035 = CARTESIAN_POINT('',(1.639380424197,-3.941668402267));
#1036 = CARTESIAN_POINT('',(-1.563931495969,3.557232964921));
#1037 = ( GEOMETRIC_REPRESENTATION_CONTEXT(2) 
PARAMETRIC_REPRESENTATION_CONTEXT() REPRESENTATION_CONTEXT('2D SPACE',''
  ) );
#1038 = ADVANCED_FACE('',(#1039),#1028,.T.);
#1039 = FACE_BOUND('',#1040,.T.);
#1040 = EDGE_LOOP('',(#1041,#1068,#1069));
#1041 = ORIENTED_EDGE('',*,*,#1042,.T.);
#1042 = EDGE_CURVE('',#1043,#987,#1045,.T.);
#1043 = VERTEX_POINT('',#1044);
#1044 = CARTESIAN_POINT('',(-10.,22.700572967529,324.99868774414));
#1045 = SURFACE_CURVE('',#1046,(#1050,#1057),.PCURVE_S1.);
#1046 = LINE('',#1047,#1048);
#1047 = CARTESIAN_POINT('',(-10.,22.700572967529,324.99868774414));
#1048 = VECTOR('',#1049,1.);
#1049 = DIRECTION('',(0.,2.213735033655E-03,-0.999997549686));
#1050 = PCURVE('',#1028,#1051);
#1051 = DEFINITIONAL_REPRESENTATION('',(#1052),#1056);
#1052 = LINE('',#1053,#1054);
#1053 = CARTESIAN_POINT('',(-1.564816505735,3.957013238358));
#1054 = VECTOR('',#1055,1.);
#1055 = DIRECTION('',(2.213735033655E-03,-0.999997549686));
#1056 = ( GEOMETRIC_REPRESENTATION_CONTEXT(2) 
PARAMETRIC_REPRESENTATION_CONTEXT() REPRESENTATION_CONTEXT('2D SPACE',''
  ) );
#1057 = PCURVE('',#1058,#1063);
#1058 = PLANE('',#1059);
#1059 = AXIS2_PLACEMENT_3D('',#1060,#1061,#1062);
#1060 = CARTESIAN_POINT('',(-16.4015911029,22.701233323635,
    324.70038895146));
#1061 = DIRECTION('',(-6.450651112179E-21,-0.999997549686,
    -2.213735033655E-03));
#1062 = DIRECTION('',(2.938735877056E-39,2.213735033655E-03,
    -0.999997549686));
#1063 = DEFINITIONAL_REPRESENTATION('',(#1064),#1067);
#1064 = B_SPLINE_CURVE_WITH_KNOTS('',1,(#1065,#1066),.UNSPECIFIED.,.F.,
  .F.,(2,2),(0.,0.399781253027),.PIECEWISE_BEZIER_KNOTS.);
#1065 = CARTESIAN_POINT('',(-0.298299523606,6.401591102907));
#1066 = CARTESIAN_POINT('',(0.101481729421,6.401591102907));
#1067 = ( GEOMETRIC_REPRESENTATION_CONTEXT(2) 
PARAMETRIC_REPRESENTATION_CONTEXT() REPRESENTATION_CONTEXT('2D SPACE',''
  ) );
#1068 = ORIENTED_EDGE('',*,*,#1014,.F.);
#1069 = ORIENTED_EDGE('',*,*,#1070,.T.);
#1070 = EDGE_CURVE('',#932,#1043,#1071,.T.);
#1071 = SURFACE_CURVE('',#1072,(#1076,#1083),.PCURVE_S1.);
#1072 = LINE('',#1073,#1074);
#1073 = CARTESIAN_POINT('',(-10.,25.904769897461,317.10000610351));
#1074 = VECTOR('',#1075,1.);
#1075 = DIRECTION('',(0.,-0.375909506937,0.926656377841));
#1076 = PCURVE('',#1028,#1077);
#1077 = DEFINITIONAL_REPRESENTATION('',(#1078),#1082);
#1078 = LINE('',#1079,#1080);
#1079 = CARTESIAN_POINT('',(1.639380424197,-3.941668402267));
#1080 = VECTOR('',#1081,1.);
#1081 = DIRECTION('',(-0.375909506937,0.926656377841));
#1082 = ( GEOMETRIC_REPRESENTATION_CONTEXT(2) 
PARAMETRIC_REPRESENTATION_CONTEXT() REPRESENTATION_CONTEXT('2D SPACE',''
  ) );
#1083 = PCURVE('',#1084,#1089);
#1084 = PLANE('',#1085);
#1085 = AXIS2_PLACEMENT_3D('',#1086,#1087,#1088);
#1086 = CARTESIAN_POINT('',(-10.,25.063771819261,332.20256038268));
#1087 = DIRECTION('',(1.,5.611167850048E-30,-7.938694088819E-32));
#1088 = DIRECTION('',(-5.611167850048E-30,1.,0.));
#1089 = DEFINITIONAL_REPRESENTATION('',(#1090),#1093);
#1090 = B_SPLINE_CURVE_WITH_KNOTS('',1,(#1091,#1092),.UNSPECIFIED.,.F.,
  .F.,(2,2),(0.,8.523851806885),.PIECEWISE_BEZIER_KNOTS.);
#1091 = CARTESIAN_POINT('',(0.8409980782,-15.10255427916));
#1092 = CARTESIAN_POINT('',(-2.363198851731,-7.203872638542));
#1093 = ( GEOMETRIC_REPRESENTATION_CONTEXT(2) 
PARAMETRIC_REPRESENTATION_CONTEXT() REPRESENTATION_CONTEXT('2D SPACE',''
  ) );
#1094 = ADVANCED_FACE('',(#1095),#1084,.T.);
#1095 = FACE_BOUND('',#1096,.T.);
#1096 = EDGE_LOOP('',(#1097,#1122,#1123));
#1097 = ORIENTED_EDGE('',*,*,#1098,.T.);
#1098 = EDGE_CURVE('',#394,#1043,#1099,.T.);
#1099 = SURFACE_CURVE('',#1100,(#1104,#1111),.PCURVE_S1.);
#1100 = LINE('',#1101,#1102);
#1101 = CARTESIAN_POINT('',(-10.,25.837463378906,347.50546264648));
#1102 = VECTOR('',#1103,1.);
#1103 = DIRECTION('',(0.,-0.138041075179,-0.990426504877));
#1104 = PCURVE('',#1084,#1105);
#1105 = DEFINITIONAL_REPRESENTATION('',(#1106),#1110);
#1106 = LINE('',#1107,#1108);
#1107 = CARTESIAN_POINT('',(0.773691559646,15.302902263802));
#1108 = VECTOR('',#1109,1.);
#1109 = DIRECTION('',(-0.138041075179,-0.990426504877));
#1110 = ( GEOMETRIC_REPRESENTATION_CONTEXT(2) 
PARAMETRIC_REPRESENTATION_CONTEXT() REPRESENTATION_CONTEXT('2D SPACE',''
  ) );
#1111 = PCURVE('',#1112,#1117);
#1112 = PLANE('',#1113);
#1113 = AXIS2_PLACEMENT_3D('',#1114,#1115,#1116);
#1114 = CARTESIAN_POINT('',(-10.,23.681155988987,337.72168751464));
#1115 = DIRECTION('',(1.,7.660453452002E-30,-1.024874151545E-31));
#1116 = DIRECTION('',(-7.660453452002E-30,1.,0.));
#1117 = DEFINITIONAL_REPRESENTATION('',(#1118),#1121);
#1118 = B_SPLINE_CURVE_WITH_KNOTS('',1,(#1119,#1120),.UNSPECIFIED.,.F.,
  .F.,(2,2),(0.,22.724326127693),.PIECEWISE_BEZIER_KNOTS.);
#1119 = CARTESIAN_POINT('',(2.156307389919,9.783775131841));
#1120 = CARTESIAN_POINT('',(-0.980583021458,-12.7229997705));
#1121 = ( GEOMETRIC_REPRESENTATION_CONTEXT(2) 
PARAMETRIC_REPRESENTATION_CONTEXT() REPRESENTATION_CONTEXT('2D SPACE',''
  ) );
#1122 = ORIENTED_EDGE('',*,*,#1070,.F.);
#1123 = ORIENTED_EDGE('',*,*,#1124,.T.);
#1124 = EDGE_CURVE('',#932,#394,#1125,.T.);
#1125 = SURFACE_CURVE('',#1126,(#1130,#1137),.PCURVE_S1.);
#1126 = LINE('',#1127,#1128);
#1127 = CARTESIAN_POINT('',(-10.,25.904769897461,317.10000610351));
#1128 = VECTOR('',#1129,1.);
#1129 = DIRECTION('',(0.,-2.213627463658E-03,0.999997549924));
#1130 = PCURVE('',#1084,#1131);
#1131 = DEFINITIONAL_REPRESENTATION('',(#1132),#1136);
#1132 = LINE('',#1133,#1134);
#1133 = CARTESIAN_POINT('',(0.8409980782,-15.10255427916));
#1134 = VECTOR('',#1135,1.);
#1135 = DIRECTION('',(-2.213627463658E-03,0.999997549924));
#1136 = ( GEOMETRIC_REPRESENTATION_CONTEXT(2) 
PARAMETRIC_REPRESENTATION_CONTEXT() REPRESENTATION_CONTEXT('2D SPACE',''
  ) );
#1137 = PCURVE('',#409,#1138);
#1138 = DEFINITIONAL_REPRESENTATION('',(#1139),#1142);
#1139 = B_SPLINE_CURVE_WITH_KNOTS('',1,(#1140,#1141),.UNSPECIFIED.,.F.,
  .F.,(2,2),(0.,30.405531038839),.PIECEWISE_BEZIER_KNOTS.);
#1140 = CARTESIAN_POINT('',(-15.25389673192,1.417709294593));
#1141 = CARTESIAN_POINT('',(15.15163430691,1.417709294593));
#1142 = ( GEOMETRIC_REPRESENTATION_CONTEXT(2) 
PARAMETRIC_REPRESENTATION_CONTEXT() REPRESENTATION_CONTEXT('2D SPACE',''
  ) );
#1143 = ADVANCED_FACE('',(#1144),#1112,.T.);
#1144 = FACE_BOUND('',#1145,.T.);
#1145 = EDGE_LOOP('',(#1146,#1173,#1174));
#1146 = ORIENTED_EDGE('',*,*,#1147,.T.);
#1147 = EDGE_CURVE('',#1148,#1043,#1150,.T.);
#1148 = VERTEX_POINT('',#1149);
#1149 = CARTESIAN_POINT('',(-10.,23.337472915649,349.99993896484));
#1150 = SURFACE_CURVE('',#1151,(#1155,#1162),.PCURVE_S1.);
#1151 = LINE('',#1152,#1153);
#1152 = CARTESIAN_POINT('',(-10.,23.337472915649,349.99993896484));
#1153 = VECTOR('',#1154,1.);
#1154 = DIRECTION('',(0.,-2.546646090854E-02,-0.999675677092));
#1155 = PCURVE('',#1112,#1156);
#1156 = DEFINITIONAL_REPRESENTATION('',(#1157),#1161);
#1157 = LINE('',#1158,#1159);
#1158 = CARTESIAN_POINT('',(-0.343683073338,12.2782514502));
#1159 = VECTOR('',#1160,1.);
#1160 = DIRECTION('',(-2.546646090854E-02,-0.999675677092));
#1161 = ( GEOMETRIC_REPRESENTATION_CONTEXT(2) 
PARAMETRIC_REPRESENTATION_CONTEXT() REPRESENTATION_CONTEXT('2D SPACE',''
  ) );
#1162 = PCURVE('',#1163,#1168);
#1163 = PLANE('',#1164);
#1164 = AXIS2_PLACEMENT_3D('',#1165,#1166,#1167);
#1165 = CARTESIAN_POINT('',(-10.,4.824198613944,332.87761370824));
#1166 = DIRECTION('',(1.,-1.567553632904E-31,5.386996179852E-31));
#1167 = DIRECTION('',(-5.386996179852E-31,0.,1.));
#1168 = DEFINITIONAL_REPRESENTATION('',(#1169),#1172);
#1169 = B_SPLINE_CURVE_WITH_KNOTS('',1,(#1170,#1171),.UNSPECIFIED.,.F.,
  .F.,(2,2),(0.,25.009362329828),.PIECEWISE_BEZIER_KNOTS.);
#1170 = CARTESIAN_POINT('',(17.122325256599,-18.5132743017));
#1171 = CARTESIAN_POINT('',(-7.878925964104,-17.87637435358));
#1172 = ( GEOMETRIC_REPRESENTATION_CONTEXT(2) 
PARAMETRIC_REPRESENTATION_CONTEXT() REPRESENTATION_CONTEXT('2D SPACE',''
  ) );
#1173 = ORIENTED_EDGE('',*,*,#1098,.F.);
#1174 = ORIENTED_EDGE('',*,*,#1175,.T.);
#1175 = EDGE_CURVE('',#394,#1148,#1176,.T.);
#1176 = SURFACE_CURVE('',#1177,(#1181,#1188),.PCURVE_S1.);
#1177 = LINE('',#1178,#1179);
#1178 = CARTESIAN_POINT('',(-10.,25.837463378906,347.50546264648));
#1179 = VECTOR('',#1180,1.);
#1180 = DIRECTION('',(0.,-0.707887031541,0.70632566892));
#1181 = PCURVE('',#1112,#1182);
#1182 = DEFINITIONAL_REPRESENTATION('',(#1183),#1187);
#1183 = LINE('',#1184,#1185);
#1184 = CARTESIAN_POINT('',(2.156307389919,9.783775131841));
#1185 = VECTOR('',#1186,1.);
#1186 = DIRECTION('',(-0.707887031541,0.70632566892));
#1187 = ( GEOMETRIC_REPRESENTATION_CONTEXT(2) 
PARAMETRIC_REPRESENTATION_CONTEXT() REPRESENTATION_CONTEXT('2D SPACE',''
  ) );
#1188 = PCURVE('',#1189,#1194);
#1189 = PLANE('',#1190);
#1190 = AXIS2_PLACEMENT_3D('',#1191,#1192,#1193);
#1191 = CARTESIAN_POINT('',(-10.,24.653400160728,348.78715149144));
#1192 = DIRECTION('',(1.,0.,0.));
#1193 = DIRECTION('',(-0.,0.,1.));
#1194 = DEFINITIONAL_REPRESENTATION('',(#1195),#1198);
#1195 = B_SPLINE_CURVE_WITH_KNOTS('',1,(#1196,#1197),.UNSPECIFIED.,.F.,
  .F.,(2,2),(0.,3.531623482087),.PIECEWISE_BEZIER_KNOTS.);
#1196 = CARTESIAN_POINT('',(-1.281688844961,-1.184063218178));
#1197 = CARTESIAN_POINT('',(1.212787473399,1.315927245079));
#1198 = ( GEOMETRIC_REPRESENTATION_CONTEXT(2) 
PARAMETRIC_REPRESENTATION_CONTEXT() REPRESENTATION_CONTEXT('2D SPACE',''
  ) );
#1199 = ADVANCED_FACE('',(#1200),#1189,.T.);
#1200 = FACE_BOUND('',#1201,.T.);
#1201 = EDGE_LOOP('',(#1202,#1229,#1230));
#1202 = ORIENTED_EDGE('',*,*,#1203,.T.);
#1203 = EDGE_CURVE('',#1204,#1148,#1206,.T.);
#1204 = VERTEX_POINT('',#1205);
#1205 = CARTESIAN_POINT('',(-10.,25.798631668091,347.93890380859));
#1206 = SURFACE_CURVE('',#1207,(#1211,#1218),.PCURVE_S1.);
#1207 = LINE('',#1208,#1209);
#1208 = CARTESIAN_POINT('',(-10.,25.798631668091,347.93890380859));
#1209 = VECTOR('',#1210,1.);
#1210 = DIRECTION('',(0.,-0.76667637912,0.642033744985));
#1211 = PCURVE('',#1189,#1212);
#1212 = DEFINITIONAL_REPRESENTATION('',(#1213),#1217);
#1213 = LINE('',#1214,#1215);
#1214 = CARTESIAN_POINT('',(-0.848247682851,-1.145231507363));
#1215 = VECTOR('',#1216,1.);
#1216 = DIRECTION('',(0.642033744985,0.76667637912));
#1217 = ( GEOMETRIC_REPRESENTATION_CONTEXT(2) 
PARAMETRIC_REPRESENTATION_CONTEXT() REPRESENTATION_CONTEXT('2D SPACE',''
  ) );
#1218 = PCURVE('',#1219,#1224);
#1219 = PLANE('',#1220);
#1220 = AXIS2_PLACEMENT_3D('',#1221,#1222,#1223);
#1221 = CARTESIAN_POINT('',(-10.,24.621575914393,349.00700702152));
#1222 = DIRECTION('',(1.,0.,0.));
#1223 = DIRECTION('',(-0.,0.,1.));
#1224 = DEFINITIONAL_REPRESENTATION('',(#1225),#1228);
#1225 = B_SPLINE_CURVE_WITH_KNOTS('',1,(#1226,#1227),.UNSPECIFIED.,.F.,
  .F.,(2,2),(0.,3.210166400674),.PIECEWISE_BEZIER_KNOTS.);
#1226 = CARTESIAN_POINT('',(-1.068103212933,-1.177055753698));
#1227 = CARTESIAN_POINT('',(0.992931943317,1.284102998743));
#1228 = ( GEOMETRIC_REPRESENTATION_CONTEXT(2) 
PARAMETRIC_REPRESENTATION_CONTEXT() REPRESENTATION_CONTEXT('2D SPACE',''
  ) );
#1229 = ORIENTED_EDGE('',*,*,#1175,.F.);
#1230 = ORIENTED_EDGE('',*,*,#1231,.T.);
#1231 = EDGE_CURVE('',#394,#1204,#1232,.T.);
#1232 = SURFACE_CURVE('',#1233,(#1237,#1244),.PCURVE_S1.);
#1233 = LINE('',#1234,#1235);
#1234 = CARTESIAN_POINT('',(-10.,25.837463378906,347.50546264648));
#1235 = VECTOR('',#1236,1.);
#1236 = DIRECTION('',(0.,-8.923196392335E-02,0.996010871735));
#1237 = PCURVE('',#1189,#1238);
#1238 = DEFINITIONAL_REPRESENTATION('',(#1239),#1243);
#1239 = LINE('',#1240,#1241);
#1240 = CARTESIAN_POINT('',(-1.281688844961,-1.184063218178));
#1241 = VECTOR('',#1242,1.);
#1242 = DIRECTION('',(0.996010871735,8.923196392335E-02));
#1243 = ( GEOMETRIC_REPRESENTATION_CONTEXT(2) 
PARAMETRIC_REPRESENTATION_CONTEXT() REPRESENTATION_CONTEXT('2D SPACE',''
  ) );
#1244 = PCURVE('',#1245,#1250);
#1245 = PLANE('',#1246);
#1246 = AXIS2_PLACEMENT_3D('',#1247,#1248,#1249);
#1247 = CARTESIAN_POINT('',(-13.90036599458,25.823406532022,
    347.71374438933));
#1248 = DIRECTION('',(1.175431609271E-03,0.996010183671,
    8.923190228013E-02));
#1249 = DIRECTION('',(-1.355252715607E-20,-8.923196392335E-02,
    0.996010871735));
#1250 = DEFINITIONAL_REPRESENTATION('',(#1251),#1254);
#1251 = B_SPLINE_CURVE_WITH_KNOTS('',1,(#1252,#1253),.UNSPECIFIED.,.F.,
  .F.,(2,2),(0.,0.435177139537),.PIECEWISE_BEZIER_KNOTS.);
#1252 = CARTESIAN_POINT('',(-0.208705200312,3.900368689033));
#1253 = CARTESIAN_POINT('',(0.226471939225,3.900368689033));
#1254 = ( GEOMETRIC_REPRESENTATION_CONTEXT(2) 
PARAMETRIC_REPRESENTATION_CONTEXT() REPRESENTATION_CONTEXT('2D SPACE',''
  ) );
#1255 = ADVANCED_FACE('',(#1256),#1219,.T.);
#1256 = FACE_BOUND('',#1257,.T.);
#1257 = EDGE_LOOP('',(#1258,#1285,#1286));
#1258 = ORIENTED_EDGE('',*,*,#1259,.T.);
#1259 = EDGE_CURVE('',#1260,#1148,#1262,.T.);
#1260 = VERTEX_POINT('',#1261);
#1261 = CARTESIAN_POINT('',(-10.,25.68522644043,348.35903930664));
#1262 = SURFACE_CURVE('',#1263,(#1267,#1274),.PCURVE_S1.);
#1263 = LINE('',#1264,#1265);
#1264 = CARTESIAN_POINT('',(-10.,25.68522644043,348.35903930664));
#1265 = VECTOR('',#1266,1.);
#1266 = DIRECTION('',(0.,-0.81964630712,0.572869907767));
#1267 = PCURVE('',#1219,#1268);
#1268 = DEFINITIONAL_REPRESENTATION('',(#1269),#1273);
#1269 = LINE('',#1270,#1271);
#1270 = CARTESIAN_POINT('',(-0.647967714886,-1.063650526037));
#1271 = VECTOR('',#1272,1.);
#1272 = DIRECTION('',(0.572869907767,0.81964630712));
#1273 = ( GEOMETRIC_REPRESENTATION_CONTEXT(2) 
PARAMETRIC_REPRESENTATION_CONTEXT() REPRESENTATION_CONTEXT('2D SPACE',''
  ) );
#1274 = PCURVE('',#1275,#1280);
#1275 = PLANE('',#1276);
#1276 = AXIS2_PLACEMENT_3D('',#1277,#1278,#1279);
#1277 = CARTESIAN_POINT('',(-10.,24.552802365498,349.21756344197));
#1278 = DIRECTION('',(1.,2.474721599408E-27,3.810363488006E-27));
#1279 = DIRECTION('',(-3.810363488006E-27,0.,1.));
#1280 = DEFINITIONAL_REPRESENTATION('',(#1281),#1284);
#1281 = B_SPLINE_CURVE_WITH_KNOTS('',1,(#1282,#1283),.UNSPECIFIED.,.F.,
  .F.,(2,2),(0.,2.864349542463),.PIECEWISE_BEZIER_KNOTS.);
#1282 = CARTESIAN_POINT('',(-0.858524135334,-1.132424074932));
#1283 = CARTESIAN_POINT('',(0.782375522869,1.215329449848));
#1284 = ( GEOMETRIC_REPRESENTATION_CONTEXT(2) 
PARAMETRIC_REPRESENTATION_CONTEXT() REPRESENTATION_CONTEXT('2D SPACE',''
  ) );
#1285 = ORIENTED_EDGE('',*,*,#1203,.F.);
#1286 = ORIENTED_EDGE('',*,*,#1287,.T.);
#1287 = EDGE_CURVE('',#1204,#1260,#1288,.T.);
#1288 = SURFACE_CURVE('',#1289,(#1293,#1300),.PCURVE_S1.);
#1289 = LINE('',#1290,#1291);
#1290 = CARTESIAN_POINT('',(-10.,25.798631668091,347.93890380859));
#1291 = VECTOR('',#1292,1.);
#1292 = DIRECTION('',(0.,-0.260598691487,0.965447213469));
#1293 = PCURVE('',#1219,#1294);
#1294 = DEFINITIONAL_REPRESENTATION('',(#1295),#1299);
#1295 = LINE('',#1296,#1297);
#1296 = CARTESIAN_POINT('',(-1.068103212933,-1.177055753698));
#1297 = VECTOR('',#1298,1.);
#1298 = DIRECTION('',(0.965447213469,0.260598691487));
#1299 = ( GEOMETRIC_REPRESENTATION_CONTEXT(2) 
PARAMETRIC_REPRESENTATION_CONTEXT() REPRESENTATION_CONTEXT('2D SPACE',''
  ) );
#1300 = PCURVE('',#1301,#1306);
#1301 = PLANE('',#1302);
#1302 = AXIS2_PLACEMENT_3D('',#1303,#1304,#1305);
#1303 = CARTESIAN_POINT('',(-13.94798696727,25.754405971127,
    348.11882052334));
#1304 = DIRECTION('',(1.060915909746E-03,0.965446670143,0.26059854483));
#1305 = DIRECTION('',(0.,-0.260598691487,0.965447213469));
#1306 = DEFINITIONAL_REPRESENTATION('',(#1307),#1310);
#1307 = B_SPLINE_CURVE_WITH_KNOTS('',1,(#1308,#1309),.UNSPECIFIED.,.F.,
  .F.,(2,2),(0.,0.435171899805),.PIECEWISE_BEZIER_KNOTS.);
#1308 = CARTESIAN_POINT('',(-0.185225249667,3.947989189088));
#1309 = CARTESIAN_POINT('',(0.249946650138,3.947989189088));
#1310 = ( GEOMETRIC_REPRESENTATION_CONTEXT(2) 
PARAMETRIC_REPRESENTATION_CONTEXT() REPRESENTATION_CONTEXT('2D SPACE',''
  ) );
#1311 = ADVANCED_FACE('',(#1312),#1275,.T.);
#1312 = FACE_BOUND('',#1313,.T.);
#1313 = EDGE_LOOP('',(#1314,#1315,#1342));
#1314 = ORIENTED_EDGE('',*,*,#1259,.F.);
#1315 = ORIENTED_EDGE('',*,*,#1316,.T.);
#1316 = EDGE_CURVE('',#1260,#1317,#1319,.T.);
#1317 = VERTEX_POINT('',#1318);
#1318 = CARTESIAN_POINT('',(-10.,25.500686645508,348.75311279296));
#1319 = SURFACE_CURVE('',#1320,(#1324,#1331),.PCURVE_S1.);
#1320 = LINE('',#1321,#1322);
#1321 = CARTESIAN_POINT('',(-10.,25.68522644043,348.35903930664));
#1322 = VECTOR('',#1323,1.);
#1323 = DIRECTION('',(0.,-0.424090651782,0.905619743088));
#1324 = PCURVE('',#1275,#1325);
#1325 = DEFINITIONAL_REPRESENTATION('',(#1326),#1330);
#1326 = LINE('',#1327,#1328);
#1327 = CARTESIAN_POINT('',(-0.858524135334,-1.132424074932));
#1328 = VECTOR('',#1329,1.);
#1329 = DIRECTION('',(0.905619743088,0.424090651782));
#1330 = ( GEOMETRIC_REPRESENTATION_CONTEXT(2) 
PARAMETRIC_REPRESENTATION_CONTEXT() REPRESENTATION_CONTEXT('2D SPACE',''
  ) );
#1331 = PCURVE('',#1332,#1337);
#1332 = PLANE('',#1333);
#1333 = AXIS2_PLACEMENT_3D('',#1334,#1335,#1336);
#1334 = CARTESIAN_POINT('',(-14.08811007272,25.591099561799,
    348.57076956757));
#1335 = DIRECTION('',(1.112901027153E-03,0.905619182261,0.424090389153)
  );
#1336 = DIRECTION('',(0.,-0.424090651782,0.905619743088));
#1337 = DEFINITIONAL_REPRESENTATION('',(#1338),#1341);
#1338 = B_SPLINE_CURVE_WITH_KNOTS('',1,(#1339,#1340),.UNSPECIFIED.,.F.,
  .F.,(2,2),(0.,0.435142331354),.PIECEWISE_BEZIER_KNOTS.);
#1339 = CARTESIAN_POINT('',(-0.231665433817,4.088112604386));
#1340 = CARTESIAN_POINT('',(0.203476897537,4.088112604386));
#1341 = ( GEOMETRIC_REPRESENTATION_CONTEXT(2) 
PARAMETRIC_REPRESENTATION_CONTEXT() REPRESENTATION_CONTEXT('2D SPACE',''
  ) );
#1342 = ORIENTED_EDGE('',*,*,#1343,.T.);
#1343 = EDGE_CURVE('',#1317,#1148,#1344,.T.);
#1344 = SURFACE_CURVE('',#1345,(#1349,#1356),.PCURVE_S1.);
#1345 = LINE('',#1346,#1347);
#1346 = CARTESIAN_POINT('',(-10.,25.500686645508,348.75311279296));
#1347 = VECTOR('',#1348,1.);
#1348 = DIRECTION('',(0.,-0.866390383708,0.499367302712));
#1349 = PCURVE('',#1275,#1350);
#1350 = DEFINITIONAL_REPRESENTATION('',(#1351),#1355);
#1351 = LINE('',#1352,#1353);
#1352 = CARTESIAN_POINT('',(-0.464450649006,-0.94788428001));
#1353 = VECTOR('',#1354,1.);
#1354 = DIRECTION('',(0.499367302712,0.866390383708));
#1355 = ( GEOMETRIC_REPRESENTATION_CONTEXT(2) 
PARAMETRIC_REPRESENTATION_CONTEXT() REPRESENTATION_CONTEXT('2D SPACE',''
  ) );
#1356 = PCURVE('',#1357,#1362);
#1357 = PLANE('',#1358);
#1358 = AXIS2_PLACEMENT_3D('',#1359,#1360,#1361);
#1359 = CARTESIAN_POINT('',(-10.,24.449303757729,349.41261671275));
#1360 = DIRECTION('',(1.,0.,0.));
#1361 = DIRECTION('',(-0.,0.,1.));
#1362 = DEFINITIONAL_REPRESENTATION('',(#1363),#1366);
#1363 = B_SPLINE_CURVE_WITH_KNOTS('',1,(#1364,#1365),.UNSPECIFIED.,.F.,
  .F.,(2,2),(0.,2.496811795855),.PIECEWISE_BEZIER_KNOTS.);
#1364 = CARTESIAN_POINT('',(-0.659503919783,-1.051382887778));
#1365 = CARTESIAN_POINT('',(0.587322252092,1.11183084208));
#1366 = ( GEOMETRIC_REPRESENTATION_CONTEXT(2) 
PARAMETRIC_REPRESENTATION_CONTEXT() REPRESENTATION_CONTEXT('2D SPACE',''
  ) );
#1367 = ADVANCED_FACE('',(#1368),#1357,.T.);
#1368 = FACE_BOUND('',#1369,.T.);
#1369 = EDGE_LOOP('',(#1370,#1397,#1398));
#1370 = ORIENTED_EDGE('',*,*,#1371,.T.);
#1371 = EDGE_CURVE('',#1372,#1148,#1374,.T.);
#1372 = VERTEX_POINT('',#1373);
#1373 = CARTESIAN_POINT('',(-10.,25.250604629517,349.10925292968));
#1374 = SURFACE_CURVE('',#1375,(#1379,#1386),.PCURVE_S1.);
#1375 = LINE('',#1376,#1377);
#1376 = CARTESIAN_POINT('',(-10.,25.250604629517,349.10925292968));
#1377 = VECTOR('',#1378,1.);
#1378 = DIRECTION('',(0.,-0.906565700123,0.422064724137));
#1379 = PCURVE('',#1357,#1380);
#1380 = DEFINITIONAL_REPRESENTATION('',(#1381),#1385);
#1381 = LINE('',#1382,#1383);
#1382 = CARTESIAN_POINT('',(-0.303363783064,-0.801300871787));
#1383 = VECTOR('',#1384,1.);
#1384 = DIRECTION('',(0.422064724137,0.906565700123));
#1385 = ( GEOMETRIC_REPRESENTATION_CONTEXT(2) 
PARAMETRIC_REPRESENTATION_CONTEXT() REPRESENTATION_CONTEXT('2D SPACE',''
  ) );
#1386 = PCURVE('',#1387,#1392);
#1387 = PLANE('',#1388);
#1388 = AXIS2_PLACEMENT_3D('',#1389,#1390,#1391);
#1389 = CARTESIAN_POINT('',(-10.,24.314305617884,349.58646428453));
#1390 = DIRECTION('',(1.,1.193163152584E-26,2.753499994652E-26));
#1391 = DIRECTION('',(-2.753499994652E-26,0.,1.));
#1392 = DEFINITIONAL_REPRESENTATION('',(#1393),#1396);
#1393 = B_SPLINE_CURVE_WITH_KNOTS('',1,(#1394,#1395),.UNSPECIFIED.,.F.,
  .F.,(2,2),(0.,2.11030674733),.PIECEWISE_BEZIER_KNOTS.);
#1394 = CARTESIAN_POINT('',(-0.477211354845,-0.936299011633));
#1395 = CARTESIAN_POINT('',(0.413474680312,0.976832702235));
#1396 = ( GEOMETRIC_REPRESENTATION_CONTEXT(2) 
PARAMETRIC_REPRESENTATION_CONTEXT() REPRESENTATION_CONTEXT('2D SPACE',''
  ) );
#1397 = ORIENTED_EDGE('',*,*,#1343,.F.);
#1398 = ORIENTED_EDGE('',*,*,#1399,.T.);
#1399 = EDGE_CURVE('',#1317,#1372,#1400,.T.);
#1400 = SURFACE_CURVE('',#1401,(#1405,#1412),.PCURVE_S1.);
#1401 = LINE('',#1402,#1403);
#1402 = CARTESIAN_POINT('',(-10.,25.500686645508,348.75311279296));
#1403 = VECTOR('',#1404,1.);
#1404 = DIRECTION('',(0.,-0.574670708584,0.818384736353));
#1405 = PCURVE('',#1357,#1406);
#1406 = DEFINITIONAL_REPRESENTATION('',(#1407),#1411);
#1407 = LINE('',#1408,#1409);
#1408 = CARTESIAN_POINT('',(-0.659503919783,-1.051382887778));
#1409 = VECTOR('',#1410,1.);
#1410 = DIRECTION('',(0.818384736353,0.574670708584));
#1411 = ( GEOMETRIC_REPRESENTATION_CONTEXT(2) 
PARAMETRIC_REPRESENTATION_CONTEXT() REPRESENTATION_CONTEXT('2D SPACE',''
  ) );
#1412 = PCURVE('',#1413,#1418);
#1413 = PLANE('',#1414);
#1414 = AXIS2_PLACEMENT_3D('',#1415,#1416,#1417);
#1415 = CARTESIAN_POINT('',(-14.21184494297,25.403739477067,
    348.89788031844));
#1416 = DIRECTION('',(9.14936802546E-04,0.818384393814,0.574670468053));
#1417 = DIRECTION('',(5.421010862428E-20,-0.574670708584,0.818384736353)
  );
#1418 = DEFINITIONAL_REPRESENTATION('',(#1419),#1422);
#1419 = B_SPLINE_CURVE_WITH_KNOTS('',1,(#1420,#1421),.UNSPECIFIED.,.F.,
  .F.,(2,2),(0.,0.435174461227),.PIECEWISE_BEZIER_KNOTS.);
#1420 = CARTESIAN_POINT('',(-0.174188231148,4.21184670586));
#1421 = CARTESIAN_POINT('',(0.260986230079,4.21184670586));
#1422 = ( GEOMETRIC_REPRESENTATION_CONTEXT(2) 
PARAMETRIC_REPRESENTATION_CONTEXT() REPRESENTATION_CONTEXT('2D SPACE',''
  ) );
#1423 = ADVANCED_FACE('',(#1424),#1387,.T.);
#1424 = FACE_BOUND('',#1425,.T.);
#1425 = EDGE_LOOP('',(#1426,#1453,#1454));
#1426 = ORIENTED_EDGE('',*,*,#1427,.T.);
#1427 = EDGE_CURVE('',#1428,#1148,#1430,.T.);
#1428 = VERTEX_POINT('',#1429);
#1429 = CARTESIAN_POINT('',(-10.,24.942556381226,349.41662597656));
#1430 = SURFACE_CURVE('',#1431,(#1435,#1442),.PCURVE_S1.);
#1431 = LINE('',#1432,#1433);
#1432 = CARTESIAN_POINT('',(-10.,24.942556381226,349.41662597656));
#1433 = VECTOR('',#1434,1.);
#1434 = DIRECTION('',(0.,-0.939859927667,0.341560121159));
#1435 = PCURVE('',#1387,#1436);
#1436 = DEFINITIONAL_REPRESENTATION('',(#1437),#1441);
#1437 = LINE('',#1438,#1439);
#1438 = CARTESIAN_POINT('',(-0.16983830797,-0.628250763342));
#1439 = VECTOR('',#1440,1.);
#1440 = DIRECTION('',(0.341560121159,0.939859927667));
#1441 = ( GEOMETRIC_REPRESENTATION_CONTEXT(2) 
PARAMETRIC_REPRESENTATION_CONTEXT() REPRESENTATION_CONTEXT('2D SPACE',''
  ) );
#1442 = PCURVE('',#1443,#1448);
#1443 = PLANE('',#1444);
#1444 = AXIS2_PLACEMENT_3D('',#1445,#1446,#1447);
#1445 = CARTESIAN_POINT('',(-10.,24.151996281817,349.73401820292));
#1446 = DIRECTION('',(1.,-2.769757322755E-28,-8.170684833533E-28));
#1447 = DIRECTION('',(8.170684833533E-28,0.,1.));
#1448 = DEFINITIONAL_REPRESENTATION('',(#1449),#1452);
#1449 = B_SPLINE_CURVE_WITH_KNOTS('',1,(#1450,#1451),.UNSPECIFIED.,.F.,
  .F.,(2,2),(0.,1.707790084807),.PIECEWISE_BEZIER_KNOTS.);
#1450 = CARTESIAN_POINT('',(-0.31739222636,-0.790560099408));
#1451 = CARTESIAN_POINT('',(0.265920761921,0.814523366168));
#1452 = ( GEOMETRIC_REPRESENTATION_CONTEXT(2) 
PARAMETRIC_REPRESENTATION_CONTEXT() REPRESENTATION_CONTEXT('2D SPACE',''
  ) );
#1453 = ORIENTED_EDGE('',*,*,#1371,.F.);
#1454 = ORIENTED_EDGE('',*,*,#1455,.T.);
#1455 = EDGE_CURVE('',#1372,#1428,#1456,.T.);
#1456 = SURFACE_CURVE('',#1457,(#1461,#1468),.PCURVE_S1.);
#1457 = LINE('',#1458,#1459);
#1458 = CARTESIAN_POINT('',(-10.,25.250604629517,349.10925292968));
#1459 = VECTOR('',#1460,1.);
#1460 = DIRECTION('',(0.,-0.707882148091,0.706330563132));
#1461 = PCURVE('',#1387,#1462);
#1462 = DEFINITIONAL_REPRESENTATION('',(#1463),#1467);
#1463 = LINE('',#1464,#1465);
#1464 = CARTESIAN_POINT('',(-0.477211354845,-0.936299011633));
#1465 = VECTOR('',#1466,1.);
#1466 = DIRECTION('',(0.706330563132,0.707882148091));
#1467 = ( GEOMETRIC_REPRESENTATION_CONTEXT(2) 
PARAMETRIC_REPRESENTATION_CONTEXT() REPRESENTATION_CONTEXT('2D SPACE',''
  ) );
#1468 = PCURVE('',#1469,#1474);
#1469 = PLANE('',#1470);
#1470 = AXIS2_PLACEMENT_3D('',#1471,#1472,#1473);
#1471 = CARTESIAN_POINT('',(-14.08330617581,25.075649326627,
    349.28969425989));
#1472 = DIRECTION('',(1.017537380628E-03,0.706330197471,0.707881781627)
  );
#1473 = DIRECTION('',(-1.084202172486E-19,0.707882148091,-0.706330563132
    ));
#1474 = DEFINITIONAL_REPRESENTATION('',(#1475),#1478);
#1475 = B_SPLINE_CURVE_WITH_KNOTS('',1,(#1476,#1477),.UNSPECIFIED.,.F.,
  .F.,(2,2),(0.,0.435168833007),.PIECEWISE_BEZIER_KNOTS.);
#1476 = CARTESIAN_POINT('',(0.25129896201,-4.083308289709));
#1477 = CARTESIAN_POINT('',(-0.183869870997,-4.083308289709));
#1478 = ( GEOMETRIC_REPRESENTATION_CONTEXT(2) 
PARAMETRIC_REPRESENTATION_CONTEXT() REPRESENTATION_CONTEXT('2D SPACE',''
  ) );
#1479 = ADVANCED_FACE('',(#1480),#1443,.T.);
#1480 = FACE_BOUND('',#1481,.T.);
#1481 = EDGE_LOOP('',(#1482,#1483,#1510));
#1482 = ORIENTED_EDGE('',*,*,#1427,.F.);
#1483 = ORIENTED_EDGE('',*,*,#1484,.T.);
#1484 = EDGE_CURVE('',#1428,#1485,#1487,.T.);
#1485 = VERTEX_POINT('',#1486);
#1486 = CARTESIAN_POINT('',(-10.,24.585874557495,349.66592407226));
#1487 = SURFACE_CURVE('',#1488,(#1492,#1499),.PCURVE_S1.);
#1488 = LINE('',#1489,#1490);
#1489 = CARTESIAN_POINT('',(-10.,24.942556381226,349.41662597656));
#1490 = VECTOR('',#1491,1.);
#1491 = DIRECTION('',(0.,-0.819641067613,0.572877404234));
#1492 = PCURVE('',#1443,#1493);
#1493 = DEFINITIONAL_REPRESENTATION('',(#1494),#1498);
#1494 = LINE('',#1495,#1496);
#1495 = CARTESIAN_POINT('',(-0.31739222636,-0.790560099408));
#1496 = VECTOR('',#1497,1.);
#1497 = DIRECTION('',(0.572877404234,0.819641067613));
#1498 = ( GEOMETRIC_REPRESENTATION_CONTEXT(2) 
PARAMETRIC_REPRESENTATION_CONTEXT() REPRESENTATION_CONTEXT('2D SPACE',''
  ) );
#1499 = PCURVE('',#1500,#1505);
#1500 = PLANE('',#1501);
#1501 = AXIS2_PLACEMENT_3D('',#1502,#1503,#1504);
#1502 = CARTESIAN_POINT('',(-14.02876129544,24.791330149586,
    349.5275120054));
#1503 = DIRECTION('',(1.05557250617E-03,0.572877085074,0.819640610978));
#1504 = DIRECTION('',(-1.084202172486E-19,0.819641067613,-0.572877404234
    ));
#1505 = DEFINITIONAL_REPRESENTATION('',(#1506),#1509);
#1506 = B_SPLINE_CURVE_WITH_KNOTS('',1,(#1507,#1508),.UNSPECIFIED.,.F.,
  .F.,(2,2),(0.,0.435168316748),.PIECEWISE_BEZIER_KNOTS.);
#1507 = CARTESIAN_POINT('',(0.187475330319,-4.028763539937));
#1508 = CARTESIAN_POINT('',(-0.247692986429,-4.028763539937));
#1509 = ( GEOMETRIC_REPRESENTATION_CONTEXT(2) 
PARAMETRIC_REPRESENTATION_CONTEXT() REPRESENTATION_CONTEXT('2D SPACE',''
  ) );
#1510 = ORIENTED_EDGE('',*,*,#1511,.T.);
#1511 = EDGE_CURVE('',#1485,#1148,#1512,.T.);
#1512 = SURFACE_CURVE('',#1513,(#1517,#1524),.PCURVE_S1.);
#1513 = LINE('',#1514,#1515);
#1514 = CARTESIAN_POINT('',(-10.,24.585874557495,349.66592407226));
#1515 = VECTOR('',#1516,1.);
#1516 = DIRECTION('',(0.,-0.966021194013,0.25846286526));
#1517 = PCURVE('',#1443,#1518);
#1518 = DEFINITIONAL_REPRESENTATION('',(#1519),#1523);
#1519 = LINE('',#1520,#1521);
#1520 = CARTESIAN_POINT('',(-6.80941306573E-02,-0.433878275678));
#1521 = VECTOR('',#1522,1.);
#1522 = DIRECTION('',(0.25846286526,0.966021194013));
#1523 = ( GEOMETRIC_REPRESENTATION_CONTEXT(2) 
PARAMETRIC_REPRESENTATION_CONTEXT() REPRESENTATION_CONTEXT('2D SPACE',''
  ) );
#1524 = PCURVE('',#1525,#1530);
#1525 = PLANE('',#1526);
#1526 = AXIS2_PLACEMENT_3D('',#1527,#1528,#1529);
#1527 = CARTESIAN_POINT('',(-10.,23.967364869598,349.85100893399));
#1528 = DIRECTION('',(1.,0.,0.));
#1529 = DIRECTION('',(-0.,0.,1.));
#1530 = DEFINITIONAL_REPRESENTATION('',(#1531),#1534);
#1531 = B_SPLINE_CURVE_WITH_KNOTS('',1,(#1532,#1533),.UNSPECIFIED.,.F.,
  .F.,(2,2),(0.,1.292312890838),.PIECEWISE_BEZIER_KNOTS.);
#1532 = CARTESIAN_POINT('',(-0.185084861733,-0.618509687897));
#1533 = CARTESIAN_POINT('',(0.148930030846,0.629891953949));
#1534 = ( GEOMETRIC_REPRESENTATION_CONTEXT(2) 
PARAMETRIC_REPRESENTATION_CONTEXT() REPRESENTATION_CONTEXT('2D SPACE',''
  ) );
#1535 = ADVANCED_FACE('',(#1536),#1525,.T.);
#1536 = FACE_BOUND('',#1537,.T.);
#1537 = EDGE_LOOP('',(#1538,#1565,#1566));
#1538 = ORIENTED_EDGE('',*,*,#1539,.T.);
#1539 = EDGE_CURVE('',#1540,#1148,#1542,.T.);
#1540 = VERTEX_POINT('',#1541);
#1541 = CARTESIAN_POINT('',(-10.,24.191368103027,349.84957885742));
#1542 = SURFACE_CURVE('',#1543,(#1547,#1554),.PCURVE_S1.);
#1543 = LINE('',#1544,#1545);
#1544 = CARTESIAN_POINT('',(-10.,24.191368103027,349.84957885742));
#1545 = VECTOR('',#1546,1.);
#1546 = DIRECTION('',(0.,-0.984848091324,0.173419252146));
#1547 = PCURVE('',#1525,#1548);
#1548 = DEFINITIONAL_REPRESENTATION('',(#1549),#1553);
#1549 = LINE('',#1550,#1551);
#1550 = CARTESIAN_POINT('',(-1.430076576355E-03,-0.224003233429));
#1551 = VECTOR('',#1552,1.);
#1552 = DIRECTION('',(0.173419252146,0.984848091324));
#1553 = ( GEOMETRIC_REPRESENTATION_CONTEXT(2) 
PARAMETRIC_REPRESENTATION_CONTEXT() REPRESENTATION_CONTEXT('2D SPACE',''
  ) );
#1554 = PCURVE('',#1555,#1560);
#1555 = PLANE('',#1556);
#1556 = AXIS2_PLACEMENT_3D('',#1557,#1558,#1559);
#1557 = CARTESIAN_POINT('',(-10.,23.766065973659,349.93410352029));
#1558 = DIRECTION('',(1.,0.,0.));
#1559 = DIRECTION('',(-0.,0.,1.));
#1560 = DEFINITIONAL_REPRESENTATION('',(#1561),#1564);
#1561 = B_SPLINE_CURVE_WITH_KNOTS('',1,(#1562,#1563),.UNSPECIFIED.,.F.,
  .F.,(2,2),(0.,0.867032382862),.PIECEWISE_BEZIER_KNOTS.);
#1562 = CARTESIAN_POINT('',(-8.452466287633E-02,-0.425302129368));
#1563 = CARTESIAN_POINT('',(6.583544454554E-02,0.42859305801));
#1564 = ( GEOMETRIC_REPRESENTATION_CONTEXT(2) 
PARAMETRIC_REPRESENTATION_CONTEXT() REPRESENTATION_CONTEXT('2D SPACE',''
  ) );
#1565 = ORIENTED_EDGE('',*,*,#1511,.F.);
#1566 = ORIENTED_EDGE('',*,*,#1567,.T.);
#1567 = EDGE_CURVE('',#1485,#1540,#1568,.T.);
#1568 = SURFACE_CURVE('',#1569,(#1573,#1580),.PCURVE_S1.);
#1569 = LINE('',#1570,#1571);
#1570 = CARTESIAN_POINT('',(-10.,24.585874557495,349.66592407226));
#1571 = VECTOR('',#1572,1.);
#1572 = DIRECTION('',(0.,-0.906577463756,0.42203945575));
#1573 = PCURVE('',#1525,#1574);
#1574 = DEFINITIONAL_REPRESENTATION('',(#1575),#1579);
#1575 = LINE('',#1576,#1577);
#1576 = CARTESIAN_POINT('',(-0.185084861733,-0.618509687897));
#1577 = VECTOR('',#1578,1.);
#1578 = DIRECTION('',(0.42203945575,0.906577463756));
#1579 = ( GEOMETRIC_REPRESENTATION_CONTEXT(2) 
PARAMETRIC_REPRESENTATION_CONTEXT() REPRESENTATION_CONTEXT('2D SPACE',''
  ) );
#1580 = PCURVE('',#1581,#1586);
#1581 = PLANE('',#1582);
#1582 = AXIS2_PLACEMENT_3D('',#1583,#1584,#1585);
#1583 = CARTESIAN_POINT('',(-13.94455265438,24.334281322478,
    349.78644204077));
#1584 = DIRECTION('',(7.799620359912E-04,0.422039327378,0.906577188002)
  );
#1585 = DIRECTION('',(0.,0.906577463756,-0.42203945575));
#1586 = DEFINITIONAL_REPRESENTATION('',(#1587),#1590);
#1587 = B_SPLINE_CURVE_WITH_KNOTS('',1,(#1588,#1589),.UNSPECIFIED.,.F.,
  .F.,(2,2),(0.,0.4351602265),.PIECEWISE_BEZIER_KNOTS.);
#1588 = CARTESIAN_POINT('',(0.27895209474,-3.944553854206));
#1589 = CARTESIAN_POINT('',(-0.15620813176,-3.944553854206));
#1590 = ( GEOMETRIC_REPRESENTATION_CONTEXT(2) 
PARAMETRIC_REPRESENTATION_CONTEXT() REPRESENTATION_CONTEXT('2D SPACE',''
  ) );
#1591 = ADVANCED_FACE('',(#1592),#1555,.T.);
#1592 = FACE_BOUND('',#1593,.T.);
#1593 = EDGE_LOOP('',(#1594,#1621,#1622));
#1594 = ORIENTED_EDGE('',*,*,#1595,.T.);
#1595 = EDGE_CURVE('',#1596,#1148,#1598,.T.);
#1596 = VERTEX_POINT('',#1597);
#1597 = CARTESIAN_POINT('',(-10.,23.770988464355,349.96206665039));
#1598 = SURFACE_CURVE('',#1599,(#1603,#1610),.PCURVE_S1.);
#1599 = LINE('',#1600,#1601);
#1600 = CARTESIAN_POINT('',(-10.,23.770988464355,349.96206665039));
#1601 = VECTOR('',#1602,1.);
#1602 = DIRECTION('',(0.,-0.99620573976,8.702944369309E-02));
#1603 = PCURVE('',#1555,#1604);
#1604 = DEFINITIONAL_REPRESENTATION('',(#1605),#1609);
#1605 = LINE('',#1606,#1607);
#1606 = CARTESIAN_POINT('',(2.796313009242E-02,-4.922490696412E-03));
#1607 = VECTOR('',#1608,1.);
#1608 = DIRECTION('',(8.702944369309E-02,0.99620573976));
#1609 = ( GEOMETRIC_REPRESENTATION_CONTEXT(2) 
PARAMETRIC_REPRESENTATION_CONTEXT() REPRESENTATION_CONTEXT('2D SPACE',''
  ) );
#1610 = PCURVE('',#1611,#1616);
#1611 = PLANE('',#1612);
#1612 = AXIS2_PLACEMENT_3D('',#1613,#1614,#1615);
#1613 = CARTESIAN_POINT('',(-13.89986820348,23.60567243624,
    349.98004792153));
#1614 = DIRECTION('',(9.040516077626E-04,8.70294081281E-02,
    0.996205332656));
#1615 = DIRECTION('',(1.355252715607E-20,0.99620573976,
    -8.702944369309E-02));
#1616 = DEFINITIONAL_REPRESENTATION('',(#1617),#1620);
#1617 = B_SPLINE_CURVE_WITH_KNOTS('',1,(#1618,#1619),.UNSPECIFIED.,.F.,
  .F.,(2,2),(0.,0.435166684354),.PIECEWISE_BEZIER_KNOTS.);
#1618 = CARTESIAN_POINT('',(0.166253676108,-3.899869797182));
#1619 = CARTESIAN_POINT('',(-0.268913008247,-3.899869797182));
#1620 = ( GEOMETRIC_REPRESENTATION_CONTEXT(2) 
PARAMETRIC_REPRESENTATION_CONTEXT() REPRESENTATION_CONTEXT('2D SPACE',''
  ) );
#1621 = ORIENTED_EDGE('',*,*,#1539,.F.);
#1622 = ORIENTED_EDGE('',*,*,#1623,.T.);
#1623 = EDGE_CURVE('',#1540,#1596,#1624,.T.);
#1624 = SURFACE_CURVE('',#1625,(#1629,#1636),.PCURVE_S1.);
#1625 = LINE('',#1626,#1627);
#1626 = CARTESIAN_POINT('',(-10.,24.191368103027,349.84957885742));
#1627 = VECTOR('',#1628,1.);
#1628 = DIRECTION('',(0.,-0.96601343311,0.258491870377));
#1629 = PCURVE('',#1555,#1630);
#1630 = DEFINITIONAL_REPRESENTATION('',(#1631),#1635);
#1631 = LINE('',#1632,#1633);
#1632 = CARTESIAN_POINT('',(-8.452466287633E-02,-0.425302129368));
#1633 = VECTOR('',#1634,1.);
#1634 = DIRECTION('',(0.258491870377,0.96601343311));
#1635 = ( GEOMETRIC_REPRESENTATION_CONTEXT(2) 
PARAMETRIC_REPRESENTATION_CONTEXT() REPRESENTATION_CONTEXT('2D SPACE',''
  ) );
#1636 = PCURVE('',#1637,#1642);
#1637 = PLANE('',#1638);
#1638 = AXIS2_PLACEMENT_3D('',#1639,#1640,#1641);
#1639 = CARTESIAN_POINT('',(-13.91685912181,23.978374136745,
    349.9113488262));
#1640 = DIRECTION('',(1.177833448507E-03,0.258491691075,0.966012763039)
  );
#1641 = DIRECTION('',(5.421010862428E-20,0.96601343311,-0.258491870377)
  );
#1642 = DEFINITIONAL_REPRESENTATION('',(#1643),#1646);
#1643 = B_SPLINE_CURVE_WITH_KNOTS('',1,(#1644,#1645),.UNSPECIFIED.,.F.,
  .F.,(2,2),(0.,0.435169557962),.PIECEWISE_BEZIER_KNOTS.);
#1644 = CARTESIAN_POINT('',(0.221722067365,-3.916861838733));
#1645 = CARTESIAN_POINT('',(-0.213447490597,-3.916861838733));
#1646 = ( GEOMETRIC_REPRESENTATION_CONTEXT(2) 
PARAMETRIC_REPRESENTATION_CONTEXT() REPRESENTATION_CONTEXT('2D SPACE',''
  ) );
#1647 = ADVANCED_FACE('',(#1648),#1163,.T.);
#1648 = FACE_BOUND('',#1649,.T.);
#1649 = EDGE_LOOP('',(#1650,#1677,#1678));
#1650 = ORIENTED_EDGE('',*,*,#1651,.T.);
#1651 = EDGE_CURVE('',#1652,#1043,#1654,.T.);
#1652 = VERTEX_POINT('',#1653);
#1653 = CARTESIAN_POINT('',(-10.,-22.70000076293,324.99868774414));
#1654 = SURFACE_CURVE('',#1655,(#1659,#1666),.PCURVE_S1.);
#1655 = LINE('',#1656,#1657);
#1656 = CARTESIAN_POINT('',(-10.,-22.70000076293,324.99868774414));
#1657 = VECTOR('',#1658,1.);
#1658 = DIRECTION('',(0.,1.,0.));
#1659 = PCURVE('',#1163,#1660);
#1660 = DEFINITIONAL_REPRESENTATION('',(#1661),#1665);
#1661 = LINE('',#1662,#1663);
#1662 = CARTESIAN_POINT('',(-7.878925964104,27.524199376883));
#1663 = VECTOR('',#1664,1.);
#1664 = DIRECTION('',(0.,-1.));
#1665 = ( GEOMETRIC_REPRESENTATION_CONTEXT(2) 
PARAMETRIC_REPRESENTATION_CONTEXT() REPRESENTATION_CONTEXT('2D SPACE',''
  ) );
#1666 = PCURVE('',#1667,#1672);
#1667 = PLANE('',#1668);
#1668 = AXIS2_PLACEMENT_3D('',#1669,#1670,#1671);
#1669 = CARTESIAN_POINT('',(-13.70613692747,2.794149174825,
    324.99868774414));
#1670 = DIRECTION('',(-0.,-0.,-1.));
#1671 = DIRECTION('',(-1.,0.,0.));
#1672 = DEFINITIONAL_REPRESENTATION('',(#1673),#1676);
#1673 = B_SPLINE_CURVE_WITH_KNOTS('',1,(#1674,#1675),.UNSPECIFIED.,.F.,
  .F.,(2,2),(0.,45.400573730469),.PIECEWISE_BEZIER_KNOTS.);
#1674 = CARTESIAN_POINT('',(-3.70613692747,-25.49414993776));
#1675 = CARTESIAN_POINT('',(-3.70613692747,19.906423792704));
#1676 = ( GEOMETRIC_REPRESENTATION_CONTEXT(2) 
PARAMETRIC_REPRESENTATION_CONTEXT() REPRESENTATION_CONTEXT('2D SPACE',''
  ) );
#1677 = ORIENTED_EDGE('',*,*,#1147,.F.);
#1678 = ORIENTED_EDGE('',*,*,#1679,.T.);
#1679 = EDGE_CURVE('',#1148,#1652,#1680,.T.);
#1680 = SURFACE_CURVE('',#1681,(#1685,#1692),.PCURVE_S1.);
#1681 = LINE('',#1682,#1683);
#1682 = CARTESIAN_POINT('',(-10.,23.337472915649,349.99993896484));
#1683 = VECTOR('',#1684,1.);
#1684 = DIRECTION('',(0.,-0.878777547966,-0.477231622161));
#1685 = PCURVE('',#1163,#1686);
#1686 = DEFINITIONAL_REPRESENTATION('',(#1687),#1691);
#1687 = LINE('',#1688,#1689);
#1688 = CARTESIAN_POINT('',(17.122325256599,-18.5132743017));
#1689 = VECTOR('',#1690,1.);
#1690 = DIRECTION('',(-0.477231622161,0.878777547966));
#1691 = ( GEOMETRIC_REPRESENTATION_CONTEXT(2) 
PARAMETRIC_REPRESENTATION_CONTEXT() REPRESENTATION_CONTEXT('2D SPACE',''
  ) );
#1692 = PCURVE('',#1693,#1698);
#1693 = PLANE('',#1694);
#1694 = AXIS2_PLACEMENT_3D('',#1695,#1696,#1697);
#1695 = CARTESIAN_POINT('',(-10.,-4.521487761171,342.20584367165));
#1696 = DIRECTION('',(1.,0.,0.));
#1697 = DIRECTION('',(-0.,0.,1.));
#1698 = DEFINITIONAL_REPRESENTATION('',(#1699),#1702);
#1699 = B_SPLINE_CURVE_WITH_KNOTS('',1,(#1700,#1701),.UNSPECIFIED.,.F.,
  .F.,(2,2),(0.,52.388085909942),.PIECEWISE_BEZIER_KNOTS.);
#1700 = CARTESIAN_POINT('',(7.794095293191,-27.85896067682));
#1701 = CARTESIAN_POINT('',(-17.20715592751,18.178513001768));
#1702 = ( GEOMETRIC_REPRESENTATION_CONTEXT(2) 
PARAMETRIC_REPRESENTATION_CONTEXT() REPRESENTATION_CONTEXT('2D SPACE',''
  ) );
#1703 = ADVANCED_FACE('',(#1704),#1693,.T.);
#1704 = FACE_BOUND('',#1705,.T.);
#1705 = EDGE_LOOP('',(#1706,#1733,#1734));
#1706 = ORIENTED_EDGE('',*,*,#1707,.T.);
#1707 = EDGE_CURVE('',#1708,#1652,#1710,.T.);
#1708 = VERTEX_POINT('',#1709);
#1709 = CARTESIAN_POINT('',(-10.,-23.40041160583,350.));
#1710 = SURFACE_CURVE('',#1711,(#1715,#1722),.PCURVE_S1.);
#1711 = LINE('',#1712,#1713);
#1712 = CARTESIAN_POINT('',(-10.,-23.40041160583,350.));
#1713 = VECTOR('',#1714,1.);
#1714 = DIRECTION('',(0.,2.800397606462E-02,-0.999607811756));
#1715 = PCURVE('',#1693,#1716);
#1716 = DEFINITIONAL_REPRESENTATION('',(#1717),#1721);
#1717 = LINE('',#1718,#1719);
#1718 = CARTESIAN_POINT('',(7.794156328348,18.878923844664));
#1719 = VECTOR('',#1720,1.);
#1720 = DIRECTION('',(-0.999607811756,-2.800397606462E-02));
#1721 = ( GEOMETRIC_REPRESENTATION_CONTEXT(2) 
PARAMETRIC_REPRESENTATION_CONTEXT() REPRESENTATION_CONTEXT('2D SPACE',''
  ) );
#1722 = PCURVE('',#1723,#1728);
#1723 = PLANE('',#1724);
#1724 = AXIS2_PLACEMENT_3D('',#1725,#1726,#1727);
#1725 = CARTESIAN_POINT('',(-10.,-23.71461827253,337.72104090014));
#1726 = DIRECTION('',(1.,-2.552891594447E-30,4.14320762632E-31));
#1727 = DIRECTION('',(2.552891594447E-30,1.,0.));
#1728 = DEFINITIONAL_REPRESENTATION('',(#1729),#1732);
#1729 = B_SPLINE_CURVE_WITH_KNOTS('',1,(#1730,#1731),.UNSPECIFIED.,.F.,
  .F.,(2,2),(0.,25.0111213236),.PIECEWISE_BEZIER_KNOTS.);
#1730 = CARTESIAN_POINT('',(0.314206666697,12.27895909986));
#1731 = CARTESIAN_POINT('',(1.014617509592,-12.72235315599));
#1732 = ( GEOMETRIC_REPRESENTATION_CONTEXT(2) 
PARAMETRIC_REPRESENTATION_CONTEXT() REPRESENTATION_CONTEXT('2D SPACE',''
  ) );
#1733 = ORIENTED_EDGE('',*,*,#1679,.F.);
#1734 = ORIENTED_EDGE('',*,*,#1735,.T.);
#1735 = EDGE_CURVE('',#1148,#1708,#1736,.T.);
#1736 = SURFACE_CURVE('',#1737,(#1741,#1748),.PCURVE_S1.);
#1737 = LINE('',#1738,#1739);
#1738 = CARTESIAN_POINT('',(-10.,23.337472915649,349.99993896484));
#1739 = VECTOR('',#1740,1.);
#1740 = DIRECTION('',(0.,-0.999999999999,1.305903270438E-06));
#1741 = PCURVE('',#1693,#1742);
#1742 = DEFINITIONAL_REPRESENTATION('',(#1743),#1747);
#1743 = LINE('',#1744,#1745);
#1744 = CARTESIAN_POINT('',(7.794095293191,-27.85896067682));
#1745 = VECTOR('',#1746,1.);
#1746 = DIRECTION('',(1.305903270438E-06,0.999999999999));
#1747 = ( GEOMETRIC_REPRESENTATION_CONTEXT(2) 
PARAMETRIC_REPRESENTATION_CONTEXT() REPRESENTATION_CONTEXT('2D SPACE',''
  ) );
#1748 = PCURVE('',#1749,#1754);
#1749 = PLANE('',#1750);
#1750 = AXIS2_PLACEMENT_3D('',#1751,#1752,#1753);
#1751 = CARTESIAN_POINT('',(-12.16993166337,-1.861537681712,
    349.99997187231));
#1752 = DIRECTION('',(-1.624420457881E-21,1.305903270438E-06,
    0.999999999999));
#1753 = DIRECTION('',(0.,0.999999999999,-1.305903270438E-06));
#1754 = DEFINITIONAL_REPRESENTATION('',(#1755),#1758);
#1755 = B_SPLINE_CURVE_WITH_KNOTS('',1,(#1756,#1757),.UNSPECIFIED.,.F.,
  .F.,(2,2),(0.,46.737884521524),.PIECEWISE_BEZIER_KNOTS.);
#1756 = CARTESIAN_POINT('',(25.199010597383,-2.169931663379));
#1757 = CARTESIAN_POINT('',(-21.53887392414,-2.169931663379));
#1758 = ( GEOMETRIC_REPRESENTATION_CONTEXT(2) 
PARAMETRIC_REPRESENTATION_CONTEXT() REPRESENTATION_CONTEXT('2D SPACE',''
  ) );
#1759 = ADVANCED_FACE('',(#1760),#1723,.T.);
#1760 = FACE_BOUND('',#1761,.T.);
#1761 = EDGE_LOOP('',(#1762,#1789,#1790));
#1762 = ORIENTED_EDGE('',*,*,#1763,.T.);
#1763 = EDGE_CURVE('',#1764,#1652,#1766,.T.);
#1764 = VERTEX_POINT('',#1765);
#1765 = CARTESIAN_POINT('',(-10.,-25.90041542053,347.5));
#1766 = SURFACE_CURVE('',#1767,(#1771,#1778),.PCURVE_S1.);
#1767 = LINE('',#1768,#1769);
#1768 = CARTESIAN_POINT('',(-10.,-25.90041542053,347.5));
#1769 = VECTOR('',#1770,1.);
#1770 = DIRECTION('',(0.,0.14081513963,-0.990035906647));
#1771 = PCURVE('',#1723,#1772);
#1772 = DEFINITIONAL_REPRESENTATION('',(#1773),#1777);
#1773 = LINE('',#1774,#1775);
#1774 = CARTESIAN_POINT('',(-2.185797148001,9.77895909986));
#1775 = VECTOR('',#1776,1.);
#1776 = DIRECTION('',(0.14081513963,-0.990035906647));
#1777 = ( GEOMETRIC_REPRESENTATION_CONTEXT(2) 
PARAMETRIC_REPRESENTATION_CONTEXT() REPRESENTATION_CONTEXT('2D SPACE',''
  ) );
#1778 = PCURVE('',#1779,#1784);
#1779 = PLANE('',#1780);
#1780 = AXIS2_PLACEMENT_3D('',#1781,#1782,#1783);
#1781 = CARTESIAN_POINT('',(-10.,-25.08927761906,332.2006811933));
#1782 = DIRECTION('',(1.,-1.810238625371E-30,3.202977568291E-32));
#1783 = DIRECTION('',(1.810238625371E-30,1.,0.));
#1784 = DEFINITIONAL_REPRESENTATION('',(#1785),#1788);
#1785 = B_SPLINE_CURVE_WITH_KNOTS('',1,(#1786,#1787),.UNSPECIFIED.,.F.,
  .F.,(2,2),(0.,22.727773916867),.PIECEWISE_BEZIER_KNOTS.);
#1786 = CARTESIAN_POINT('',(-0.811137801469,15.299318806696));
#1787 = CARTESIAN_POINT('',(2.389276856123,-7.201993449164));
#1788 = ( GEOMETRIC_REPRESENTATION_CONTEXT(2) 
PARAMETRIC_REPRESENTATION_CONTEXT() REPRESENTATION_CONTEXT('2D SPACE',''
  ) );
#1789 = ORIENTED_EDGE('',*,*,#1707,.F.);
#1790 = ORIENTED_EDGE('',*,*,#1791,.T.);
#1791 = EDGE_CURVE('',#1708,#1764,#1792,.T.);
#1792 = SURFACE_CURVE('',#1793,(#1797,#1804),.PCURVE_S1.);
#1793 = LINE('',#1794,#1795);
#1794 = CARTESIAN_POINT('',(-10.,-23.40041160583,350.));
#1795 = VECTOR('',#1796,1.);
#1796 = DIRECTION('',(0.,-0.707107320666,-0.707106241707));
#1797 = PCURVE('',#1723,#1798);
#1798 = DEFINITIONAL_REPRESENTATION('',(#1799),#1803);
#1799 = LINE('',#1800,#1801);
#1800 = CARTESIAN_POINT('',(0.314206666697,12.27895909986));
#1801 = VECTOR('',#1802,1.);
#1802 = DIRECTION('',(-0.707107320666,-0.707106241707));
#1803 = ( GEOMETRIC_REPRESENTATION_CONTEXT(2) 
PARAMETRIC_REPRESENTATION_CONTEXT() REPRESENTATION_CONTEXT('2D SPACE',''
  ) );
#1804 = PCURVE('',#1805,#1810);
#1805 = PLANE('',#1806);
#1806 = AXIS2_PLACEMENT_3D('',#1807,#1808,#1809);
#1807 = CARTESIAN_POINT('',(-10.,-24.71657742121,348.78444280628));
#1808 = DIRECTION('',(1.,0.,0.));
#1809 = DIRECTION('',(-0.,0.,1.));
#1810 = DEFINITIONAL_REPRESENTATION('',(#1811),#1814);
#1811 = B_SPLINE_CURVE_WITH_KNOTS('',1,(#1812,#1813),.UNSPECIFIED.,.F.,
  .F.,(2,2),(0.,3.535536603332),.PIECEWISE_BEZIER_KNOTS.);
#1812 = CARTESIAN_POINT('',(1.215557193719,-1.316165815378));
#1813 = CARTESIAN_POINT('',(-1.284442806281,1.183837999319));
#1814 = ( GEOMETRIC_REPRESENTATION_CONTEXT(2) 
PARAMETRIC_REPRESENTATION_CONTEXT() REPRESENTATION_CONTEXT('2D SPACE',''
  ) );
#1815 = ADVANCED_FACE('',(#1816),#1805,.T.);
#1816 = FACE_BOUND('',#1817,.T.);
#1817 = EDGE_LOOP('',(#1818,#1845,#1846));
#1818 = ORIENTED_EDGE('',*,*,#1819,.T.);
#1819 = EDGE_CURVE('',#1820,#1764,#1822,.T.);
#1820 = VERTEX_POINT('',#1821);
#1821 = CARTESIAN_POINT('',(-10.,-25.8624343872,347.93411254882));
#1822 = SURFACE_CURVE('',#1823,(#1827,#1834),.PCURVE_S1.);
#1823 = LINE('',#1824,#1825);
#1824 = CARTESIAN_POINT('',(-10.,-25.8624343872,347.93411254882));
#1825 = VECTOR('',#1826,1.);
#1826 = DIRECTION('',(0.,-8.715826288467E-02,-0.996194477605));
#1827 = PCURVE('',#1805,#1828);
#1828 = DEFINITIONAL_REPRESENTATION('',(#1829),#1833);
#1829 = LINE('',#1830,#1831);
#1830 = CARTESIAN_POINT('',(-0.850330257452,1.145856965994));
#1831 = VECTOR('',#1832,1.);
#1832 = DIRECTION('',(-0.996194477605,8.715826288467E-02));
#1833 = ( GEOMETRIC_REPRESENTATION_CONTEXT(2) 
PARAMETRIC_REPRESENTATION_CONTEXT() REPRESENTATION_CONTEXT('2D SPACE',''
  ) );
#1834 = PCURVE('',#1835,#1840);
#1835 = PLANE('',#1836);
#1836 = AXIS2_PLACEMENT_3D('',#1837,#1838,#1839);
#1837 = CARTESIAN_POINT('',(-13.89991777786,-25.88691821664,
    347.70664351872));
#1838 = DIRECTION('',(1.170498272955E-03,-0.996193795179,
    8.715820317835E-02));
#1839 = DIRECTION('',(0.,-8.715826288467E-02,-0.996194477605));
#1840 = DEFINITIONAL_REPRESENTATION('',(#1841),#1844);
#1841 = B_SPLINE_CURVE_WITH_KNOTS('',1,(#1842,#1843),.UNSPECIFIED.,.F.,
  .F.,(2,2),(0.,0.435770884689),.PIECEWISE_BEZIER_KNOTS.);
#1842 = CARTESIAN_POINT('',(-0.228737359655,3.899920449444));
#1843 = CARTESIAN_POINT('',(0.207033525034,3.899920449444));
#1844 = ( GEOMETRIC_REPRESENTATION_CONTEXT(2) 
PARAMETRIC_REPRESENTATION_CONTEXT() REPRESENTATION_CONTEXT('2D SPACE',''
  ) );
#1845 = ORIENTED_EDGE('',*,*,#1791,.F.);
#1846 = ORIENTED_EDGE('',*,*,#1847,.T.);
#1847 = EDGE_CURVE('',#1708,#1820,#1848,.T.);
#1848 = SURFACE_CURVE('',#1849,(#1853,#1860),.PCURVE_S1.);
#1849 = LINE('',#1850,#1851);
#1850 = CARTESIAN_POINT('',(-10.,-23.40041160583,350.));
#1851 = VECTOR('',#1852,1.);
#1852 = DIRECTION('',(0.,-0.766043670431,-0.642788530539));
#1853 = PCURVE('',#1805,#1854);
#1854 = DEFINITIONAL_REPRESENTATION('',(#1855),#1859);
#1855 = LINE('',#1856,#1857);
#1856 = CARTESIAN_POINT('',(1.215557193719,-1.316165815378));
#1857 = VECTOR('',#1858,1.);
#1858 = DIRECTION('',(-0.642788530539,0.766043670431));
#1859 = ( GEOMETRIC_REPRESENTATION_CONTEXT(2) 
PARAMETRIC_REPRESENTATION_CONTEXT() REPRESENTATION_CONTEXT('2D SPACE',''
  ) );
#1860 = PCURVE('',#1861,#1866);
#1861 = PLANE('',#1862);
#1862 = AXIS2_PLACEMENT_3D('',#1863,#1864,#1865);
#1863 = CARTESIAN_POINT('',(-10.,-24.68514532838,349.00467295779));
#1864 = DIRECTION('',(1.,-1.034645649667E-27,1.322539295846E-27));
#1865 = DIRECTION('',(-1.322539295846E-27,0.,1.));
#1866 = DEFINITIONAL_REPRESENTATION('',(#1867),#1870);
#1867 = B_SPLINE_CURVE_WITH_KNOTS('',1,(#1868,#1869),.UNSPECIFIED.,.F.,
  .F.,(2,2),(0.,3.213945727125),.PIECEWISE_BEZIER_KNOTS.);
#1868 = CARTESIAN_POINT('',(0.995327042203,-1.284733722551));
#1869 = CARTESIAN_POINT('',(-1.070560408969,1.177289058821));
#1870 = ( GEOMETRIC_REPRESENTATION_CONTEXT(2) 
PARAMETRIC_REPRESENTATION_CONTEXT() REPRESENTATION_CONTEXT('2D SPACE',''
  ) );
#1871 = ADVANCED_FACE('',(#1872),#1861,.T.);
#1872 = FACE_BOUND('',#1873,.T.);
#1873 = EDGE_LOOP('',(#1874,#1901,#1902));
#1874 = ORIENTED_EDGE('',*,*,#1875,.T.);
#1875 = EDGE_CURVE('',#1876,#1820,#1878,.T.);
#1876 = VERTEX_POINT('',#1877);
#1877 = CARTESIAN_POINT('',(-10.,-25.7496471405,348.3550415039));
#1878 = SURFACE_CURVE('',#1879,(#1883,#1890),.PCURVE_S1.);
#1879 = LINE('',#1880,#1881);
#1880 = CARTESIAN_POINT('',(-10.,-25.7496471405,348.3550415039));
#1881 = VECTOR('',#1882,1.);
#1882 = DIRECTION('',(0.,-0.258818345243,-0.965926013816));
#1883 = PCURVE('',#1861,#1884);
#1884 = DEFINITIONAL_REPRESENTATION('',(#1885),#1889);
#1885 = LINE('',#1886,#1887);
#1886 = CARTESIAN_POINT('',(-0.649631453891,1.064501812117));
#1887 = VECTOR('',#1888,1.);
#1888 = DIRECTION('',(-0.965926013816,0.258818345243));
#1889 = ( GEOMETRIC_REPRESENTATION_CONTEXT(2) 
PARAMETRIC_REPRESENTATION_CONTEXT() REPRESENTATION_CONTEXT('2D SPACE',''
  ) );
#1890 = PCURVE('',#1891,#1896);
#1891 = PLANE('',#1892);
#1892 = AXIS2_PLACEMENT_3D('',#1893,#1894,#1895);
#1893 = CARTESIAN_POINT('',(-13.9456220279,-25.81940508917,
    348.11046298093));
#1894 = DIRECTION('',(1.033957759235E-03,-0.965925497495,0.258818206896)
  );
#1895 = DIRECTION('',(0.,-0.258818345243,-0.965926013816));
#1896 = DEFINITIONAL_REPRESENTATION('',(#1897),#1900);
#1897 = B_SPLINE_CURVE_WITH_KNOTS('',1,(#1898,#1899),.UNSPECIFIED.,.F.,
  .F.,(2,2),(0.,0.435777636235),.PIECEWISE_BEZIER_KNOTS.);
#1898 = CARTESIAN_POINT('',(-0.254299394602,3.945624136978));
#1899 = CARTESIAN_POINT('',(0.181478241633,3.945624136978));
#1900 = ( GEOMETRIC_REPRESENTATION_CONTEXT(2) 
PARAMETRIC_REPRESENTATION_CONTEXT() REPRESENTATION_CONTEXT('2D SPACE',''
  ) );
#1901 = ORIENTED_EDGE('',*,*,#1847,.F.);
#1902 = ORIENTED_EDGE('',*,*,#1903,.T.);
#1903 = EDGE_CURVE('',#1708,#1876,#1904,.T.);
#1904 = SURFACE_CURVE('',#1905,(#1909,#1916),.PCURVE_S1.);
#1905 = LINE('',#1906,#1907);
#1906 = CARTESIAN_POINT('',(-10.,-23.40041160583,350.));
#1907 = VECTOR('',#1908,1.);
#1908 = DIRECTION('',(0.,-0.819151050546,-0.57357785556));
#1909 = PCURVE('',#1861,#1910);
#1910 = DEFINITIONAL_REPRESENTATION('',(#1911),#1915);
#1911 = LINE('',#1912,#1913);
#1912 = CARTESIAN_POINT('',(0.995327042203,-1.284733722551));
#1913 = VECTOR('',#1914,1.);
#1914 = DIRECTION('',(-0.57357785556,0.819151050546));
#1915 = ( GEOMETRIC_REPRESENTATION_CONTEXT(2) 
PARAMETRIC_REPRESENTATION_CONTEXT() REPRESENTATION_CONTEXT('2D SPACE',''
  ) );
#1916 = PCURVE('',#1917,#1922);
#1917 = PLANE('',#1918);
#1918 = AXIS2_PLACEMENT_3D('',#1919,#1920,#1921);
#1919 = CARTESIAN_POINT('',(-10.,-24.61664811767,349.21565713099));
#1920 = DIRECTION('',(1.,0.,0.));
#1921 = DIRECTION('',(-0.,0.,1.));
#1922 = DEFINITIONAL_REPRESENTATION('',(#1923),#1926);
#1923 = B_SPLINE_CURVE_WITH_KNOTS('',1,(#1924,#1925),.UNSPECIFIED.,.F.,
  .F.,(2,2),(0.,2.867890522879),.PIECEWISE_BEZIER_KNOTS.);
#1924 = CARTESIAN_POINT('',(0.784342869004,-1.21623651184));
#1925 = CARTESIAN_POINT('',(-0.86061562709,1.132999022828));
#1926 = ( GEOMETRIC_REPRESENTATION_CONTEXT(2) 
PARAMETRIC_REPRESENTATION_CONTEXT() REPRESENTATION_CONTEXT('2D SPACE',''
  ) );
#1927 = ADVANCED_FACE('',(#1928),#1917,.T.);
#1928 = FACE_BOUND('',#1929,.T.);
#1929 = EDGE_LOOP('',(#1930,#1957,#1958));
#1930 = ORIENTED_EDGE('',*,*,#1931,.T.);
#1931 = EDGE_CURVE('',#1932,#1876,#1934,.T.);
#1932 = VERTEX_POINT('',#1933);
#1933 = CARTESIAN_POINT('',(-10.,-25.56547737121,348.75));
#1934 = SURFACE_CURVE('',#1935,(#1939,#1946),.PCURVE_S1.);
#1935 = LINE('',#1936,#1937);
#1936 = CARTESIAN_POINT('',(-10.,-25.56547737121,348.75));
#1937 = VECTOR('',#1938,1.);
#1938 = DIRECTION('',(0.,-0.422613734148,-0.906309898274));
#1939 = PCURVE('',#1917,#1940);
#1940 = DEFINITIONAL_REPRESENTATION('',(#1941),#1945);
#1941 = LINE('',#1942,#1943);
#1942 = CARTESIAN_POINT('',(-0.465657130996,0.948829253541));
#1943 = VECTOR('',#1944,1.);
#1944 = DIRECTION('',(-0.906309898274,0.422613734148));
#1945 = ( GEOMETRIC_REPRESENTATION_CONTEXT(2) 
PARAMETRIC_REPRESENTATION_CONTEXT() REPRESENTATION_CONTEXT('2D SPACE',''
  ) );
#1946 = PCURVE('',#1947,#1952);
#1947 = PLANE('',#1948);
#1948 = AXIS2_PLACEMENT_3D('',#1949,#1950,#1951);
#1949 = CARTESIAN_POINT('',(-14.08527418348,-25.65564127901,
    348.56732489814));
#1950 = DIRECTION('',(1.105294824225E-03,-0.906309344665,0.422613475999)
  );
#1951 = DIRECTION('',(5.421010862428E-20,-0.422613734148,-0.906309898274
    ));
#1952 = DEFINITIONAL_REPRESENTATION('',(#1953),#1956);
#1953 = B_SPLINE_CURVE_WITH_KNOTS('',1,(#1954,#1955),.UNSPECIFIED.,.F.,
  .F.,(2,2),(0.,0.435787468333),.PIECEWISE_BEZIER_KNOTS.);
#1954 = CARTESIAN_POINT('',(-0.203664758739,4.085276678928));
#1955 = CARTESIAN_POINT('',(0.232122709593,4.085276678928));
#1956 = ( GEOMETRIC_REPRESENTATION_CONTEXT(2) 
PARAMETRIC_REPRESENTATION_CONTEXT() REPRESENTATION_CONTEXT('2D SPACE',''
  ) );
#1957 = ORIENTED_EDGE('',*,*,#1903,.F.);
#1958 = ORIENTED_EDGE('',*,*,#1959,.T.);
#1959 = EDGE_CURVE('',#1708,#1932,#1960,.T.);
#1960 = SURFACE_CURVE('',#1961,(#1965,#1972),.PCURVE_S1.);
#1961 = LINE('',#1962,#1963);
#1962 = CARTESIAN_POINT('',(-10.,-23.40041160583,350.));
#1963 = VECTOR('',#1964,1.);
#1964 = DIRECTION('',(0.,-0.866025629376,-0.499999609263));
#1965 = PCURVE('',#1917,#1966);
#1966 = DEFINITIONAL_REPRESENTATION('',(#1967),#1971);
#1967 = LINE('',#1968,#1969);
#1968 = CARTESIAN_POINT('',(0.784342869004,-1.21623651184));
#1969 = VECTOR('',#1970,1.);
#1970 = DIRECTION('',(-0.499999609263,0.866025629376));
#1971 = ( GEOMETRIC_REPRESENTATION_CONTEXT(2) 
PARAMETRIC_REPRESENTATION_CONTEXT() REPRESENTATION_CONTEXT('2D SPACE',''
  ) );
#1972 = PCURVE('',#1973,#1978);
#1973 = PLANE('',#1974);
#1974 = AXIS2_PLACEMENT_3D('',#1975,#1976,#1977);
#1975 = CARTESIAN_POINT('',(-10.,-24.51328638983,349.41116024126));
#1976 = DIRECTION('',(1.,-8.138822777998E-27,1.516158260944E-26));
#1977 = DIRECTION('',(-1.516158260944E-26,0.,1.));
#1978 = DEFINITIONAL_REPRESENTATION('',(#1979),#1982);
#1979 = B_SPLINE_CURVE_WITH_KNOTS('',1,(#1980,#1981),.UNSPECIFIED.,.F.,
  .F.,(2,2),(0.,2.500001953684),.PIECEWISE_BEZIER_KNOTS.);
#1980 = CARTESIAN_POINT('',(0.588839758737,-1.112874784004));
#1981 = CARTESIAN_POINT('',(-0.661160241263,1.052190981377));
#1982 = ( GEOMETRIC_REPRESENTATION_CONTEXT(2) 
PARAMETRIC_REPRESENTATION_CONTEXT() REPRESENTATION_CONTEXT('2D SPACE',''
  ) );
#1983 = ADVANCED_FACE('',(#1984),#1973,.T.);
#1984 = FACE_BOUND('',#1985,.T.);
#1985 = EDGE_LOOP('',(#1986,#2013,#2014));
#1986 = ORIENTED_EDGE('',*,*,#1987,.T.);
#1987 = EDGE_CURVE('',#1988,#1932,#1990,.T.);
#1988 = VERTEX_POINT('',#1989);
#1989 = CARTESIAN_POINT('',(-10.,-25.31552505493,349.10696411132));
#1990 = SURFACE_CURVE('',#1991,(#1995,#2002),.PCURVE_S1.);
#1991 = LINE('',#1992,#1993);
#1992 = CARTESIAN_POINT('',(-10.,-25.31552505493,349.10696411132));
#1993 = VECTOR('',#1994,1.);
#1994 = DIRECTION('',(0.,-0.573581601881,-0.819148427322));
#1995 = PCURVE('',#1973,#1996);
#1996 = DEFINITIONAL_REPRESENTATION('',(#1997),#2001);
#1997 = LINE('',#1998,#1999);
#1998 = CARTESIAN_POINT('',(-0.304196129935,0.802238665092));
#1999 = VECTOR('',#2000,1.);
#2000 = DIRECTION('',(-0.819148427322,0.573581601881));
#2001 = ( GEOMETRIC_REPRESENTATION_CONTEXT(2) 
PARAMETRIC_REPRESENTATION_CONTEXT() REPRESENTATION_CONTEXT('2D SPACE',''
  ) );
#2002 = PCURVE('',#2003,#2008);
#2003 = PLANE('',#2004);
#2004 = AXIS2_PLACEMENT_3D('',#2005,#2006,#2007);
#2005 = CARTESIAN_POINT('',(-14.21054813743,-25.46637587562,
    348.8985052956));
#2006 = DIRECTION('',(9.502490278461E-04,-0.819148057487,0.573581342917)
  );
#2007 = DIRECTION('',(0.,-0.573581601881,-0.819148427322));
#2008 = DEFINITIONAL_REPRESENTATION('',(#2009),#2012);
#2009 = B_SPLINE_CURVE_WITH_KNOTS('',1,(#2010,#2011),.UNSPECIFIED.,.F.,
  .F.,(2,2),(0.,0.435774640373),.PIECEWISE_BEZIER_KNOTS.);
#2010 = CARTESIAN_POINT('',(-0.257283966439,4.210550038441));
#2011 = CARTESIAN_POINT('',(0.178490673934,4.210550038441));
#2012 = ( GEOMETRIC_REPRESENTATION_CONTEXT(2) 
PARAMETRIC_REPRESENTATION_CONTEXT() REPRESENTATION_CONTEXT('2D SPACE',''
  ) );
#2013 = ORIENTED_EDGE('',*,*,#1959,.F.);
#2014 = ORIENTED_EDGE('',*,*,#2015,.T.);
#2015 = EDGE_CURVE('',#1708,#1988,#2016,.T.);
#2016 = SURFACE_CURVE('',#2017,(#2021,#2028),.PCURVE_S1.);
#2017 = LINE('',#2018,#2019);
#2018 = CARTESIAN_POINT('',(-10.,-23.40041160583,350.));
#2019 = VECTOR('',#2020,1.);
#2020 = DIRECTION('',(0.,-0.906307094414,-0.422619747071));
#2021 = PCURVE('',#1973,#2022);
#2022 = DEFINITIONAL_REPRESENTATION('',(#2023),#2027);
#2023 = LINE('',#2024,#2025);
#2024 = CARTESIAN_POINT('',(0.588839758737,-1.112874784004));
#2025 = VECTOR('',#2026,1.);
#2026 = DIRECTION('',(-0.422619747071,0.906307094414));
#2027 = ( GEOMETRIC_REPRESENTATION_CONTEXT(2) 
PARAMETRIC_REPRESENTATION_CONTEXT() REPRESENTATION_CONTEXT('2D SPACE',''
  ) );
#2028 = PCURVE('',#2029,#2034);
#2029 = PLANE('',#2030);
#2030 = AXIS2_PLACEMENT_3D('',#2031,#2032,#2033);
#2031 = CARTESIAN_POINT('',(-10.,-24.37831610795,349.58542180179));
#2032 = DIRECTION('',(1.,0.,0.));
#2033 = DIRECTION('',(-0.,0.,1.));
#2034 = DEFINITIONAL_REPRESENTATION('',(#2035),#2038);
#2035 = B_SPLINE_CURVE_WITH_KNOTS('',1,(#2036,#2037),.UNSPECIFIED.,.F.,
  .F.,(2,2),(0.,2.11309550692),.PIECEWISE_BEZIER_KNOTS.);
#2036 = CARTESIAN_POINT('',(0.41457819821,-0.977904502118));
#2037 = CARTESIAN_POINT('',(-0.478457690462,0.937208946978));
#2038 = ( GEOMETRIC_REPRESENTATION_CONTEXT(2) 
PARAMETRIC_REPRESENTATION_CONTEXT() REPRESENTATION_CONTEXT('2D SPACE',''
  ) );
#2039 = ADVANCED_FACE('',(#2040),#2029,.T.);
#2040 = FACE_BOUND('',#2041,.T.);
#2041 = EDGE_LOOP('',(#2042,#2069,#2070));
#2042 = ORIENTED_EDGE('',*,*,#2043,.T.);
#2043 = EDGE_CURVE('',#2044,#1988,#2046,.T.);
#2044 = VERTEX_POINT('',#2045);
#2045 = CARTESIAN_POINT('',(-10.,-25.00738334655,349.41510009765));
#2046 = SURFACE_CURVE('',#2047,(#2051,#2058),.PCURVE_S1.);
#2047 = LINE('',#2048,#2049);
#2048 = CARTESIAN_POINT('',(-10.,-25.00738334655,349.41510009765));
#2049 = VECTOR('',#2050,1.);
#2050 = DIRECTION('',(0.,-0.707113346536,-0.707100215776));
#2051 = PCURVE('',#2029,#2052);
#2052 = DEFINITIONAL_REPRESENTATION('',(#2053),#2057);
#2053 = LINE('',#2054,#2055);
#2054 = CARTESIAN_POINT('',(-0.170321704134,0.629067238604));
#2055 = VECTOR('',#2056,1.);
#2056 = DIRECTION('',(-0.707100215776,0.707113346536));
#2057 = ( GEOMETRIC_REPRESENTATION_CONTEXT(2) 
PARAMETRIC_REPRESENTATION_CONTEXT() REPRESENTATION_CONTEXT('2D SPACE',''
  ) );
#2058 = PCURVE('',#2059,#2064);
#2059 = PLANE('',#2060);
#2060 = AXIS2_PLACEMENT_3D('',#2061,#2062,#2063);
#2061 = CARTESIAN_POINT('',(-14.08242942296,-25.13823278401,
    349.29002250846));
#2062 = DIRECTION('',(9.993144597368E-04,-0.70709986271,0.707112993464)
  );
#2063 = DIRECTION('',(1.084202172486E-19,0.707113346536,0.707100215776)
  );
#2064 = DEFINITIONAL_REPRESENTATION('',(#2065),#2068);
#2065 = B_SPLINE_CURVE_WITH_KNOTS('',1,(#2066,#2067),.UNSPECIFIED.,.F.,
  .F.,(2,2),(0.,0.435774137037),.PIECEWISE_BEZIER_KNOTS.);
#2066 = CARTESIAN_POINT('',(0.180967773923,-4.082431461382));
#2067 = CARTESIAN_POINT('',(-0.254806363113,-4.082431461382));
#2068 = ( GEOMETRIC_REPRESENTATION_CONTEXT(2) 
PARAMETRIC_REPRESENTATION_CONTEXT() REPRESENTATION_CONTEXT('2D SPACE',''
  ) );
#2069 = ORIENTED_EDGE('',*,*,#2015,.F.);
#2070 = ORIENTED_EDGE('',*,*,#2071,.T.);
#2071 = EDGE_CURVE('',#1708,#2044,#2072,.T.);
#2072 = SURFACE_CURVE('',#2073,(#2077,#2084),.PCURVE_S1.);
#2073 = LINE('',#2074,#2075);
#2074 = CARTESIAN_POINT('',(-10.,-23.40041160583,350.));
#2075 = VECTOR('',#2076,1.);
#2076 = DIRECTION('',(0.,-0.939690737369,-0.342025317927));
#2077 = PCURVE('',#2029,#2078);
#2078 = DEFINITIONAL_REPRESENTATION('',(#2079),#2083);
#2079 = LINE('',#2080,#2081);
#2080 = CARTESIAN_POINT('',(0.41457819821,-0.977904502118));
#2081 = VECTOR('',#2082,1.);
#2082 = DIRECTION('',(-0.342025317927,0.939690737369));
#2083 = ( GEOMETRIC_REPRESENTATION_CONTEXT(2) 
PARAMETRIC_REPRESENTATION_CONTEXT() REPRESENTATION_CONTEXT('2D SPACE',''
  ) );
#2084 = PCURVE('',#2085,#2090);
#2085 = PLANE('',#2086);
#2086 = AXIS2_PLACEMENT_3D('',#2087,#2088,#2089);
#2087 = CARTESIAN_POINT('',(-10.,-24.21592654239,349.73334674934));
#2088 = DIRECTION('',(1.,-1.125567985872E-27,3.29937796768E-27));
#2089 = DIRECTION('',(-3.29937796768E-27,0.,1.));
#2090 = DEFINITIONAL_REPRESENTATION('',(#2091),#2094);
#2091 = B_SPLINE_CURVE_WITH_KNOTS('',1,(#2092,#2093),.UNSPECIFIED.,.F.,
  .F.,(2,2),(0.,1.710107035025),.PIECEWISE_BEZIER_KNOTS.);
#2092 = CARTESIAN_POINT('',(0.266653250655,-0.815514936562));
#2093 = CARTESIAN_POINT('',(-0.318246651689,0.79145680416));
#2094 = ( GEOMETRIC_REPRESENTATION_CONTEXT(2) 
PARAMETRIC_REPRESENTATION_CONTEXT() REPRESENTATION_CONTEXT('2D SPACE',''
  ) );
#2095 = ADVANCED_FACE('',(#2096),#2085,.T.);
#2096 = FACE_BOUND('',#2097,.T.);
#2097 = EDGE_LOOP('',(#2098,#2125,#2126));
#2098 = ORIENTED_EDGE('',*,*,#2099,.T.);
#2099 = EDGE_CURVE('',#2100,#2044,#2102,.T.);
#2100 = VERTEX_POINT('',#2101);
#2101 = CARTESIAN_POINT('',(-10.,-24.65041351318,349.6650390625));
#2102 = SURFACE_CURVE('',#2103,(#2107,#2114),.PCURVE_S1.);
#2103 = LINE('',#2104,#2105);
#2104 = CARTESIAN_POINT('',(-10.,-24.65041351318,349.6650390625));
#2105 = VECTOR('',#2106,1.);
#2106 = DIRECTION('',(0.,-0.819167142382,-0.573554873435));
#2107 = PCURVE('',#2085,#2108);
#2108 = DEFINITIONAL_REPRESENTATION('',(#2109),#2113);
#2109 = LINE('',#2110,#2111);
#2110 = CARTESIAN_POINT('',(-6.83076868454E-02,0.434486970786));
#2111 = VECTOR('',#2112,1.);
#2112 = DIRECTION('',(-0.573554873435,0.819167142382));
#2113 = ( GEOMETRIC_REPRESENTATION_CONTEXT(2) 
PARAMETRIC_REPRESENTATION_CONTEXT() REPRESENTATION_CONTEXT('2D SPACE',''
  ) );
#2114 = PCURVE('',#2115,#2120);
#2115 = PLANE('',#2116);
#2116 = AXIS2_PLACEMENT_3D('',#2117,#2118,#2119);
#2117 = CARTESIAN_POINT('',(-14.02805928212,-24.8538415386,
    349.52788943104));
#2118 = DIRECTION('',(1.074626983969E-03,-0.573554542258,0.819166669386)
  );
#2119 = DIRECTION('',(-1.084202172486E-19,0.819167142382,0.573554873435)
  );
#2120 = DEFINITIONAL_REPRESENTATION('',(#2121),#2124);
#2121 = B_SPLINE_CURVE_WITH_KNOTS('',1,(#2122,#2123),.UNSPECIFIED.,.F.,
  .F.,(2,2),(0.,0.435771669669),.PIECEWISE_BEZIER_KNOTS.);
#2122 = CARTESIAN_POINT('',(0.245304393775,-4.028061607974));
#2123 = CARTESIAN_POINT('',(-0.190467275894,-4.028061607974));
#2124 = ( GEOMETRIC_REPRESENTATION_CONTEXT(2) 
PARAMETRIC_REPRESENTATION_CONTEXT() REPRESENTATION_CONTEXT('2D SPACE',''
  ) );
#2125 = ORIENTED_EDGE('',*,*,#2071,.F.);
#2126 = ORIENTED_EDGE('',*,*,#2127,.T.);
#2127 = EDGE_CURVE('',#1708,#2100,#2128,.T.);
#2128 = SURFACE_CURVE('',#2129,(#2133,#2140),.PCURVE_S1.);
#2129 = LINE('',#2130,#2131);
#2130 = CARTESIAN_POINT('',(-10.,-23.40041160583,350.));
#2131 = VECTOR('',#2132,1.);
#2132 = DIRECTION('',(0.,-0.965921202106,-0.258836302174));
#2133 = PCURVE('',#2085,#2134);
#2134 = DEFINITIONAL_REPRESENTATION('',(#2135),#2139);
#2135 = LINE('',#2136,#2137);
#2136 = CARTESIAN_POINT('',(0.266653250655,-0.815514936562));
#2137 = VECTOR('',#2138,1.);
#2138 = DIRECTION('',(-0.258836302174,0.965921202106));
#2139 = ( GEOMETRIC_REPRESENTATION_CONTEXT(2) 
PARAMETRIC_REPRESENTATION_CONTEXT() REPRESENTATION_CONTEXT('2D SPACE',''
  ) );
#2140 = PCURVE('',#2141,#2146);
#2141 = PLANE('',#2142);
#2142 = AXIS2_PLACEMENT_3D('',#2143,#2144,#2145);
#2143 = CARTESIAN_POINT('',(-10.,-24.0311285815,349.85064743678));
#2144 = DIRECTION('',(1.,0.,0.));
#2145 = DIRECTION('',(-0.,0.,1.));
#2146 = DEFINITIONAL_REPRESENTATION('',(#2147),#2150);
#2147 = B_SPLINE_CURVE_WITH_KNOTS('',1,(#2148,#2149),.UNSPECIFIED.,.F.,
  .F.,(2,2),(0.,1.294103395416),.PIECEWISE_BEZIER_KNOTS.);
#2148 = CARTESIAN_POINT('',(0.149352563218,-0.630716975667));
#2149 = CARTESIAN_POINT('',(-0.185608374282,0.619284931682));
#2150 = ( GEOMETRIC_REPRESENTATION_CONTEXT(2) 
PARAMETRIC_REPRESENTATION_CONTEXT() REPRESENTATION_CONTEXT('2D SPACE',''
  ) );
#2151 = ADVANCED_FACE('',(#2152),#2141,.T.);
#2152 = FACE_BOUND('',#2153,.T.);
#2153 = EDGE_LOOP('',(#2154,#2181,#2182));
#2154 = ORIENTED_EDGE('',*,*,#2155,.T.);
#2155 = EDGE_CURVE('',#2156,#2100,#2158,.T.);
#2156 = VERTEX_POINT('',#2157);
#2157 = CARTESIAN_POINT('',(-10.,-24.25546264648,349.84921264648));
#2158 = SURFACE_CURVE('',#2159,(#2163,#2170),.PCURVE_S1.);
#2159 = LINE('',#2160,#2161);
#2160 = CARTESIAN_POINT('',(-10.,-24.25546264648,349.84921264648));
#2161 = VECTOR('',#2162,1.);
#2162 = DIRECTION('',(0.,-0.906303418486,-0.422627630001));
#2163 = PCURVE('',#2141,#2164);
#2164 = DEFINITIONAL_REPRESENTATION('',(#2165),#2169);
#2165 = LINE('',#2166,#2167);
#2166 = CARTESIAN_POINT('',(-1.434790297822E-03,0.224334064982));
#2167 = VECTOR('',#2168,1.);
#2168 = DIRECTION('',(-0.422627630001,0.906303418486));
#2169 = ( GEOMETRIC_REPRESENTATION_CONTEXT(2) 
PARAMETRIC_REPRESENTATION_CONTEXT() REPRESENTATION_CONTEXT('2D SPACE',''
  ) );
#2170 = PCURVE('',#2171,#2176);
#2171 = PLANE('',#2172);
#2172 = AXIS2_PLACEMENT_3D('',#2173,#2174,#2175);
#2173 = CARTESIAN_POINT('',(-13.94422210988,-24.39712885342,
    349.7864611365));
#2174 = DIRECTION('',(7.60642867482E-04,-0.422627507739,0.906303156303)
  );
#2175 = DIRECTION('',(0.,0.906303418486,0.422627630001));
#2176 = DEFINITIONAL_REPRESENTATION('',(#2177),#2180);
#2177 = B_SPLINE_CURVE_WITH_KNOTS('',1,(#2178,#2179),.UNSPECIFIED.,.F.,
  .F.,(2,2),(0.,0.435782165932),.PIECEWISE_BEZIER_KNOTS.);
#2178 = CARTESIAN_POINT('',(0.154913089576,-3.944223250907));
#2179 = CARTESIAN_POINT('',(-0.280869076356,-3.944223250907));
#2180 = ( GEOMETRIC_REPRESENTATION_CONTEXT(2) 
PARAMETRIC_REPRESENTATION_CONTEXT() REPRESENTATION_CONTEXT('2D SPACE',''
  ) );
#2181 = ORIENTED_EDGE('',*,*,#2127,.F.);
#2182 = ORIENTED_EDGE('',*,*,#2183,.T.);
#2183 = EDGE_CURVE('',#1708,#2156,#2184,.T.);
#2184 = SURFACE_CURVE('',#2185,(#2189,#2196),.PCURVE_S1.);
#2185 = LINE('',#2186,#2187);
#2186 = CARTESIAN_POINT('',(-10.,-23.40041160583,350.));
#2187 = VECTOR('',#2188,1.);
#2188 = DIRECTION('',(0.,-0.98480405285,-0.173669161022));
#2189 = PCURVE('',#2141,#2190);
#2190 = DEFINITIONAL_REPRESENTATION('',(#2191),#2195);
#2191 = LINE('',#2192,#2193);
#2192 = CARTESIAN_POINT('',(0.149352563218,-0.630716975667));
#2193 = VECTOR('',#2194,1.);
#2194 = DIRECTION('',(-0.173669161022,0.98480405285));
#2195 = ( GEOMETRIC_REPRESENTATION_CONTEXT(2) 
PARAMETRIC_REPRESENTATION_CONTEXT() REPRESENTATION_CONTEXT('2D SPACE',''
  ) );
#2196 = PCURVE('',#2197,#2202);
#2197 = PLANE('',#2198);
#2198 = AXIS2_PLACEMENT_3D('',#2199,#2200,#2201);
#2199 = CARTESIAN_POINT('',(-10.,-23.82958911172,349.93397401836));
#2200 = DIRECTION('',(1.,-6.622989994087E-26,3.762718269039E-25));
#2201 = DIRECTION('',(-3.762718269039E-25,0.,1.));
#2202 = DEFINITIONAL_REPRESENTATION('',(#2203),#2206);
#2203 = B_SPLINE_CURVE_WITH_KNOTS('',1,(#2204,#2205),.UNSPECIFIED.,.F.,
  .F.,(2,2),(0.,0.868244843403),.PIECEWISE_BEZIER_KNOTS.);
#2204 = CARTESIAN_POINT('',(6.602598163181E-02,-0.429177505885));
#2205 = CARTESIAN_POINT('',(-8.476137188381E-02,0.425873534764));
#2206 = ( GEOMETRIC_REPRESENTATION_CONTEXT(2) 
PARAMETRIC_REPRESENTATION_CONTEXT() REPRESENTATION_CONTEXT('2D SPACE',''
  ) );
#2207 = ADVANCED_FACE('',(#2208),#2197,.T.);
#2208 = FACE_BOUND('',#2209,.T.);
#2209 = EDGE_LOOP('',(#2210,#2237,#2238));
#2210 = ORIENTED_EDGE('',*,*,#2211,.T.);
#2211 = EDGE_CURVE('',#2212,#2156,#2214,.T.);
#2212 = VERTEX_POINT('',#2213);
#2213 = CARTESIAN_POINT('',(-10.,-23.8345336914,349.96200561523));
#2214 = SURFACE_CURVE('',#2215,(#2219,#2226),.PCURVE_S1.);
#2215 = LINE('',#2216,#2217);
#2216 = CARTESIAN_POINT('',(-10.,-23.8345336914,349.96200561523));
#2217 = VECTOR('',#2218,1.);
#2218 = DIRECTION('',(0.,-0.965922731094,-0.258830596253));
#2219 = PCURVE('',#2197,#2220);
#2220 = DEFINITIONAL_REPRESENTATION('',(#2221),#2225);
#2221 = LINE('',#2222,#2223);
#2222 = CARTESIAN_POINT('',(2.803159686619E-02,4.944579686356E-03));
#2223 = VECTOR('',#2224,1.);
#2224 = DIRECTION('',(-0.258830596253,0.965922731094));
#2225 = ( GEOMETRIC_REPRESENTATION_CONTEXT(2) 
PARAMETRIC_REPRESENTATION_CONTEXT() REPRESENTATION_CONTEXT('2D SPACE',''
  ) );
#2226 = PCURVE('',#2227,#2232);
#2227 = PLANE('',#2228);
#2228 = AXIS2_PLACEMENT_3D('',#2229,#2230,#2231);
#2229 = CARTESIAN_POINT('',(-13.91662145458,-24.04114473433,
    349.91143191723));
#2230 = DIRECTION('',(1.181368115984E-03,-0.258830415637,0.965922057058)
  );
#2231 = DIRECTION('',(0.,0.965922731094,0.258830596253));
#2232 = DEFINITIONAL_REPRESENTATION('',(#2233),#2236);
#2233 = B_SPLINE_CURVE_WITH_KNOTS('',1,(#2234,#2235),.UNSPECIFIED.,.F.,
  .F.,(2,2),(0.,0.43577911724),.PIECEWISE_BEZIER_KNOTS.);
#2234 = CARTESIAN_POINT('',(0.212660323268,-3.916624187667));
#2235 = CARTESIAN_POINT('',(-0.223118793973,-3.916624187667));
#2236 = ( GEOMETRIC_REPRESENTATION_CONTEXT(2) 
PARAMETRIC_REPRESENTATION_CONTEXT() REPRESENTATION_CONTEXT('2D SPACE',''
  ) );
#2237 = ORIENTED_EDGE('',*,*,#2183,.F.);
#2238 = ORIENTED_EDGE('',*,*,#2239,.T.);
#2239 = EDGE_CURVE('',#1708,#2212,#2240,.T.);
#2240 = SURFACE_CURVE('',#2241,(#2245,#2252),.PCURVE_S1.);
#2241 = LINE('',#2242,#2243);
#2242 = CARTESIAN_POINT('',(-10.,-23.40041160583,350.));
#2243 = VECTOR('',#2244,1.);
#2244 = DIRECTION('',(0.,-0.996191983256,-8.718676789379E-02));
#2245 = PCURVE('',#2197,#2246);
#2246 = DEFINITIONAL_REPRESENTATION('',(#2247),#2251);
#2247 = LINE('',#2248,#2249);
#2248 = CARTESIAN_POINT('',(6.602598163181E-02,-0.429177505885));
#2249 = VECTOR('',#2250,1.);
#2250 = DIRECTION('',(-8.718676789379E-02,0.996191983256));
#2251 = ( GEOMETRIC_REPRESENTATION_CONTEXT(2) 
PARAMETRIC_REPRESENTATION_CONTEXT() REPRESENTATION_CONTEXT('2D SPACE',''
  ) );
#2252 = PCURVE('',#2253,#2258);
#2253 = PLANE('',#2254);
#2254 = AXIS2_PLACEMENT_3D('',#2255,#2256,#2257);
#2255 = CARTESIAN_POINT('',(-13.89970156904,-23.66848281489,
    349.98012221939));
#2256 = DIRECTION('',(9.154995673356E-04,-8.718673135645E-02,
    0.996191565782));
#2257 = DIRECTION('',(0.,0.996191983256,8.718676789379E-02));
#2258 = DEFINITIONAL_REPRESENTATION('',(#2259),#2262);
#2259 = B_SPLINE_CURVE_WITH_KNOTS('',1,(#2260,#2261),.UNSPECIFIED.,.F.,
  .F.,(2,2),(0.,0.435781549006),.PIECEWISE_BEZIER_KNOTS.);
#2260 = CARTESIAN_POINT('',(0.268783468855,-3.899703203294));
#2261 = CARTESIAN_POINT('',(-0.166998080152,-3.899703203294));
#2262 = ( GEOMETRIC_REPRESENTATION_CONTEXT(2) 
PARAMETRIC_REPRESENTATION_CONTEXT() REPRESENTATION_CONTEXT('2D SPACE',''
  ) );
#2263 = ADVANCED_FACE('',(#2264),#1779,.T.);
#2264 = FACE_BOUND('',#2265,.T.);
#2265 = EDGE_LOOP('',(#2266,#2267,#2294));
#2266 = ORIENTED_EDGE('',*,*,#1763,.F.);
#2267 = ORIENTED_EDGE('',*,*,#2268,.F.);
#2268 = EDGE_CURVE('',#2269,#1764,#2271,.T.);
#2269 = VERTEX_POINT('',#2270);
#2270 = CARTESIAN_POINT('',(-10.,-25.90041542053,317.10000610351));
#2271 = SURFACE_CURVE('',#2272,(#2276,#2282),.PCURVE_S1.);
#2272 = LINE('',#2273,#2274);
#2273 = CARTESIAN_POINT('',(-10.,-25.90041542053,317.10000610351));
#2274 = VECTOR('',#2275,1.);
#2275 = DIRECTION('',(0.,0.,1.));
#2276 = PCURVE('',#1779,#2277);
#2277 = DEFINITIONAL_REPRESENTATION('',(#2278),#2281);
#2278 = B_SPLINE_CURVE_WITH_KNOTS('',1,(#2279,#2280),.UNSPECIFIED.,.F.,
  .F.,(2,2),(0.,30.399993896484),.PIECEWISE_BEZIER_KNOTS.);
#2279 = CARTESIAN_POINT('',(-0.811137801469,-15.10067508978));
#2280 = CARTESIAN_POINT('',(-0.811137801469,15.299318806696));
#2281 = ( GEOMETRIC_REPRESENTATION_CONTEXT(2) 
PARAMETRIC_REPRESENTATION_CONTEXT() REPRESENTATION_CONTEXT('2D SPACE',''
  ) );
#2282 = PCURVE('',#2283,#2288);
#2283 = PLANE('',#2284);
#2284 = AXIS2_PLACEMENT_3D('',#2285,#2286,#2287);
#2285 = CARTESIAN_POINT('',(-11.41772549595,-25.90041542053,
    332.35123526344));
#2286 = DIRECTION('',(3.771214216851E-31,-1.,-8.647331117538E-31));
#2287 = DIRECTION('',(0.,8.647331117538E-31,-1.));
#2288 = DEFINITIONAL_REPRESENTATION('',(#2289),#2293);
#2289 = LINE('',#2290,#2291);
#2290 = CARTESIAN_POINT('',(15.251229159932,1.41772549595));
#2291 = VECTOR('',#2292,1.);
#2292 = DIRECTION('',(-1.,3.261093804828E-61));
#2293 = ( GEOMETRIC_REPRESENTATION_CONTEXT(2) 
PARAMETRIC_REPRESENTATION_CONTEXT() REPRESENTATION_CONTEXT('2D SPACE',''
  ) );
#2294 = ORIENTED_EDGE('',*,*,#2295,.T.);
#2295 = EDGE_CURVE('',#2269,#1652,#2296,.T.);
#2296 = SURFACE_CURVE('',#2297,(#2301,#2308),.PCURVE_S1.);
#2297 = LINE('',#2298,#2299);
#2298 = CARTESIAN_POINT('',(-10.,-25.90041542053,317.10000610351));
#2299 = VECTOR('',#2300,1.);
#2300 = DIRECTION('',(0.,0.375528385849,0.926810893021));
#2301 = PCURVE('',#1779,#2302);
#2302 = DEFINITIONAL_REPRESENTATION('',(#2303),#2307);
#2303 = LINE('',#2304,#2305);
#2304 = CARTESIAN_POINT('',(-0.811137801469,-15.10067508978));
#2305 = VECTOR('',#2306,1.);
#2306 = DIRECTION('',(0.375528385849,0.926810893021));
#2307 = ( GEOMETRIC_REPRESENTATION_CONTEXT(2) 
PARAMETRIC_REPRESENTATION_CONTEXT() REPRESENTATION_CONTEXT('2D SPACE',''
  ) );
#2308 = PCURVE('',#2309,#2314);
#2309 = PLANE('',#2310);
#2310 = AXIS2_PLACEMENT_3D('',#2311,#2312,#2313);
#2311 = CARTESIAN_POINT('',(-10.,-23.74540557996,320.69666048022));
#2312 = DIRECTION('',(1.,-5.667741244864E-29,2.976920763356E-29));
#2313 = DIRECTION('',(5.667741244864E-29,1.,0.));
#2314 = DEFINITIONAL_REPRESENTATION('',(#2315),#2318);
#2315 = B_SPLINE_CURVE_WITH_KNOTS('',1,(#2316,#2317),.UNSPECIFIED.,.F.,
  .F.,(2,2),(0.,8.522430735446),.PIECEWISE_BEZIER_KNOTS.);
#2316 = CARTESIAN_POINT('',(-2.155009840568,-3.596654376713));
#2317 = CARTESIAN_POINT('',(1.045404817024,4.302027263912));
#2318 = ( GEOMETRIC_REPRESENTATION_CONTEXT(2) 
PARAMETRIC_REPRESENTATION_CONTEXT() REPRESENTATION_CONTEXT('2D SPACE',''
  ) );
#2319 = ADVANCED_FACE('',(#2320),#2334,.T.);
#2320 = FACE_BOUND('',#2321,.T.);
#2321 = EDGE_LOOP('',(#2322,#2356,#2383));
#2322 = ORIENTED_EDGE('',*,*,#2323,.T.);
#2323 = EDGE_CURVE('',#2324,#2326,#2328,.T.);
#2324 = VERTEX_POINT('',#2325);
#2325 = CARTESIAN_POINT('',(-18.,-25.90041542053,347.5));
#2326 = VERTEX_POINT('',#2327);
#2327 = CARTESIAN_POINT('',(-18.,-25.90041542053,334.));
#2328 = SURFACE_CURVE('',#2329,(#2333,#2345),.PCURVE_S1.);
#2329 = LINE('',#2330,#2331);
#2330 = CARTESIAN_POINT('',(-18.,-25.90041542053,347.5));
#2331 = VECTOR('',#2332,1.);
#2332 = DIRECTION('',(0.,0.,-1.));
#2333 = PCURVE('',#2334,#2339);
#2334 = PLANE('',#2335);
#2335 = AXIS2_PLACEMENT_3D('',#2336,#2337,#2338);
#2336 = CARTESIAN_POINT('',(-17.31761744556,-25.90041542053,
    340.18238255443));
#2337 = DIRECTION('',(2.118868993513E-29,-1.,4.890971878741E-30));
#2338 = DIRECTION('',(-1.,-2.118868993513E-29,0.));
#2339 = DEFINITIONAL_REPRESENTATION('',(#2340),#2344);
#2340 = LINE('',#2341,#2342);
#2341 = CARTESIAN_POINT('',(0.682382554436,-7.317617445564));
#2342 = VECTOR('',#2343,1.);
#2343 = DIRECTION('',(0.,1.));
#2344 = ( GEOMETRIC_REPRESENTATION_CONTEXT(2) 
PARAMETRIC_REPRESENTATION_CONTEXT() REPRESENTATION_CONTEXT('2D SPACE',''
  ) );
#2345 = PCURVE('',#2346,#2351);
#2346 = PLANE('',#2347);
#2347 = AXIS2_PLACEMENT_3D('',#2348,#2349,#2350);
#2348 = CARTESIAN_POINT('',(-18.01200995059,-25.89263216465,
    340.94489023506));
#2349 = DIRECTION('',(-0.543847658515,-0.83918396334,-2.313636865294E-21
    ));
#2350 = DIRECTION('',(-0.83918396334,0.543847658515,0.));
#2351 = DEFINITIONAL_REPRESENTATION('',(#2352),#2355);
#2352 = B_SPLINE_CURVE_WITH_KNOTS('',1,(#2353,#2354),.UNSPECIFIED.,.F.,
  .F.,(2,2),(0.,13.5),.PIECEWISE_BEZIER_KNOTS.);
#2353 = CARTESIAN_POINT('',(-1.431146342524E-02,-6.555109764937));
#2354 = CARTESIAN_POINT('',(-1.431146342524E-02,6.944890235063));
#2355 = ( GEOMETRIC_REPRESENTATION_CONTEXT(2) 
PARAMETRIC_REPRESENTATION_CONTEXT() REPRESENTATION_CONTEXT('2D SPACE',''
  ) );
#2356 = ORIENTED_EDGE('',*,*,#2357,.T.);
#2357 = EDGE_CURVE('',#2326,#2358,#2360,.T.);
#2358 = VERTEX_POINT('',#2359);
#2359 = CARTESIAN_POINT('',(-15.5,-25.90041542053,334.));
#2360 = SURFACE_CURVE('',#2361,(#2365,#2372),.PCURVE_S1.);
#2361 = LINE('',#2362,#2363);
#2362 = CARTESIAN_POINT('',(-18.,-25.90041542053,334.));
#2363 = VECTOR('',#2364,1.);
#2364 = DIRECTION('',(1.,0.,0.));
#2365 = PCURVE('',#2334,#2366);
#2366 = DEFINITIONAL_REPRESENTATION('',(#2367),#2371);
#2367 = LINE('',#2368,#2369);
#2368 = CARTESIAN_POINT('',(0.682382554436,6.182382554436));
#2369 = VECTOR('',#2370,1.);
#2370 = DIRECTION('',(-1.,1.036332866201E-58));
#2371 = ( GEOMETRIC_REPRESENTATION_CONTEXT(2) 
PARAMETRIC_REPRESENTATION_CONTEXT() REPRESENTATION_CONTEXT('2D SPACE',''
  ) );
#2372 = PCURVE('',#2373,#2378);
#2373 = PLANE('',#2374);
#2374 = AXIS2_PLACEMENT_3D('',#2375,#2376,#2377);
#2375 = CARTESIAN_POINT('',(-16.74967270069,-25.89091635154,334.));
#2376 = DIRECTION('',(-2.044616199015E-27,3.246826000097E-25,-1.));
#2377 = DIRECTION('',(0.,-1.,-3.246826000097E-25));
#2378 = DEFINITIONAL_REPRESENTATION('',(#2379),#2382);
#2379 = B_SPLINE_CURVE_WITH_KNOTS('',1,(#2380,#2381),.UNSPECIFIED.,.F.,
  .F.,(2,2),(0.,2.5),.PIECEWISE_BEZIER_KNOTS.);
#2380 = CARTESIAN_POINT('',(9.499068988923E-03,1.250327299303));
#2381 = CARTESIAN_POINT('',(9.499068988923E-03,-1.249672700697));
#2382 = ( GEOMETRIC_REPRESENTATION_CONTEXT(2) 
PARAMETRIC_REPRESENTATION_CONTEXT() REPRESENTATION_CONTEXT('2D SPACE',''
  ) );
#2383 = ORIENTED_EDGE('',*,*,#2384,.T.);
#2384 = EDGE_CURVE('',#2358,#2324,#2385,.T.);
#2385 = SURFACE_CURVE('',#2386,(#2390,#2397),.PCURVE_S1.);
#2386 = LINE('',#2387,#2388);
#2387 = CARTESIAN_POINT('',(-15.5,-25.90041542053,334.));
#2388 = VECTOR('',#2389,1.);
#2389 = DIRECTION('',(-0.182089260182,0.,0.983282004984));
#2390 = PCURVE('',#2334,#2391);
#2391 = DEFINITIONAL_REPRESENTATION('',(#2392),#2396);
#2392 = LINE('',#2393,#2394);
#2393 = CARTESIAN_POINT('',(-1.817617445564,6.182382554436));
#2394 = VECTOR('',#2395,1.);
#2395 = DIRECTION('',(0.182089260182,-0.983282004984));
#2396 = ( GEOMETRIC_REPRESENTATION_CONTEXT(2) 
PARAMETRIC_REPRESENTATION_CONTEXT() REPRESENTATION_CONTEXT('2D SPACE',''
  ) );
#2397 = PCURVE('',#2398,#2403);
#2398 = PLANE('',#2399);
#2399 = AXIS2_PLACEMENT_3D('',#2400,#2401,#2402);
#2400 = CARTESIAN_POINT('',(-14.53803762015,-25.90041542053,
    342.23732018415));
#2401 = DIRECTION('',(6.018795138941E-30,-1.,-8.301436626845E-30));
#2402 = DIRECTION('',(0.,8.301436626845E-30,-1.));
#2403 = DEFINITIONAL_REPRESENTATION('',(#2404),#2407);
#2404 = B_SPLINE_CURVE_WITH_KNOTS('',1,(#2405,#2406),.UNSPECIFIED.,.F.,
  .F.,(2,2),(0.,13.729530217746),.PIECEWISE_BEZIER_KNOTS.);
#2405 = CARTESIAN_POINT('',(8.237320184151,-0.961962379842));
#2406 = CARTESIAN_POINT('',(-5.262679815849,-3.461962379842));
#2407 = ( GEOMETRIC_REPRESENTATION_CONTEXT(2) 
PARAMETRIC_REPRESENTATION_CONTEXT() REPRESENTATION_CONTEXT('2D SPACE',''
  ) );
#2408 = ADVANCED_FACE('',(#2409),#2398,.T.);
#2409 = FACE_BOUND('',#2410,.T.);
#2410 = EDGE_LOOP('',(#2411,#2436,#2437));
#2411 = ORIENTED_EDGE('',*,*,#2412,.T.);
#2412 = EDGE_CURVE('',#1764,#2324,#2413,.T.);
#2413 = SURFACE_CURVE('',#2414,(#2418,#2425),.PCURVE_S1.);
#2414 = LINE('',#2415,#2416);
#2415 = CARTESIAN_POINT('',(-10.,-25.90041542053,347.5));
#2416 = VECTOR('',#2417,1.);
#2417 = DIRECTION('',(-1.,0.,0.));
#2418 = PCURVE('',#2398,#2419);
#2419 = DEFINITIONAL_REPRESENTATION('',(#2420),#2424);
#2420 = LINE('',#2421,#2422);
#2421 = CARTESIAN_POINT('',(-5.262679815849,4.538037620158));
#2422 = VECTOR('',#2423,1.);
#2423 = DIRECTION('',(0.,-1.));
#2424 = ( GEOMETRIC_REPRESENTATION_CONTEXT(2) 
PARAMETRIC_REPRESENTATION_CONTEXT() REPRESENTATION_CONTEXT('2D SPACE',''
  ) );
#2425 = PCURVE('',#2426,#2431);
#2426 = PLANE('',#2427);
#2427 = AXIS2_PLACEMENT_3D('',#2428,#2429,#2430);
#2428 = CARTESIAN_POINT('',(-14.05141063728,-25.89846447462,
    347.54954697375));
#2429 = DIRECTION('',(-3.779174586386E-20,-0.999225678108,
    3.934519296793E-02));
#2430 = DIRECTION('',(0.,-3.934519296793E-02,-0.999225678108));
#2431 = DEFINITIONAL_REPRESENTATION('',(#2432),#2435);
#2432 = B_SPLINE_CURVE_WITH_KNOTS('',1,(#2433,#2434),.UNSPECIFIED.,.F.,
  .F.,(2,2),(0.,8.),.PIECEWISE_BEZIER_KNOTS.);
#2433 = CARTESIAN_POINT('',(4.958536879148E-02,4.051410637288));
#2434 = CARTESIAN_POINT('',(4.958536879148E-02,-3.948589362712));
#2435 = ( GEOMETRIC_REPRESENTATION_CONTEXT(2) 
PARAMETRIC_REPRESENTATION_CONTEXT() REPRESENTATION_CONTEXT('2D SPACE',''
  ) );
#2436 = ORIENTED_EDGE('',*,*,#2384,.F.);
#2437 = ORIENTED_EDGE('',*,*,#2438,.T.);
#2438 = EDGE_CURVE('',#2358,#1764,#2439,.T.);
#2439 = SURFACE_CURVE('',#2440,(#2444,#2451),.PCURVE_S1.);
#2440 = LINE('',#2441,#2442);
#2441 = CARTESIAN_POINT('',(-15.5,-25.90041542053,334.));
#2442 = VECTOR('',#2443,1.);
#2443 = DIRECTION('',(0.377296887314,0.,0.92609235977));
#2444 = PCURVE('',#2398,#2445);
#2445 = DEFINITIONAL_REPRESENTATION('',(#2446),#2450);
#2446 = LINE('',#2447,#2448);
#2447 = CARTESIAN_POINT('',(8.237320184151,-0.961962379842));
#2448 = VECTOR('',#2449,1.);
#2449 = DIRECTION('',(-0.92609235977,0.377296887314));
#2450 = ( GEOMETRIC_REPRESENTATION_CONTEXT(2) 
PARAMETRIC_REPRESENTATION_CONTEXT() REPRESENTATION_CONTEXT('2D SPACE',''
  ) );
#2451 = PCURVE('',#2283,#2452);
#2452 = DEFINITIONAL_REPRESENTATION('',(#2453),#2456);
#2453 = B_SPLINE_CURVE_WITH_KNOTS('',1,(#2454,#2455),.UNSPECIFIED.,.F.,
  .F.,(2,2),(0.,14.577379737113),.PIECEWISE_BEZIER_KNOTS.);
#2454 = CARTESIAN_POINT('',(-1.648764736552,-4.08227450405));
#2455 = CARTESIAN_POINT('',(-15.14876473655,1.41772549595));
#2456 = ( GEOMETRIC_REPRESENTATION_CONTEXT(2) 
PARAMETRIC_REPRESENTATION_CONTEXT() REPRESENTATION_CONTEXT('2D SPACE',''
  ) );
#2457 = ADVANCED_FACE('',(#2458),#2283,.T.);
#2458 = FACE_BOUND('',#2459,.T.);
#2459 = EDGE_LOOP('',(#2460,#2461,#2462));
#2460 = ORIENTED_EDGE('',*,*,#2268,.T.);
#2461 = ORIENTED_EDGE('',*,*,#2438,.F.);
#2462 = ORIENTED_EDGE('',*,*,#2463,.T.);
#2463 = EDGE_CURVE('',#2358,#2269,#2464,.T.);
#2464 = SURFACE_CURVE('',#2465,(#2469,#2476),.PCURVE_S1.);
#2465 = LINE('',#2466,#2467);
#2466 = CARTESIAN_POINT('',(-15.5,-25.90041542053,334.));
#2467 = VECTOR('',#2468,1.);
#2468 = DIRECTION('',(0.30946783439,0.,-0.950909911336));
#2469 = PCURVE('',#2283,#2470);
#2470 = DEFINITIONAL_REPRESENTATION('',(#2471),#2475);
#2471 = LINE('',#2472,#2473);
#2472 = CARTESIAN_POINT('',(-1.648764736552,-4.08227450405));
#2473 = VECTOR('',#2474,1.);
#2474 = DIRECTION('',(0.950909911336,0.30946783439));
#2475 = ( GEOMETRIC_REPRESENTATION_CONTEXT(2) 
PARAMETRIC_REPRESENTATION_CONTEXT() REPRESENTATION_CONTEXT('2D SPACE',''
  ) );
#2476 = PCURVE('',#2477,#2482);
#2477 = PLANE('',#2478);
#2478 = AXIS2_PLACEMENT_3D('',#2479,#2480,#2481);
#2479 = CARTESIAN_POINT('',(-13.05729698373,-25.90041542053,
    325.48722774744));
#2480 = DIRECTION('',(-0.,-1.,-0.));
#2481 = DIRECTION('',(0.,0.,-1.));
#2482 = DEFINITIONAL_REPRESENTATION('',(#2483),#2486);
#2483 = B_SPLINE_CURVE_WITH_KNOTS('',1,(#2484,#2485),.UNSPECIFIED.,.F.,
  .F.,(2,2),(0.,17.772444786838),.PIECEWISE_BEZIER_KNOTS.);
#2484 = CARTESIAN_POINT('',(-8.51277225256,-2.442703016261));
#2485 = CARTESIAN_POINT('',(8.387221643925,3.057296983739));
#2486 = ( GEOMETRIC_REPRESENTATION_CONTEXT(2) 
PARAMETRIC_REPRESENTATION_CONTEXT() REPRESENTATION_CONTEXT('2D SPACE',''
  ) );
#2487 = ADVANCED_FACE('',(#2488),#2477,.T.);
#2488 = FACE_BOUND('',#2489,.T.);
#2489 = EDGE_LOOP('',(#2490,#2517,#2518));
#2490 = ORIENTED_EDGE('',*,*,#2491,.T.);
#2491 = EDGE_CURVE('',#2492,#2269,#2494,.T.);
#2492 = VERTEX_POINT('',#2493);
#2493 = CARTESIAN_POINT('',(-15.5,-25.90041542053,330.));
#2494 = SURFACE_CURVE('',#2495,(#2499,#2506),.PCURVE_S1.);
#2495 = LINE('',#2496,#2497);
#2496 = CARTESIAN_POINT('',(-15.5,-25.90041542053,330.));
#2497 = VECTOR('',#2498,1.);
#2498 = DIRECTION('',(0.392197522537,0.,-0.919881026718));
#2499 = PCURVE('',#2477,#2500);
#2500 = DEFINITIONAL_REPRESENTATION('',(#2501),#2505);
#2501 = LINE('',#2502,#2503);
#2502 = CARTESIAN_POINT('',(-4.51277225256,-2.442703016261));
#2503 = VECTOR('',#2504,1.);
#2504 = DIRECTION('',(0.919881026718,0.392197522537));
#2505 = ( GEOMETRIC_REPRESENTATION_CONTEXT(2) 
PARAMETRIC_REPRESENTATION_CONTEXT() REPRESENTATION_CONTEXT('2D SPACE',''
  ) );
#2506 = PCURVE('',#2507,#2512);
#2507 = PLANE('',#2508);
#2508 = AXIS2_PLACEMENT_3D('',#2509,#2510,#2511);
#2509 = CARTESIAN_POINT('',(-16.22456121447,-25.90041542053,
    321.55097368182));
#2510 = DIRECTION('',(-0.,-1.,-0.));
#2511 = DIRECTION('',(0.,0.,-1.));
#2512 = DEFINITIONAL_REPRESENTATION('',(#2513),#2516);
#2513 = B_SPLINE_CURVE_WITH_KNOTS('',1,(#2514,#2515),.UNSPECIFIED.,.F.,
  .F.,(2,2),(0.,14.023546004108),.PIECEWISE_BEZIER_KNOTS.);
#2514 = CARTESIAN_POINT('',(-8.449026318177,0.724561214474));
#2515 = CARTESIAN_POINT('',(4.450967578308,6.224561214474));
#2516 = ( GEOMETRIC_REPRESENTATION_CONTEXT(2) 
PARAMETRIC_REPRESENTATION_CONTEXT() REPRESENTATION_CONTEXT('2D SPACE',''
  ) );
#2517 = ORIENTED_EDGE('',*,*,#2463,.F.);
#2518 = ORIENTED_EDGE('',*,*,#2519,.F.);
#2519 = EDGE_CURVE('',#2492,#2358,#2520,.T.);
#2520 = SURFACE_CURVE('',#2521,(#2525,#2531),.PCURVE_S1.);
#2521 = LINE('',#2522,#2523);
#2522 = CARTESIAN_POINT('',(-15.5,-25.90041542053,330.));
#2523 = VECTOR('',#2524,1.);
#2524 = DIRECTION('',(0.,0.,1.));
#2525 = PCURVE('',#2477,#2526);
#2526 = DEFINITIONAL_REPRESENTATION('',(#2527),#2530);
#2527 = B_SPLINE_CURVE_WITH_KNOTS('',1,(#2528,#2529),.UNSPECIFIED.,.F.,
  .F.,(2,2),(0.,4.),.PIECEWISE_BEZIER_KNOTS.);
#2528 = CARTESIAN_POINT('',(-4.51277225256,-2.442703016261));
#2529 = CARTESIAN_POINT('',(-8.51277225256,-2.442703016261));
#2530 = ( GEOMETRIC_REPRESENTATION_CONTEXT(2) 
PARAMETRIC_REPRESENTATION_CONTEXT() REPRESENTATION_CONTEXT('2D SPACE',''
  ) );
#2531 = PCURVE('',#2532,#2537);
#2532 = PLANE('',#2533);
#2533 = AXIS2_PLACEMENT_3D('',#2534,#2535,#2536);
#2534 = CARTESIAN_POINT('',(-15.61442448826,-25.89040445923,
    331.89697233878));
#2535 = DIRECTION('',(-8.715674276768E-02,-0.996194610601,
    -2.976267356327E-18));
#2536 = DIRECTION('',(-0.996194610601,8.715674276768E-02,
    -4.814824860968E-35));
#2537 = DEFINITIONAL_REPRESENTATION('',(#2538),#2542);
#2538 = LINE('',#2539,#2540);
#2539 = CARTESIAN_POINT('',(-0.114861581305,1.89697233878));
#2540 = VECTOR('',#2541,1.);
#2541 = DIRECTION('',(0.,-1.));
#2542 = ( GEOMETRIC_REPRESENTATION_CONTEXT(2) 
PARAMETRIC_REPRESENTATION_CONTEXT() REPRESENTATION_CONTEXT('2D SPACE',''
  ) );
#2543 = ADVANCED_FACE('',(#2544),#2532,.T.);
#2544 = FACE_BOUND('',#2545,.T.);
#2545 = EDGE_LOOP('',(#2546,#2573,#2574));
#2546 = ORIENTED_EDGE('',*,*,#2547,.T.);
#2547 = EDGE_CURVE('',#2548,#2492,#2550,.T.);
#2548 = VERTEX_POINT('',#2549);
#2549 = CARTESIAN_POINT('',(-15.93412017822,-25.8624343872,330.));
#2550 = SURFACE_CURVE('',#2551,(#2555,#2562),.PCURVE_S1.);
#2551 = LINE('',#2552,#2553);
#2552 = CARTESIAN_POINT('',(-15.93412017822,-25.8624343872,330.));
#2553 = VECTOR('',#2554,1.);
#2554 = DIRECTION('',(0.996194610601,-8.715674276768E-02,0.));
#2555 = PCURVE('',#2532,#2556);
#2556 = DEFINITIONAL_REPRESENTATION('',(#2557),#2561);
#2557 = LINE('',#2558,#2559);
#2558 = CARTESIAN_POINT('',(0.320916903745,1.89697233878));
#2559 = VECTOR('',#2560,1.);
#2560 = DIRECTION('',(-1.,6.844241779252E-36));
#2561 = ( GEOMETRIC_REPRESENTATION_CONTEXT(2) 
PARAMETRIC_REPRESENTATION_CONTEXT() REPRESENTATION_CONTEXT('2D SPACE',''
  ) );
#2562 = PCURVE('',#2563,#2568);
#2563 = PLANE('',#2564);
#2564 = AXIS2_PLACEMENT_3D('',#2565,#2566,#2567);
#2565 = CARTESIAN_POINT('',(-19.24961094291,-25.89091904797,330.));
#2566 = DIRECTION('',(1.084302299795E-27,-4.570777353072E-25,1.));
#2567 = DIRECTION('',(0.,1.,4.570777353072E-25));
#2568 = DEFINITIONAL_REPRESENTATION('',(#2569),#2572);
#2569 = B_SPLINE_CURVE_WITH_KNOTS('',1,(#2570,#2571),.UNSPECIFIED.,.F.,
  .F.,(2,2),(0.,0.43577848505),.PIECEWISE_BEZIER_KNOTS.);
#2570 = CARTESIAN_POINT('',(2.848466077045E-02,-3.315490764689));
#2571 = CARTESIAN_POINT('',(-9.49637255475E-03,-3.749610942912));
#2572 = ( GEOMETRIC_REPRESENTATION_CONTEXT(2) 
PARAMETRIC_REPRESENTATION_CONTEXT() REPRESENTATION_CONTEXT('2D SPACE',''
  ) );
#2573 = ORIENTED_EDGE('',*,*,#2519,.T.);
#2574 = ORIENTED_EDGE('',*,*,#2575,.T.);
#2575 = EDGE_CURVE('',#2358,#2548,#2576,.T.);
#2576 = SURFACE_CURVE('',#2577,(#2581,#2588),.PCURVE_S1.);
#2577 = LINE('',#2578,#2579);
#2578 = CARTESIAN_POINT('',(-15.5,-25.90041542053,334.));
#2579 = VECTOR('',#2580,1.);
#2580 = DIRECTION('',(-0.10789165395,9.439405744678E-03,-0.994117844436)
  );
#2581 = PCURVE('',#2532,#2582);
#2582 = DEFINITIONAL_REPRESENTATION('',(#2583),#2587);
#2583 = LINE('',#2584,#2585);
#2584 = CARTESIAN_POINT('',(-0.114861581305,-2.10302766122));
#2585 = VECTOR('',#2586,1.);
#2586 = DIRECTION('',(0.108303792052,0.994117844436));
#2587 = ( GEOMETRIC_REPRESENTATION_CONTEXT(2) 
PARAMETRIC_REPRESENTATION_CONTEXT() REPRESENTATION_CONTEXT('2D SPACE',''
  ) );
#2588 = PCURVE('',#2589,#2594);
#2589 = PLANE('',#2590);
#2590 = AXIS2_PLACEMENT_3D('',#2591,#2592,#2593);
#2591 = CARTESIAN_POINT('',(-15.81969568996,-25.8724453485,
    332.10302766122));
#2592 = DIRECTION('',(-8.715674276768E-02,-0.996194610601,
    -1.241490940791E-18));
#2593 = DIRECTION('',(-0.996194610601,8.715674276768E-02,
    -1.203706215242E-35));
#2594 = DEFINITIONAL_REPRESENTATION('',(#2595),#2598);
#2595 = B_SPLINE_CURVE_WITH_KNOTS('',1,(#2596,#2597),.UNSPECIFIED.,.F.,
  .F.,(2,2),(0.,4.023667840172),.PIECEWISE_BEZIER_KNOTS.);
#2596 = CARTESIAN_POINT('',(-0.320916903745,-1.89697233878));
#2597 = CARTESIAN_POINT('',(0.114861581305,2.10302766122));
#2598 = ( GEOMETRIC_REPRESENTATION_CONTEXT(2) 
PARAMETRIC_REPRESENTATION_CONTEXT() REPRESENTATION_CONTEXT('2D SPACE',''
  ) );
#2599 = ADVANCED_FACE('',(#2600),#2589,.T.);
#2600 = FACE_BOUND('',#2601,.T.);
#2601 = EDGE_LOOP('',(#2602,#2629,#2630));
#2602 = ORIENTED_EDGE('',*,*,#2603,.T.);
#2603 = EDGE_CURVE('',#2604,#2548,#2606,.T.);
#2604 = VERTEX_POINT('',#2605);
#2605 = CARTESIAN_POINT('',(-15.93412017822,-25.8624343872,334.));
#2606 = SURFACE_CURVE('',#2607,(#2611,#2618),.PCURVE_S1.);
#2607 = LINE('',#2608,#2609);
#2608 = CARTESIAN_POINT('',(-15.93412017822,-25.8624343872,334.));
#2609 = VECTOR('',#2610,1.);
#2610 = DIRECTION('',(0.,0.,-1.));
#2611 = PCURVE('',#2589,#2612);
#2612 = DEFINITIONAL_REPRESENTATION('',(#2613),#2617);
#2613 = LINE('',#2614,#2615);
#2614 = CARTESIAN_POINT('',(0.114861581305,-1.89697233878));
#2615 = VECTOR('',#2616,1.);
#2616 = DIRECTION('',(0.,1.));
#2617 = ( GEOMETRIC_REPRESENTATION_CONTEXT(2) 
PARAMETRIC_REPRESENTATION_CONTEXT() REPRESENTATION_CONTEXT('2D SPACE',''
  ) );
#2618 = PCURVE('',#2619,#2624);
#2619 = PLANE('',#2620);
#2620 = AXIS2_PLACEMENT_3D('',#2621,#2622,#2623);
#2621 = CARTESIAN_POINT('',(-16.04506826717,-25.83270615723,
    331.89697211729));
#2622 = DIRECTION('',(-0.258817251029,-0.965926307008,
    -2.443477117313E-18));
#2623 = DIRECTION('',(-0.965926307008,0.258817251029,9.629649721936E-35)
  );
#2624 = DEFINITIONAL_REPRESENTATION('',(#2625),#2628);
#2625 = B_SPLINE_CURVE_WITH_KNOTS('',1,(#2626,#2627),.UNSPECIFIED.,.F.,
  .F.,(2,2),(0.,4.),.PIECEWISE_BEZIER_KNOTS.);
#2626 = CARTESIAN_POINT('',(-0.114861856592,-2.103027882704));
#2627 = CARTESIAN_POINT('',(-0.114861856592,1.896972117296));
#2628 = ( GEOMETRIC_REPRESENTATION_CONTEXT(2) 
PARAMETRIC_REPRESENTATION_CONTEXT() REPRESENTATION_CONTEXT('2D SPACE',''
  ) );
#2629 = ORIENTED_EDGE('',*,*,#2575,.F.);
#2630 = ORIENTED_EDGE('',*,*,#2631,.T.);
#2631 = EDGE_CURVE('',#2358,#2604,#2632,.T.);
#2632 = SURFACE_CURVE('',#2633,(#2637,#2644),.PCURVE_S1.);
#2633 = LINE('',#2634,#2635);
#2634 = CARTESIAN_POINT('',(-15.5,-25.90041542053,334.));
#2635 = VECTOR('',#2636,1.);
#2636 = DIRECTION('',(-0.996194610601,8.715674276768E-02,0.));
#2637 = PCURVE('',#2589,#2638);
#2638 = DEFINITIONAL_REPRESENTATION('',(#2639),#2643);
#2639 = LINE('',#2640,#2641);
#2640 = CARTESIAN_POINT('',(-0.320916903745,-1.89697233878));
#2641 = VECTOR('',#2642,1.);
#2642 = DIRECTION('',(1.,0.));
#2643 = ( GEOMETRIC_REPRESENTATION_CONTEXT(2) 
PARAMETRIC_REPRESENTATION_CONTEXT() REPRESENTATION_CONTEXT('2D SPACE',''
  ) );
#2644 = PCURVE('',#2373,#2645);
#2645 = DEFINITIONAL_REPRESENTATION('',(#2646),#2649);
#2646 = B_SPLINE_CURVE_WITH_KNOTS('',1,(#2647,#2648),.UNSPECIFIED.,.F.,
  .F.,(2,2),(0.,0.43577848505),.PIECEWISE_BEZIER_KNOTS.);
#2647 = CARTESIAN_POINT('',(9.499068988923E-03,-1.249672700697));
#2648 = CARTESIAN_POINT('',(-2.848196433627E-02,-0.815552522474));
#2649 = ( GEOMETRIC_REPRESENTATION_CONTEXT(2) 
PARAMETRIC_REPRESENTATION_CONTEXT() REPRESENTATION_CONTEXT('2D SPACE',''
  ) );
#2650 = ADVANCED_FACE('',(#2651),#2619,.T.);
#2651 = FACE_BOUND('',#2652,.T.);
#2652 = EDGE_LOOP('',(#2653,#2680,#2681));
#2653 = ORIENTED_EDGE('',*,*,#2654,.T.);
#2654 = EDGE_CURVE('',#2655,#2548,#2657,.T.);
#2655 = VERTEX_POINT('',#2656);
#2656 = CARTESIAN_POINT('',(-16.35505104064,-25.7496471405,330.));
#2657 = SURFACE_CURVE('',#2658,(#2662,#2669),.PCURVE_S1.);
#2658 = LINE('',#2659,#2660);
#2659 = CARTESIAN_POINT('',(-16.35505104064,-25.7496471405,330.));
#2660 = VECTOR('',#2661,1.);
#2661 = DIRECTION('',(0.965926307008,-0.258817251029,0.));
#2662 = PCURVE('',#2619,#2663);
#2663 = DEFINITIONAL_REPRESENTATION('',(#2664),#2668);
#2664 = LINE('',#2665,#2666);
#2665 = CARTESIAN_POINT('',(0.320917622,1.896972117296));
#2666 = VECTOR('',#2667,1.);
#2667 = DIRECTION('',(-1.,-1.925929944387E-34));
#2668 = ( GEOMETRIC_REPRESENTATION_CONTEXT(2) 
PARAMETRIC_REPRESENTATION_CONTEXT() REPRESENTATION_CONTEXT('2D SPACE',''
  ) );
#2669 = PCURVE('',#2670,#2675);
#2670 = PLANE('',#2671);
#2671 = AXIS2_PLACEMENT_3D('',#2672,#2673,#2674);
#2672 = CARTESIAN_POINT('',(-19.46359862753,-25.85261037628,330.));
#2673 = DIRECTION('',(0.,0.,1.));
#2674 = DIRECTION('',(1.,0.,-0.));
#2675 = DEFINITIONAL_REPRESENTATION('',(#2676),#2679);
#2676 = B_SPLINE_CURVE_WITH_KNOTS('',1,(#2677,#2678),.UNSPECIFIED.,.F.,
  .F.,(2,2),(0.,0.435779478593),.PIECEWISE_BEZIER_KNOTS.);
#2677 = CARTESIAN_POINT('',(3.108547586886,0.102963235779));
#2678 = CARTESIAN_POINT('',(3.529478449313,-9.824010925531E-03));
#2679 = ( GEOMETRIC_REPRESENTATION_CONTEXT(2) 
PARAMETRIC_REPRESENTATION_CONTEXT() REPRESENTATION_CONTEXT('2D SPACE',''
  ) );
#2680 = ORIENTED_EDGE('',*,*,#2603,.F.);
#2681 = ORIENTED_EDGE('',*,*,#2682,.T.);
#2682 = EDGE_CURVE('',#2604,#2655,#2683,.T.);
#2683 = SURFACE_CURVE('',#2684,(#2688,#2695),.PCURVE_S1.);
#2684 = LINE('',#2685,#2686);
#2685 = CARTESIAN_POINT('',(-15.93412017822,-25.8624343872,334.));
#2686 = VECTOR('',#2687,1.);
#2687 = DIRECTION('',(-0.104613717605,2.803095289372E-02,-0.994117817851
    ));
#2688 = PCURVE('',#2619,#2689);
#2689 = DEFINITIONAL_REPRESENTATION('',(#2690),#2694);
#2690 = LINE('',#2691,#2692);
#2691 = CARTESIAN_POINT('',(-0.114861856592,-2.103027882704));
#2692 = VECTOR('',#2693,1.);
#2693 = DIRECTION('',(0.108304036081,0.994117817851));
#2694 = ( GEOMETRIC_REPRESENTATION_CONTEXT(2) 
PARAMETRIC_REPRESENTATION_CONTEXT() REPRESENTATION_CONTEXT('2D SPACE',''
  ) );
#2695 = PCURVE('',#2696,#2701);
#2696 = PLANE('',#2697);
#2697 = AXIS2_PLACEMENT_3D('',#2698,#2699,#2700);
#2698 = CARTESIAN_POINT('',(-16.24410295169,-25.77937537047,
    332.1030278827));
#2699 = DIRECTION('',(-0.258817251029,-0.965926307008,-0.));
#2700 = DIRECTION('',(-0.965926307008,0.258817251029,0.));
#2701 = DEFINITIONAL_REPRESENTATION('',(#2702),#2705);
#2702 = B_SPLINE_CURVE_WITH_KNOTS('',1,(#2703,#2704),.UNSPECIFIED.,.F.,
  .F.,(2,2),(0.,4.023667947776),.PIECEWISE_BEZIER_KNOTS.);
#2703 = CARTESIAN_POINT('',(-0.320917622,-1.896972117296));
#2704 = CARTESIAN_POINT('',(0.114861856592,2.103027882704));
#2705 = ( GEOMETRIC_REPRESENTATION_CONTEXT(2) 
PARAMETRIC_REPRESENTATION_CONTEXT() REPRESENTATION_CONTEXT('2D SPACE',''
  ) );
#2706 = ADVANCED_FACE('',(#2707),#2696,.T.);
#2707 = FACE_BOUND('',#2708,.T.);
#2708 = EDGE_LOOP('',(#2709,#2736,#2737));
#2709 = ORIENTED_EDGE('',*,*,#2710,.T.);
#2710 = EDGE_CURVE('',#2711,#2655,#2713,.T.);
#2711 = VERTEX_POINT('',#2712);
#2712 = CARTESIAN_POINT('',(-16.35505104064,-25.7496471405,334.));
#2713 = SURFACE_CURVE('',#2714,(#2718,#2725),.PCURVE_S1.);
#2714 = LINE('',#2715,#2716);
#2715 = CARTESIAN_POINT('',(-16.35505104064,-25.7496471405,334.));
#2716 = VECTOR('',#2717,1.);
#2717 = DIRECTION('',(0.,0.,-1.));
#2718 = PCURVE('',#2696,#2719);
#2719 = DEFINITIONAL_REPRESENTATION('',(#2720),#2724);
#2720 = LINE('',#2721,#2722);
#2721 = CARTESIAN_POINT('',(0.114861856592,-1.896972117296));
#2722 = VECTOR('',#2723,1.);
#2723 = DIRECTION('',(0.,1.));
#2724 = ( GEOMETRIC_REPRESENTATION_CONTEXT(2) 
PARAMETRIC_REPRESENTATION_CONTEXT() REPRESENTATION_CONTEXT('2D SPACE',''
  ) );
#2725 = PCURVE('',#2726,#2731);
#2726 = PLANE('',#2727);
#2727 = AXIS2_PLACEMENT_3D('',#2728,#2729,#2730);
#2728 = CARTESIAN_POINT('',(-16.45915085529,-25.70110456344,
    331.89697244266));
#2729 = DIRECTION('',(-0.422618521126,-0.906307666083,
    -4.886955112453E-18));
#2730 = DIRECTION('',(-0.906307666083,0.422618521126,-3.851859888774E-34
    ));
#2731 = DEFINITIONAL_REPRESENTATION('',(#2732),#2735);
#2732 = B_SPLINE_CURVE_WITH_KNOTS('',1,(#2733,#2734),.UNSPECIFIED.,.F.,
  .F.,(2,2),(0.,4.),.PIECEWISE_BEZIER_KNOTS.);
#2733 = CARTESIAN_POINT('',(-0.11486145218,-2.103027557331));
#2734 = CARTESIAN_POINT('',(-0.11486145218,1.896972442669));
#2735 = ( GEOMETRIC_REPRESENTATION_CONTEXT(2) 
PARAMETRIC_REPRESENTATION_CONTEXT() REPRESENTATION_CONTEXT('2D SPACE',''
  ) );
#2736 = ORIENTED_EDGE('',*,*,#2682,.F.);
#2737 = ORIENTED_EDGE('',*,*,#2738,.T.);
#2738 = EDGE_CURVE('',#2604,#2711,#2739,.T.);
#2739 = SURFACE_CURVE('',#2740,(#2744,#2751),.PCURVE_S1.);
#2740 = LINE('',#2741,#2742);
#2741 = CARTESIAN_POINT('',(-15.93412017822,-25.8624343872,334.));
#2742 = VECTOR('',#2743,1.);
#2743 = DIRECTION('',(-0.965926307008,0.258817251029,0.));
#2744 = PCURVE('',#2696,#2745);
#2745 = DEFINITIONAL_REPRESENTATION('',(#2746),#2750);
#2746 = LINE('',#2747,#2748);
#2747 = CARTESIAN_POINT('',(-0.320917622,-1.896972117296));
#2748 = VECTOR('',#2749,1.);
#2749 = DIRECTION('',(1.,0.));
#2750 = ( GEOMETRIC_REPRESENTATION_CONTEXT(2) 
PARAMETRIC_REPRESENTATION_CONTEXT() REPRESENTATION_CONTEXT('2D SPACE',''
  ) );
#2751 = PCURVE('',#2752,#2757);
#2752 = PLANE('',#2753);
#2753 = AXIS2_PLACEMENT_3D('',#2754,#2755,#2756);
#2754 = CARTESIAN_POINT('',(-16.96446936899,-25.85109057476,334.));
#2755 = DIRECTION('',(1.472004178471E-27,-4.053764913075E-26,-1.));
#2756 = DIRECTION('',(0.,-1.,4.053764913075E-26));
#2757 = DEFINITIONAL_REPRESENTATION('',(#2758),#2761);
#2758 = B_SPLINE_CURVE_WITH_KNOTS('',1,(#2759,#2760),.UNSPECIFIED.,.F.,
  .F.,(2,2),(0.,0.435779478593),.PIECEWISE_BEZIER_KNOTS.);
#2759 = CARTESIAN_POINT('',(1.134381244637E-02,-1.030349190774));
#2760 = CARTESIAN_POINT('',(-0.101443434258,-0.609418328347));
#2761 = ( GEOMETRIC_REPRESENTATION_CONTEXT(2) 
PARAMETRIC_REPRESENTATION_CONTEXT() REPRESENTATION_CONTEXT('2D SPACE',''
  ) );
#2762 = ADVANCED_FACE('',(#2763),#2726,.T.);
#2763 = FACE_BOUND('',#2764,.T.);
#2764 = EDGE_LOOP('',(#2765,#2792,#2793));
#2765 = ORIENTED_EDGE('',*,*,#2766,.T.);
#2766 = EDGE_CURVE('',#2767,#2655,#2769,.T.);
#2767 = VERTEX_POINT('',#2768);
#2768 = CARTESIAN_POINT('',(-16.75,-25.56547927856,330.));
#2769 = SURFACE_CURVE('',#2770,(#2774,#2781),.PCURVE_S1.);
#2770 = LINE('',#2771,#2772);
#2771 = CARTESIAN_POINT('',(-16.75,-25.56547927856,330.));
#2772 = VECTOR('',#2773,1.);
#2773 = DIRECTION('',(0.906307666083,-0.422618521126,0.));
#2774 = PCURVE('',#2726,#2775);
#2775 = DEFINITIONAL_REPRESENTATION('',(#2776),#2780);
#2776 = LINE('',#2777,#2778);
#2777 = CARTESIAN_POINT('',(0.320916566842,1.896972442669));
#2778 = VECTOR('',#2779,1.);
#2779 = DIRECTION('',(-1.,1.139054845697E-34));
#2780 = ( GEOMETRIC_REPRESENTATION_CONTEXT(2) 
PARAMETRIC_REPRESENTATION_CONTEXT() REPRESENTATION_CONTEXT('2D SPACE',''
  ) );
#2781 = PCURVE('',#2782,#2787);
#2782 = PLANE('',#2783);
#2783 = AXIS2_PLACEMENT_3D('',#2784,#2785,#2786);
#2784 = CARTESIAN_POINT('',(-19.66809474229,-25.77636104826,330.));
#2785 = DIRECTION('',(-6.361437612642E-27,1.766255559864E-25,1.));
#2786 = DIRECTION('',(0.,1.,-1.766255559864E-25));
#2787 = DEFINITIONAL_REPRESENTATION('',(#2788),#2791);
#2788 = B_SPLINE_CURVE_WITH_KNOTS('',1,(#2789,#2790),.UNSPECIFIED.,.F.,
  .F.,(2,2),(0.,0.435778019022),.PIECEWISE_BEZIER_KNOTS.);
#2789 = CARTESIAN_POINT('',(0.210881769705,-2.918094742294));
#2790 = CARTESIAN_POINT('',(2.671390776618E-02,-3.313043701645));
#2791 = ( GEOMETRIC_REPRESENTATION_CONTEXT(2) 
PARAMETRIC_REPRESENTATION_CONTEXT() REPRESENTATION_CONTEXT('2D SPACE',''
  ) );
#2792 = ORIENTED_EDGE('',*,*,#2710,.F.);
#2793 = ORIENTED_EDGE('',*,*,#2794,.T.);
#2794 = EDGE_CURVE('',#2711,#2767,#2795,.T.);
#2795 = SURFACE_CURVE('',#2796,(#2800,#2807),.PCURVE_S1.);
#2796 = LINE('',#2797,#2798);
#2797 = CARTESIAN_POINT('',(-16.35505104064,-25.7496471405,334.));
#2798 = VECTOR('',#2799,1.);
#2799 = DIRECTION('',(-9.815645326428E-02,4.577114005534E-02,
    -0.994117856907));
#2800 = PCURVE('',#2726,#2801);
#2801 = DEFINITIONAL_REPRESENTATION('',(#2802),#2806);
#2802 = LINE('',#2803,#2804);
#2803 = CARTESIAN_POINT('',(-0.11486145218,-2.103027557331));
#2804 = VECTOR('',#2805,1.);
#2805 = DIRECTION('',(0.108303677589,0.994117856907));
#2806 = ( GEOMETRIC_REPRESENTATION_CONTEXT(2) 
PARAMETRIC_REPRESENTATION_CONTEXT() REPRESENTATION_CONTEXT('2D SPACE',''
  ) );
#2807 = PCURVE('',#2808,#2813);
#2808 = PLANE('',#2809);
#2809 = AXIS2_PLACEMENT_3D('',#2810,#2811,#2812);
#2810 = CARTESIAN_POINT('',(-16.64590018535,-25.61402185561,
    332.10302755733));
#2811 = DIRECTION('',(-0.422618521126,-0.906307666083,9.773910224906E-18
    ));
#2812 = DIRECTION('',(-0.906307666083,0.422618521126,0.));
#2813 = DEFINITIONAL_REPRESENTATION('',(#2814),#2817);
#2814 = B_SPLINE_CURVE_WITH_KNOTS('',1,(#2815,#2816),.UNSPECIFIED.,.F.,
  .F.,(2,2),(0.,4.023667789699),.PIECEWISE_BEZIER_KNOTS.);
#2815 = CARTESIAN_POINT('',(-0.320916566842,-1.896972442669));
#2816 = CARTESIAN_POINT('',(0.11486145218,2.103027557331));
#2817 = ( GEOMETRIC_REPRESENTATION_CONTEXT(2) 
PARAMETRIC_REPRESENTATION_CONTEXT() REPRESENTATION_CONTEXT('2D SPACE',''
  ) );
#2818 = ADVANCED_FACE('',(#2819),#2808,.T.);
#2819 = FACE_BOUND('',#2820,.T.);
#2820 = EDGE_LOOP('',(#2821,#2848,#2849));
#2821 = ORIENTED_EDGE('',*,*,#2822,.T.);
#2822 = EDGE_CURVE('',#2823,#2767,#2825,.T.);
#2823 = VERTEX_POINT('',#2824);
#2824 = CARTESIAN_POINT('',(-16.75,-25.56547927856,334.));
#2825 = SURFACE_CURVE('',#2826,(#2830,#2837),.PCURVE_S1.);
#2826 = LINE('',#2827,#2828);
#2827 = CARTESIAN_POINT('',(-16.75,-25.56547927856,334.));
#2828 = VECTOR('',#2829,1.);
#2829 = DIRECTION('',(0.,0.,-1.));
#2830 = PCURVE('',#2808,#2831);
#2831 = DEFINITIONAL_REPRESENTATION('',(#2832),#2836);
#2832 = LINE('',#2833,#2834);
#2833 = CARTESIAN_POINT('',(0.11486145218,-1.896972442669));
#2834 = VECTOR('',#2835,1.);
#2835 = DIRECTION('',(0.,1.));
#2836 = ( GEOMETRIC_REPRESENTATION_CONTEXT(2) 
PARAMETRIC_REPRESENTATION_CONTEXT() REPRESENTATION_CONTEXT('2D SPACE',''
  ) );
#2837 = PCURVE('',#2838,#2843);
#2838 = PLANE('',#2839);
#2839 = AXIS2_PLACEMENT_3D('',#2840,#2841,#2842);
#2840 = CARTESIAN_POINT('',(-16.8440893711,-25.49959736349,
    331.89697215095));
#2841 = DIRECTION('',(-0.57357543247,-0.819152747213,9.773908650887E-18)
  );
#2842 = DIRECTION('',(-0.819152747213,0.57357543247,7.703719777549E-34)
  );
#2843 = DEFINITIONAL_REPRESENTATION('',(#2844),#2847);
#2844 = B_SPLINE_CURVE_WITH_KNOTS('',1,(#2845,#2846),.UNSPECIFIED.,.F.,
  .F.,(2,2),(0.,4.),.PIECEWISE_BEZIER_KNOTS.);
#2845 = CARTESIAN_POINT('',(-0.114861814753,-2.103027849042));
#2846 = CARTESIAN_POINT('',(-0.114861814753,1.896972150958));
#2847 = ( GEOMETRIC_REPRESENTATION_CONTEXT(2) 
PARAMETRIC_REPRESENTATION_CONTEXT() REPRESENTATION_CONTEXT('2D SPACE',''
  ) );
#2848 = ORIENTED_EDGE('',*,*,#2794,.F.);
#2849 = ORIENTED_EDGE('',*,*,#2850,.T.);
#2850 = EDGE_CURVE('',#2711,#2823,#2851,.T.);
#2851 = SURFACE_CURVE('',#2852,(#2856,#2863),.PCURVE_S1.);
#2852 = LINE('',#2853,#2854);
#2853 = CARTESIAN_POINT('',(-16.35505104064,-25.7496471405,334.));
#2854 = VECTOR('',#2855,1.);
#2855 = DIRECTION('',(-0.906307666083,0.422618521126,0.));
#2856 = PCURVE('',#2808,#2857);
#2857 = DEFINITIONAL_REPRESENTATION('',(#2858),#2862);
#2858 = LINE('',#2859,#2860);
#2859 = CARTESIAN_POINT('',(-0.320916566842,-1.896972442669));
#2860 = VECTOR('',#2861,1.);
#2861 = DIRECTION('',(1.,1.627683025846E-33));
#2862 = ( GEOMETRIC_REPRESENTATION_CONTEXT(2) 
PARAMETRIC_REPRESENTATION_CONTEXT() REPRESENTATION_CONTEXT('2D SPACE',''
  ) );
#2863 = PCURVE('',#2864,#2869);
#2864 = PLANE('',#2865);
#2865 = AXIS2_PLACEMENT_3D('',#2866,#2867,#2868);
#2866 = CARTESIAN_POINT('',(-17.17255452532,-25.76821272643,334.));
#2867 = DIRECTION('',(-0.,-0.,-1.));
#2868 = DIRECTION('',(-1.,0.,0.));
#2869 = DEFINITIONAL_REPRESENTATION('',(#2870),#2873);
#2870 = B_SPLINE_CURVE_WITH_KNOTS('',1,(#2871,#2872),.UNSPECIFIED.,.F.,
  .F.,(2,2),(0.,0.435778019022),.PIECEWISE_BEZIER_KNOTS.);
#2871 = CARTESIAN_POINT('',(-0.817503484674,1.856558593334E-02));
#2872 = CARTESIAN_POINT('',(-0.422554525324,0.202733447872));
#2873 = ( GEOMETRIC_REPRESENTATION_CONTEXT(2) 
PARAMETRIC_REPRESENTATION_CONTEXT() REPRESENTATION_CONTEXT('2D SPACE',''
  ) );
#2874 = ADVANCED_FACE('',(#2875),#2838,.T.);
#2875 = FACE_BOUND('',#2876,.T.);
#2876 = EDGE_LOOP('',(#2877,#2904,#2905));
#2877 = ORIENTED_EDGE('',*,*,#2878,.T.);
#2878 = EDGE_CURVE('',#2879,#2767,#2881,.T.);
#2879 = VERTEX_POINT('',#2880);
#2880 = CARTESIAN_POINT('',(-17.10696983337,-25.31552696228,330.));
#2881 = SURFACE_CURVE('',#2882,(#2886,#2893),.PCURVE_S1.);
#2882 = LINE('',#2883,#2884);
#2883 = CARTESIAN_POINT('',(-17.10696983337,-25.31552696228,330.));
#2884 = VECTOR('',#2885,1.);
#2885 = DIRECTION('',(0.819152747213,-0.57357543247,0.));
#2886 = PCURVE('',#2838,#2887);
#2887 = DEFINITIONAL_REPRESENTATION('',(#2888),#2892);
#2888 = LINE('',#2889,#2890);
#2889 = CARTESIAN_POINT('',(0.320917512837,1.896972150958));
#2890 = VECTOR('',#2891,1.);
#2891 = DIRECTION('',(-1.,-2.08330487675E-33));
#2892 = ( GEOMETRIC_REPRESENTATION_CONTEXT(2) 
PARAMETRIC_REPRESENTATION_CONTEXT() REPRESENTATION_CONTEXT('2D SPACE',''
  ) );
#2893 = PCURVE('',#2894,#2899);
#2894 = PLANE('',#2895);
#2895 = AXIS2_PLACEMENT_3D('',#2896,#2897,#2898);
#2896 = CARTESIAN_POINT('',(-19.85700441486,-25.66418564355,330.));
#2897 = DIRECTION('',(-6.867114914942E-28,9.418066937592E-27,1.));
#2898 = DIRECTION('',(0.,1.,-9.418066937592E-27));
#2899 = DEFINITIONAL_REPRESENTATION('',(#2900),#2903);
#2900 = B_SPLINE_CURVE_WITH_KNOTS('',1,(#2901,#2902),.UNSPECIFIED.,.F.,
  .F.,(2,2),(0.,0.43577932759),.PIECEWISE_BEZIER_KNOTS.);
#2901 = CARTESIAN_POINT('',(0.34865868127,-2.750034581493));
#2902 = CARTESIAN_POINT('',(9.870636498627E-02,-3.107004414867));
#2903 = ( GEOMETRIC_REPRESENTATION_CONTEXT(2) 
PARAMETRIC_REPRESENTATION_CONTEXT() REPRESENTATION_CONTEXT('2D SPACE',''
  ) );
#2904 = ORIENTED_EDGE('',*,*,#2822,.F.);
#2905 = ORIENTED_EDGE('',*,*,#2906,.T.);
#2906 = EDGE_CURVE('',#2823,#2879,#2907,.T.);
#2907 = SURFACE_CURVE('',#2908,(#2912,#2919),.PCURVE_S1.);
#2908 = LINE('',#2909,#2910);
#2909 = CARTESIAN_POINT('',(-16.75,-25.56547927856,334.));
#2910 = VECTOR('',#2911,1.);
#2911 = DIRECTION('',(-8.871751830869E-02,6.212051306029E-02,
    -0.994117821891));
#2912 = PCURVE('',#2838,#2913);
#2913 = DEFINITIONAL_REPRESENTATION('',(#2914),#2918);
#2914 = LINE('',#2915,#2916);
#2915 = CARTESIAN_POINT('',(-0.114861814753,-2.103027849042));
#2916 = VECTOR('',#2917,1.);
#2917 = DIRECTION('',(0.108303998992,0.994117821891));
#2918 = ( GEOMETRIC_REPRESENTATION_CONTEXT(2) 
PARAMETRIC_REPRESENTATION_CONTEXT() REPRESENTATION_CONTEXT('2D SPACE',''
  ) );
#2919 = PCURVE('',#2920,#2925);
#2920 = PLANE('',#2921);
#2921 = AXIS2_PLACEMENT_3D('',#2922,#2923,#2924);
#2922 = CARTESIAN_POINT('',(-17.01288046226,-25.38140887735,
    332.10302784904));
#2923 = DIRECTION('',(-0.57357543247,-0.819152747213,-9.773908650887E-18
    ));
#2924 = DIRECTION('',(-0.819152747213,0.57357543247,-7.703719777549E-34)
  );
#2925 = DEFINITIONAL_REPRESENTATION('',(#2926),#2929);
#2926 = B_SPLINE_CURVE_WITH_KNOTS('',1,(#2927,#2928),.UNSPECIFIED.,.F.,
  .F.,(2,2),(0.,4.023667931422),.PIECEWISE_BEZIER_KNOTS.);
#2927 = CARTESIAN_POINT('',(-0.320917512837,-1.896972150958));
#2928 = CARTESIAN_POINT('',(0.114861814753,2.103027849042));
#2929 = ( GEOMETRIC_REPRESENTATION_CONTEXT(2) 
PARAMETRIC_REPRESENTATION_CONTEXT() REPRESENTATION_CONTEXT('2D SPACE',''
  ) );
#2930 = ADVANCED_FACE('',(#2931),#2920,.T.);
#2931 = FACE_BOUND('',#2932,.T.);
#2932 = EDGE_LOOP('',(#2933,#2960,#2961));
#2933 = ORIENTED_EDGE('',*,*,#2934,.T.);
#2934 = EDGE_CURVE('',#2935,#2879,#2937,.T.);
#2935 = VERTEX_POINT('',#2936);
#2936 = CARTESIAN_POINT('',(-17.10696983337,-25.31552696228,334.));
#2937 = SURFACE_CURVE('',#2938,(#2942,#2949),.PCURVE_S1.);
#2938 = LINE('',#2939,#2940);
#2939 = CARTESIAN_POINT('',(-17.10696983337,-25.31552696228,334.));
#2940 = VECTOR('',#2941,1.);
#2941 = DIRECTION('',(0.,0.,-1.));
#2942 = PCURVE('',#2920,#2943);
#2943 = DEFINITIONAL_REPRESENTATION('',(#2944),#2948);
#2944 = LINE('',#2945,#2946);
#2945 = CARTESIAN_POINT('',(0.114861814753,-1.896972150958));
#2946 = VECTOR('',#2947,1.);
#2947 = DIRECTION('',(-1.710569414459E-49,1.));
#2948 = ( GEOMETRIC_REPRESENTATION_CONTEXT(2) 
PARAMETRIC_REPRESENTATION_CONTEXT() REPRESENTATION_CONTEXT('2D SPACE',''
  ) );
#2949 = PCURVE('',#2950,#2955);
#2950 = PLANE('',#2951);
#2951 = AXIS2_PLACEMENT_3D('',#2952,#2953,#2954);
#2952 = CARTESIAN_POINT('',(-17.18818919013,-25.23430710278,
    331.89697210543));
#2953 = DIRECTION('',(-0.707108969616,-0.70710459275,-9.773908405233E-18
    ));
#2954 = DIRECTION('',(0.70710459275,-0.707108969616,0.));
#2955 = DEFINITIONAL_REPRESENTATION('',(#2956),#2959);
#2956 = B_SPLINE_CURVE_WITH_KNOTS('',1,(#2957,#2958),.UNSPECIFIED.,.F.,
  .F.,(2,2),(0.,4.),.PIECEWISE_BEZIER_KNOTS.);
#2957 = CARTESIAN_POINT('',(0.114861871339,2.103027894569));
#2958 = CARTESIAN_POINT('',(0.114861871339,-1.896972105431));
#2959 = ( GEOMETRIC_REPRESENTATION_CONTEXT(2) 
PARAMETRIC_REPRESENTATION_CONTEXT() REPRESENTATION_CONTEXT('2D SPACE',''
  ) );
#2960 = ORIENTED_EDGE('',*,*,#2906,.F.);
#2961 = ORIENTED_EDGE('',*,*,#2962,.T.);
#2962 = EDGE_CURVE('',#2823,#2935,#2963,.T.);
#2963 = SURFACE_CURVE('',#2964,(#2968,#2975),.PCURVE_S1.);
#2964 = LINE('',#2965,#2966);
#2965 = CARTESIAN_POINT('',(-16.75,-25.56547927856,334.));
#2966 = VECTOR('',#2967,1.);
#2967 = DIRECTION('',(-0.819152747213,0.57357543247,0.));
#2968 = PCURVE('',#2920,#2969);
#2969 = DEFINITIONAL_REPRESENTATION('',(#2970),#2974);
#2970 = LINE('',#2971,#2972);
#2971 = CARTESIAN_POINT('',(-0.320917512837,-1.896972150958));
#2972 = VECTOR('',#2973,1.);
#2973 = DIRECTION('',(1.,-7.703719777549E-34));
#2974 = ( GEOMETRIC_REPRESENTATION_CONTEXT(2) 
PARAMETRIC_REPRESENTATION_CONTEXT() REPRESENTATION_CONTEXT('2D SPACE',''
  ) );
#2975 = PCURVE('',#2976,#2981);
#2976 = PLANE('',#2977);
#2977 = AXIS2_PLACEMENT_3D('',#2978,#2979,#2980);
#2978 = CARTESIAN_POINT('',(-17.37355366974,-25.63969783536,334.));
#2979 = DIRECTION('',(-0.,-0.,-1.));
#2980 = DIRECTION('',(-1.,0.,0.));
#2981 = DEFINITIONAL_REPRESENTATION('',(#2982),#2985);
#2982 = B_SPLINE_CURVE_WITH_KNOTS('',1,(#2983,#2984),.UNSPECIFIED.,.F.,
  .F.,(2,2),(0.,0.43577932759),.PIECEWISE_BEZIER_KNOTS.);
#2983 = CARTESIAN_POINT('',(-0.623553669744,7.421855680337E-02));
#2984 = CARTESIAN_POINT('',(-0.26658383637,0.324170873088));
#2985 = ( GEOMETRIC_REPRESENTATION_CONTEXT(2) 
PARAMETRIC_REPRESENTATION_CONTEXT() REPRESENTATION_CONTEXT('2D SPACE',''
  ) );
#2986 = ADVANCED_FACE('',(#2987),#2950,.T.);
#2987 = FACE_BOUND('',#2988,.T.);
#2988 = EDGE_LOOP('',(#2989,#3016,#3017));
#2989 = ORIENTED_EDGE('',*,*,#2990,.T.);
#2990 = EDGE_CURVE('',#2991,#2879,#2993,.T.);
#2991 = VERTEX_POINT('',#2992);
#2992 = CARTESIAN_POINT('',(-17.41511154174,-25.00738334655,330.));
#2993 = SURFACE_CURVE('',#2994,(#2998,#3005),.PCURVE_S1.);
#2994 = LINE('',#2995,#2996);
#2995 = CARTESIAN_POINT('',(-17.41511154174,-25.00738334655,330.));
#2996 = VECTOR('',#2997,1.);
#2997 = DIRECTION('',(0.70710459275,-0.707108969616,0.));
#2998 = PCURVE('',#2950,#2999);
#2999 = DEFINITIONAL_REPRESENTATION('',(#3000),#3004);
#3000 = LINE('',#3001,#3002);
#3001 = CARTESIAN_POINT('',(-0.320917660477,-1.896972105431));
#3002 = VECTOR('',#3003,1.);
#3003 = DIRECTION('',(1.,1.312932885358E-33));
#3004 = ( GEOMETRIC_REPRESENTATION_CONTEXT(2) 
PARAMETRIC_REPRESENTATION_CONTEXT() REPRESENTATION_CONTEXT('2D SPACE',''
  ) );
#3005 = PCURVE('',#3006,#3011);
#3006 = PLANE('',#3007);
#3007 = AXIS2_PLACEMENT_3D('',#3008,#3009,#3010);
#3008 = CARTESIAN_POINT('',(-20.02472663569,-25.51923946565,330.));
#3009 = DIRECTION('',(-3.463470724168E-27,2.801756322141E-26,1.));
#3010 = DIRECTION('',(0.,1.,-2.801756322141E-26));
#3011 = DEFINITIONAL_REPRESENTATION('',(#3012),#3015);
#3012 = B_SPLINE_CURVE_WITH_KNOTS('',1,(#3013,#3014),.UNSPECIFIED.,.F.,
  .F.,(2,2),(0.,0.435779531817),.PIECEWISE_BEZIER_KNOTS.);
#3013 = CARTESIAN_POINT('',(0.511856119094,-2.609615093948));
#3014 = CARTESIAN_POINT('',(0.203712503371,-2.917756802322));
#3015 = ( GEOMETRIC_REPRESENTATION_CONTEXT(2) 
PARAMETRIC_REPRESENTATION_CONTEXT() REPRESENTATION_CONTEXT('2D SPACE',''
  ) );
#3016 = ORIENTED_EDGE('',*,*,#2934,.F.);
#3017 = ORIENTED_EDGE('',*,*,#3018,.T.);
#3018 = EDGE_CURVE('',#2935,#2991,#3019,.T.);
#3019 = SURFACE_CURVE('',#3020,(#3024,#3031),.PCURVE_S1.);
#3020 = LINE('',#3021,#3022);
#3021 = CARTESIAN_POINT('',(-17.10696983337,-25.31552696228,334.));
#3022 = VECTOR('',#3023,1.);
#3023 = DIRECTION('',(-7.65822905697E-02,7.658276460201E-02,
    -0.994117816427));
#3024 = PCURVE('',#2950,#3025);
#3025 = DEFINITIONAL_REPRESENTATION('',(#3026),#3030);
#3026 = LINE('',#3027,#3028);
#3027 = CARTESIAN_POINT('',(0.114861871339,2.103027894569));
#3028 = VECTOR('',#3029,1.);
#3029 = DIRECTION('',(-0.108304049153,-0.994117816427));
#3030 = ( GEOMETRIC_REPRESENTATION_CONTEXT(2) 
PARAMETRIC_REPRESENTATION_CONTEXT() REPRESENTATION_CONTEXT('2D SPACE',''
  ) );
#3031 = PCURVE('',#3032,#3037);
#3032 = PLANE('',#3033);
#3033 = AXIS2_PLACEMENT_3D('',#3034,#3035,#3036);
#3034 = CARTESIAN_POINT('',(-17.33389218499,-25.08860320604,
    332.10302789456));
#3035 = DIRECTION('',(-0.707108969616,-0.70710459275,-0.));
#3036 = DIRECTION('',(0.70710459275,-0.707108969616,0.));
#3037 = DEFINITIONAL_REPRESENTATION('',(#3038),#3041);
#3038 = B_SPLINE_CURVE_WITH_KNOTS('',1,(#3039,#3040),.UNSPECIFIED.,.F.,
  .F.,(2,2),(0.,4.023667953541),.PIECEWISE_BEZIER_KNOTS.);
#3039 = CARTESIAN_POINT('',(0.320917660477,1.896972105431));
#3040 = CARTESIAN_POINT('',(-0.114861871339,-2.103027894569));
#3041 = ( GEOMETRIC_REPRESENTATION_CONTEXT(2) 
PARAMETRIC_REPRESENTATION_CONTEXT() REPRESENTATION_CONTEXT('2D SPACE',''
  ) );
#3042 = ADVANCED_FACE('',(#3043),#3032,.T.);
#3043 = FACE_BOUND('',#3044,.T.);
#3044 = EDGE_LOOP('',(#3045,#3072,#3073));
#3045 = ORIENTED_EDGE('',*,*,#3046,.T.);
#3046 = EDGE_CURVE('',#3047,#2991,#3049,.T.);
#3047 = VERTEX_POINT('',#3048);
#3048 = CARTESIAN_POINT('',(-17.41511154174,-25.00738334655,334.));
#3049 = SURFACE_CURVE('',#3050,(#3054,#3061),.PCURVE_S1.);
#3050 = LINE('',#3051,#3052);
#3051 = CARTESIAN_POINT('',(-17.41511154174,-25.00738334655,334.));
#3052 = VECTOR('',#3053,1.);
#3053 = DIRECTION('',(0.,0.,-1.));
#3054 = PCURVE('',#3032,#3055);
#3055 = DEFINITIONAL_REPRESENTATION('',(#3056),#3060);
#3056 = LINE('',#3057,#3058);
#3057 = CARTESIAN_POINT('',(-0.114861871339,1.896972105431));
#3058 = VECTOR('',#3059,1.);
#3059 = DIRECTION('',(0.,-1.));
#3060 = ( GEOMETRIC_REPRESENTATION_CONTEXT(2) 
PARAMETRIC_REPRESENTATION_CONTEXT() REPRESENTATION_CONTEXT('2D SPACE',''
  ) );
#3061 = PCURVE('',#3062,#3067);
#3062 = PLANE('',#3063);
#3063 = AXIS2_PLACEMENT_3D('',#3064,#3065,#3066);
#3064 = CARTESIAN_POINT('',(-17.48099344472,-24.91329449546,
    331.89697249925));
#3065 = DIRECTION('',(-0.819151307265,-0.573577488929,9.77391053024E-18)
  );
#3066 = DIRECTION('',(0.573577488929,-0.819151307265,0.));
#3067 = DEFINITIONAL_REPRESENTATION('',(#3068),#3071);
#3068 = B_SPLINE_CURVE_WITH_KNOTS('',1,(#3069,#3070),.UNSPECIFIED.,.F.,
  .F.,(2,2),(0.,4.),.PIECEWISE_BEZIER_KNOTS.);
#3069 = CARTESIAN_POINT('',(0.114861381847,2.103027500744));
#3070 = CARTESIAN_POINT('',(0.114861381847,-1.896972499256));
#3071 = ( GEOMETRIC_REPRESENTATION_CONTEXT(2) 
PARAMETRIC_REPRESENTATION_CONTEXT() REPRESENTATION_CONTEXT('2D SPACE',''
  ) );
#3072 = ORIENTED_EDGE('',*,*,#3018,.F.);
#3073 = ORIENTED_EDGE('',*,*,#3074,.T.);
#3074 = EDGE_CURVE('',#2935,#3047,#3075,.T.);
#3075 = SURFACE_CURVE('',#3076,(#3080,#3087),.PCURVE_S1.);
#3076 = LINE('',#3077,#3078);
#3077 = CARTESIAN_POINT('',(-17.10696983337,-25.31552696228,334.));
#3078 = VECTOR('',#3079,1.);
#3079 = DIRECTION('',(-0.70710459275,0.707108969616,0.));
#3080 = PCURVE('',#3032,#3081);
#3081 = DEFINITIONAL_REPRESENTATION('',(#3082),#3086);
#3082 = LINE('',#3083,#3084);
#3083 = CARTESIAN_POINT('',(0.320917660477,1.896972105431));
#3084 = VECTOR('',#3085,1.);
#3085 = DIRECTION('',(-1.,0.));
#3086 = ( GEOMETRIC_REPRESENTATION_CONTEXT(2) 
PARAMETRIC_REPRESENTATION_CONTEXT() REPRESENTATION_CONTEXT('2D SPACE',''
  ) );
#3087 = PCURVE('',#3088,#3093);
#3088 = PLANE('',#3089);
#3089 = AXIS2_PLACEMENT_3D('',#3090,#3091,#3092);
#3090 = CARTESIAN_POINT('',(-17.56788991076,-25.46830467801,334.));
#3091 = DIRECTION('',(3.54865647508E-29,-2.093478812486E-28,-1.));
#3092 = DIRECTION('',(0.,-1.,2.093478812486E-28));
#3093 = DEFINITIONAL_REPRESENTATION('',(#3094),#3097);
#3094 = B_SPLINE_CURVE_WITH_KNOTS('',1,(#3095,#3096),.UNSPECIFIED.,.F.,
  .F.,(2,2),(0.,0.435779531817),.PIECEWISE_BEZIER_KNOTS.);
#3095 = CARTESIAN_POINT('',(-0.152777715731,-0.460920077395));
#3096 = CARTESIAN_POINT('',(-0.460921331453,-0.152778369021));
#3097 = ( GEOMETRIC_REPRESENTATION_CONTEXT(2) 
PARAMETRIC_REPRESENTATION_CONTEXT() REPRESENTATION_CONTEXT('2D SPACE',''
  ) );
#3098 = ADVANCED_FACE('',(#3099),#3062,.T.);
#3099 = FACE_BOUND('',#3100,.T.);
#3100 = EDGE_LOOP('',(#3101,#3128,#3129));
#3101 = ORIENTED_EDGE('',*,*,#3102,.T.);
#3102 = EDGE_CURVE('',#3103,#2991,#3105,.T.);
#3103 = VERTEX_POINT('',#3104);
#3104 = CARTESIAN_POINT('',(-17.66506385803,-24.65041542053,330.));
#3105 = SURFACE_CURVE('',#3106,(#3110,#3117),.PCURVE_S1.);
#3106 = LINE('',#3107,#3108);
#3107 = CARTESIAN_POINT('',(-17.66506385803,-24.65041542053,330.));
#3108 = VECTOR('',#3109,1.);
#3109 = DIRECTION('',(0.573577488929,-0.819151307265,0.));
#3110 = PCURVE('',#3062,#3111);
#3111 = DEFINITIONAL_REPRESENTATION('',(#3112),#3116);
#3112 = LINE('',#3113,#3114);
#3113 = CARTESIAN_POINT('',(-0.320916383334,-1.896972499256));
#3114 = VECTOR('',#3115,1.);
#3115 = DIRECTION('',(1.,0.));
#3116 = ( GEOMETRIC_REPRESENTATION_CONTEXT(2) 
PARAMETRIC_REPRESENTATION_CONTEXT() REPRESENTATION_CONTEXT('2D SPACE',''
  ) );
#3117 = PCURVE('',#3118,#3123);
#3118 = PLANE('',#3119);
#3119 = AXIS2_PLACEMENT_3D('',#3120,#3121,#3122);
#3120 = CARTESIAN_POINT('',(-20.16627800729,-25.34584078802,330.));
#3121 = DIRECTION('',(-1.824114327461E-28,1.142699243392E-27,1.));
#3122 = DIRECTION('',(0.,1.,-1.142699243392E-27));
#3123 = DEFINITIONAL_REPRESENTATION('',(#3124),#3127);
#3124 = B_SPLINE_CURVE_WITH_KNOTS('',1,(#3125,#3126),.UNSPECIFIED.,.F.,
  .F.,(2,2),(0.,0.435777765182),.PIECEWISE_BEZIER_KNOTS.);
#3125 = CARTESIAN_POINT('',(0.695425367495,-2.501214149258));
#3126 = CARTESIAN_POINT('',(0.33845744147,-2.751166465542));
#3127 = ( GEOMETRIC_REPRESENTATION_CONTEXT(2) 
PARAMETRIC_REPRESENTATION_CONTEXT() REPRESENTATION_CONTEXT('2D SPACE',''
  ) );
#3128 = ORIENTED_EDGE('',*,*,#3046,.F.);
#3129 = ORIENTED_EDGE('',*,*,#3130,.T.);
#3130 = EDGE_CURVE('',#3047,#3103,#3131,.T.);
#3131 = SURFACE_CURVE('',#3132,(#3136,#3143),.PCURVE_S1.);
#3132 = LINE('',#3133,#3134);
#3133 = CARTESIAN_POINT('',(-17.41511154174,-25.00738334655,334.));
#3134 = VECTOR('',#3135,1.);
#3135 = DIRECTION('',(-6.212051567276E-02,8.871704800735E-02,
    -0.994117863699));
#3136 = PCURVE('',#3062,#3137);
#3137 = DEFINITIONAL_REPRESENTATION('',(#3138),#3142);
#3138 = LINE('',#3139,#3140);
#3139 = CARTESIAN_POINT('',(0.114861381847,2.103027500744));
#3140 = VECTOR('',#3141,1.);
#3141 = DIRECTION('',(-0.108303615242,-0.994117863699));
#3142 = ( GEOMETRIC_REPRESENTATION_CONTEXT(2) 
PARAMETRIC_REPRESENTATION_CONTEXT() REPRESENTATION_CONTEXT('2D SPACE',''
  ) );
#3143 = PCURVE('',#3144,#3149);
#3144 = PLANE('',#3145);
#3145 = AXIS2_PLACEMENT_3D('',#3146,#3147,#3148);
#3146 = CARTESIAN_POINT('',(-17.59918195505,-24.74450427162,
    332.10302750074));
#3147 = DIRECTION('',(-0.819151307265,-0.573577488929,9.77391053024E-18)
  );
#3148 = DIRECTION('',(0.573577488929,-0.819151307265,-7.703719777549E-34
    ));
#3149 = DEFINITIONAL_REPRESENTATION('',(#3150),#3153);
#3150 = B_SPLINE_CURVE_WITH_KNOTS('',1,(#3151,#3152),.UNSPECIFIED.,.F.,
  .F.,(2,2),(0.,4.023667762207),.PIECEWISE_BEZIER_KNOTS.);
#3151 = CARTESIAN_POINT('',(0.320916383334,1.896972499256));
#3152 = CARTESIAN_POINT('',(-0.114861381847,-2.103027500744));
#3153 = ( GEOMETRIC_REPRESENTATION_CONTEXT(2) 
PARAMETRIC_REPRESENTATION_CONTEXT() REPRESENTATION_CONTEXT('2D SPACE',''
  ) );
#3154 = ADVANCED_FACE('',(#3155),#3144,.T.);
#3155 = FACE_BOUND('',#3156,.T.);
#3156 = EDGE_LOOP('',(#3157,#3184,#3185));
#3157 = ORIENTED_EDGE('',*,*,#3158,.T.);
#3158 = EDGE_CURVE('',#3159,#3103,#3161,.T.);
#3159 = VERTEX_POINT('',#3160);
#3160 = CARTESIAN_POINT('',(-17.66506385803,-24.65041542053,334.));
#3161 = SURFACE_CURVE('',#3162,(#3166,#3173),.PCURVE_S1.);
#3162 = LINE('',#3163,#3164);
#3163 = CARTESIAN_POINT('',(-17.66506385803,-24.65041542053,334.));
#3164 = VECTOR('',#3165,1.);
#3165 = DIRECTION('',(0.,0.,-1.));
#3166 = PCURVE('',#3144,#3167);
#3167 = DEFINITIONAL_REPRESENTATION('',(#3168),#3172);
#3168 = LINE('',#3169,#3170);
#3169 = CARTESIAN_POINT('',(-0.114861381847,1.896972499256));
#3170 = VECTOR('',#3171,1.);
#3171 = DIRECTION('',(0.,-1.));
#3172 = ( GEOMETRIC_REPRESENTATION_CONTEXT(2) 
PARAMETRIC_REPRESENTATION_CONTEXT() REPRESENTATION_CONTEXT('2D SPACE',''
  ) );
#3173 = PCURVE('',#3174,#3179);
#3174 = PLANE('',#3175);
#3175 = AXIS2_PLACEMENT_3D('',#3176,#3177,#3178);
#3176 = CARTESIAN_POINT('',(-17.71360644494,-24.546315082,
    331.89697205731));
#3177 = DIRECTION('',(-0.906308447818,-0.422616844688,-0.));
#3178 = DIRECTION('',(0.422616844688,-0.906308447818,0.));
#3179 = DEFINITIONAL_REPRESENTATION('',(#3180),#3183);
#3180 = B_SPLINE_CURVE_WITH_KNOTS('',1,(#3181,#3182),.UNSPECIFIED.,.F.,
  .F.,(2,2),(0.,4.),.PIECEWISE_BEZIER_KNOTS.);
#3181 = CARTESIAN_POINT('',(0.114861931147,2.103027942687));
#3182 = CARTESIAN_POINT('',(0.114861931147,-1.896972057313));
#3183 = ( GEOMETRIC_REPRESENTATION_CONTEXT(2) 
PARAMETRIC_REPRESENTATION_CONTEXT() REPRESENTATION_CONTEXT('2D SPACE',''
  ) );
#3184 = ORIENTED_EDGE('',*,*,#3130,.F.);
#3185 = ORIENTED_EDGE('',*,*,#3186,.T.);
#3186 = EDGE_CURVE('',#3047,#3159,#3187,.T.);
#3187 = SURFACE_CURVE('',#3188,(#3192,#3199),.PCURVE_S1.);
#3188 = LINE('',#3189,#3190);
#3189 = CARTESIAN_POINT('',(-17.41511154174,-25.00738334655,334.));
#3190 = VECTOR('',#3191,1.);
#3191 = DIRECTION('',(-0.573577488929,0.819151307265,0.));
#3192 = PCURVE('',#3144,#3193);
#3193 = DEFINITIONAL_REPRESENTATION('',(#3194),#3198);
#3194 = LINE('',#3195,#3196);
#3195 = CARTESIAN_POINT('',(0.320916383334,1.896972499256));
#3196 = VECTOR('',#3197,1.);
#3197 = DIRECTION('',(-1.,-2.39805505445E-33));
#3198 = ( GEOMETRIC_REPRESENTATION_CONTEXT(2) 
PARAMETRIC_REPRESENTATION_CONTEXT() REPRESENTATION_CONTEXT('2D SPACE',''
  ) );
#3199 = PCURVE('',#3200,#3205);
#3200 = PLANE('',#3201);
#3201 = AXIS2_PLACEMENT_3D('',#3202,#3203,#3204);
#3202 = CARTESIAN_POINT('',(-17.73928250799,-25.27396892898,334.));
#3203 = DIRECTION('',(-0.,-0.,-1.));
#3204 = DIRECTION('',(-1.,0.,0.));
#3205 = DEFINITIONAL_REPRESENTATION('',(#3206),#3209);
#3206 = B_SPLINE_CURVE_WITH_KNOTS('',1,(#3207,#3208),.UNSPECIFIED.,.F.,
  .F.,(2,2),(0.,0.435777765182),.PIECEWISE_BEZIER_KNOTS.);
#3207 = CARTESIAN_POINT('',(-0.324170966246,0.266585582432));
#3208 = CARTESIAN_POINT('',(-7.421864996183E-02,0.623553508457));
#3209 = ( GEOMETRIC_REPRESENTATION_CONTEXT(2) 
PARAMETRIC_REPRESENTATION_CONTEXT() REPRESENTATION_CONTEXT('2D SPACE',''
  ) );
#3210 = ADVANCED_FACE('',(#3211),#3174,.T.);
#3211 = FACE_BOUND('',#3212,.T.);
#3212 = EDGE_LOOP('',(#3213,#3240,#3241));
#3213 = ORIENTED_EDGE('',*,*,#3214,.T.);
#3214 = EDGE_CURVE('',#3215,#3103,#3217,.T.);
#3215 = VERTEX_POINT('',#3216);
#3216 = CARTESIAN_POINT('',(-17.84923171997,-24.25546455383,330.));
#3217 = SURFACE_CURVE('',#3218,(#3222,#3229),.PCURVE_S1.);
#3218 = LINE('',#3219,#3220);
#3219 = CARTESIAN_POINT('',(-17.84923171997,-24.25546455383,330.));
#3220 = VECTOR('',#3221,1.);
#3221 = DIRECTION('',(0.422616844688,-0.906308447818,0.));
#3222 = PCURVE('',#3174,#3223);
#3223 = DEFINITIONAL_REPRESENTATION('',(#3224),#3228);
#3224 = LINE('',#3225,#3226);
#3225 = CARTESIAN_POINT('',(-0.320917816521,-1.896972057313));
#3226 = VECTOR('',#3227,1.);
#3227 = DIRECTION('',(1.,0.));
#3228 = ( GEOMETRIC_REPRESENTATION_CONTEXT(2) 
PARAMETRIC_REPRESENTATION_CONTEXT() REPRESENTATION_CONTEXT('2D SPACE',''
  ) );
#3229 = PCURVE('',#3230,#3235);
#3230 = PLANE('',#3231);
#3231 = AXIS2_PLACEMENT_3D('',#3232,#3233,#3234);
#3232 = CARTESIAN_POINT('',(-20.27738417539,-25.14945297595,330.));
#3233 = DIRECTION('',(-2.985873603135E-27,1.097733497934E-26,1.));
#3234 = DIRECTION('',(0.,1.,-1.097733497934E-26));
#3235 = DEFINITIONAL_REPRESENTATION('',(#3236),#3239);
#3236 = B_SPLINE_CURVE_WITH_KNOTS('',1,(#3237,#3238),.UNSPECIFIED.,.F.,
  .F.,(2,2),(0.,0.435779747668),.PIECEWISE_BEZIER_KNOTS.);
#3237 = CARTESIAN_POINT('',(0.893988422122,-2.42815245542));
#3238 = CARTESIAN_POINT('',(0.499037555423,-2.612320317358));
#3239 = ( GEOMETRIC_REPRESENTATION_CONTEXT(2) 
PARAMETRIC_REPRESENTATION_CONTEXT() REPRESENTATION_CONTEXT('2D SPACE',''
  ) );
#3240 = ORIENTED_EDGE('',*,*,#3158,.F.);
#3241 = ORIENTED_EDGE('',*,*,#3242,.T.);
#3242 = EDGE_CURVE('',#3159,#3215,#3243,.T.);
#3243 = SURFACE_CURVE('',#3244,(#3248,#3255),.PCURVE_S1.);
#3244 = LINE('',#3245,#3246);
#3245 = CARTESIAN_POINT('',(-17.66506385803,-24.65041542053,334.));
#3246 = VECTOR('',#3247,1.);
#3247 = DIRECTION('',(-4.577113792563E-02,9.815692272942E-02,
    -0.994117810651));
#3248 = PCURVE('',#3174,#3249);
#3249 = DEFINITIONAL_REPRESENTATION('',(#3250),#3254);
#3250 = LINE('',#3251,#3252);
#3251 = CARTESIAN_POINT('',(0.114861931147,2.103027942687));
#3252 = VECTOR('',#3253,1.);
#3253 = DIRECTION('',(-0.108304102169,-0.994117810651));
#3254 = ( GEOMETRIC_REPRESENTATION_CONTEXT(2) 
PARAMETRIC_REPRESENTATION_CONTEXT() REPRESENTATION_CONTEXT('2D SPACE',''
  ) );
#3255 = PCURVE('',#3256,#3261);
#3256 = PLANE('',#3257);
#3257 = AXIS2_PLACEMENT_3D('',#3258,#3259,#3260);
#3258 = CARTESIAN_POINT('',(-17.80068913305,-24.35956489236,
    332.10302794268));
#3259 = DIRECTION('',(-0.906308447818,-0.422616844688,-0.));
#3260 = DIRECTION('',(0.422616844688,-0.906308447818,0.));
#3261 = DEFINITIONAL_REPRESENTATION('',(#3262),#3265);
#3262 = B_SPLINE_CURVE_WITH_KNOTS('',1,(#3263,#3264),.UNSPECIFIED.,.F.,
  .F.,(2,2),(0.,4.023667976918),.PIECEWISE_BEZIER_KNOTS.);
#3263 = CARTESIAN_POINT('',(0.320917816521,1.896972057313));
#3264 = CARTESIAN_POINT('',(-0.114861931147,-2.103027942687));
#3265 = ( GEOMETRIC_REPRESENTATION_CONTEXT(2) 
PARAMETRIC_REPRESENTATION_CONTEXT() REPRESENTATION_CONTEXT('2D SPACE',''
  ) );
#3266 = ADVANCED_FACE('',(#3267),#3256,.T.);
#3267 = FACE_BOUND('',#3268,.T.);
#3268 = EDGE_LOOP('',(#3269,#3296,#3297));
#3269 = ORIENTED_EDGE('',*,*,#3270,.T.);
#3270 = EDGE_CURVE('',#3271,#3215,#3273,.T.);
#3271 = VERTEX_POINT('',#3272);
#3272 = CARTESIAN_POINT('',(-17.84923171997,-24.25546455383,334.));
#3273 = SURFACE_CURVE('',#3274,(#3278,#3285),.PCURVE_S1.);
#3274 = LINE('',#3275,#3276);
#3275 = CARTESIAN_POINT('',(-17.84923171997,-24.25546455383,334.));
#3276 = VECTOR('',#3277,1.);
#3277 = DIRECTION('',(0.,0.,-1.));
#3278 = PCURVE('',#3256,#3279);
#3279 = DEFINITIONAL_REPRESENTATION('',(#3280),#3284);
#3280 = LINE('',#3281,#3282);
#3281 = CARTESIAN_POINT('',(-0.114861931147,1.896972057313));
#3282 = VECTOR('',#3283,1.);
#3283 = DIRECTION('',(0.,-1.));
#3284 = ( GEOMETRIC_REPRESENTATION_CONTEXT(2) 
PARAMETRIC_REPRESENTATION_CONTEXT() REPRESENTATION_CONTEXT('2D SPACE',''
  ) );
#3285 = PCURVE('',#3286,#3291);
#3286 = PLANE('',#3287);
#3287 = AXIS2_PLACEMENT_3D('',#3288,#3289,#3290);
#3288 = CARTESIAN_POINT('',(-17.8789599435,-24.14451699163,331.896972528
    ));
#3289 = DIRECTION('',(-0.965926013816,-0.258818345243,
    -2.443477671336E-18));
#3290 = DIRECTION('',(0.258818345243,-0.965926013816,0.));
#3291 = DEFINITIONAL_REPRESENTATION('',(#3292),#3295);
#3292 = B_SPLINE_CURVE_WITH_KNOTS('',1,(#3293,#3294),.UNSPECIFIED.,.F.,
  .F.,(2,2),(0.,4.),.PIECEWISE_BEZIER_KNOTS.);
#3293 = CARTESIAN_POINT('',(0.114861346119,2.103027471998));
#3294 = CARTESIAN_POINT('',(0.114861346119,-1.896972528002));
#3295 = ( GEOMETRIC_REPRESENTATION_CONTEXT(2) 
PARAMETRIC_REPRESENTATION_CONTEXT() REPRESENTATION_CONTEXT('2D SPACE',''
  ) );
#3296 = ORIENTED_EDGE('',*,*,#3242,.F.);
#3297 = ORIENTED_EDGE('',*,*,#3298,.T.);
#3298 = EDGE_CURVE('',#3159,#3271,#3299,.T.);
#3299 = SURFACE_CURVE('',#3300,(#3304,#3311),.PCURVE_S1.);
#3300 = LINE('',#3301,#3302);
#3301 = CARTESIAN_POINT('',(-17.66506385803,-24.65041542053,334.));
#3302 = VECTOR('',#3303,1.);
#3303 = DIRECTION('',(-0.422616844688,0.906308447818,0.));
#3304 = PCURVE('',#3256,#3305);
#3305 = DEFINITIONAL_REPRESENTATION('',(#3306),#3310);
#3306 = LINE('',#3307,#3308);
#3307 = CARTESIAN_POINT('',(0.320917816521,1.896972057313));
#3308 = VECTOR('',#3309,1.);
#3309 = DIRECTION('',(-1.,0.));
#3310 = ( GEOMETRIC_REPRESENTATION_CONTEXT(2) 
PARAMETRIC_REPRESENTATION_CONTEXT() REPRESENTATION_CONTEXT('2D SPACE',''
  ) );
#3311 = PCURVE('',#3312,#3317);
#3312 = PLANE('',#3313);
#3313 = AXIS2_PLACEMENT_3D('',#3314,#3315,#3316);
#3314 = CARTESIAN_POINT('',(-17.86779728125,-25.07296904297,334.));
#3315 = DIRECTION('',(2.404833203655E-27,-3.77747289959E-28,-1.));
#3316 = DIRECTION('',(-1.,0.,-2.404833203655E-27));
#3317 = DEFINITIONAL_REPRESENTATION('',(#3318),#3321);
#3318 = B_SPLINE_CURVE_WITH_KNOTS('',1,(#3319,#3320),.UNSPECIFIED.,.F.,
  .F.,(2,2),(0.,0.435779747668),.PIECEWISE_BEZIER_KNOTS.);
#3319 = CARTESIAN_POINT('',(-0.202733423224,0.422553622445));
#3320 = CARTESIAN_POINT('',(-1.856556128513E-02,0.817504489144));
#3321 = ( GEOMETRIC_REPRESENTATION_CONTEXT(2) 
PARAMETRIC_REPRESENTATION_CONTEXT() REPRESENTATION_CONTEXT('2D SPACE',''
  ) );
#3322 = ADVANCED_FACE('',(#3323),#3286,.T.);
#3323 = FACE_BOUND('',#3324,.T.);
#3324 = EDGE_LOOP('',(#3325,#3352,#3353));
#3325 = ORIENTED_EDGE('',*,*,#3326,.T.);
#3326 = EDGE_CURVE('',#3327,#3215,#3329,.T.);
#3327 = VERTEX_POINT('',#3328);
#3328 = CARTESIAN_POINT('',(-17.96201896667,-23.83453559875,330.));
#3329 = SURFACE_CURVE('',#3330,(#3334,#3341),.PCURVE_S1.);
#3330 = LINE('',#3331,#3332);
#3331 = CARTESIAN_POINT('',(-17.96201896667,-23.83453559875,330.));
#3332 = VECTOR('',#3333,1.);
#3333 = DIRECTION('',(0.258818345243,-0.965926013816,0.));
#3334 = PCURVE('',#3286,#3335);
#3335 = DEFINITIONAL_REPRESENTATION('',(#3336),#3340);
#3336 = LINE('',#3337,#3338);
#3337 = CARTESIAN_POINT('',(-0.320916290116,-1.896972528002));
#3338 = VECTOR('',#3339,1.);
#3339 = DIRECTION('',(1.,1.356402585437E-34));
#3340 = ( GEOMETRIC_REPRESENTATION_CONTEXT(2) 
PARAMETRIC_REPRESENTATION_CONTEXT() REPRESENTATION_CONTEXT('2D SPACE',''
  ) );
#3341 = PCURVE('',#3342,#3347);
#3342 = PLANE('',#3343);
#3343 = AXIS2_PLACEMENT_3D('',#3344,#3345,#3346);
#3344 = CARTESIAN_POINT('',(-20.35457197836,-24.93653838223,330.));
#3345 = DIRECTION('',(-1.425841991444E-28,4.941307991398E-28,1.));
#3346 = DIRECTION('',(0.,1.,-4.941307991398E-28));
#3347 = DEFINITIONAL_REPRESENTATION('',(#3348),#3351);
#3348 = B_SPLINE_CURVE_WITH_KNOTS('',1,(#3349,#3350),.UNSPECIFIED.,.F.,
  .F.,(2,2),(0.,0.435777636235),.PIECEWISE_BEZIER_KNOTS.);
#3349 = CARTESIAN_POINT('',(1.102002783482,-2.392553011687));
#3350 = CARTESIAN_POINT('',(0.681073828404,-2.505340258391));
#3351 = ( GEOMETRIC_REPRESENTATION_CONTEXT(2) 
PARAMETRIC_REPRESENTATION_CONTEXT() REPRESENTATION_CONTEXT('2D SPACE',''
  ) );
#3352 = ORIENTED_EDGE('',*,*,#3270,.F.);
#3353 = ORIENTED_EDGE('',*,*,#3354,.T.);
#3354 = EDGE_CURVE('',#3271,#3327,#3355,.T.);
#3355 = SURFACE_CURVE('',#3356,(#3360,#3367),.PCURVE_S1.);
#3356 = LINE('',#3357,#3358);
#3357 = CARTESIAN_POINT('',(-17.84923171997,-24.25546455383,334.));
#3358 = VECTOR('',#3359,1.);
#3359 = DIRECTION('',(-2.803095428378E-02,0.104613248761,-0.994117867149
    ));
#3360 = PCURVE('',#3286,#3361);
#3361 = DEFINITIONAL_REPRESENTATION('',(#3362),#3366);
#3362 = LINE('',#3363,#3364);
#3363 = CARTESIAN_POINT('',(0.114861346119,2.103027471998));
#3364 = VECTOR('',#3365,1.);
#3365 = DIRECTION('',(-0.108303583571,-0.994117867149));
#3366 = ( GEOMETRIC_REPRESENTATION_CONTEXT(2) 
PARAMETRIC_REPRESENTATION_CONTEXT() REPRESENTATION_CONTEXT('2D SPACE',''
  ) );
#3367 = PCURVE('',#3368,#3373);
#3368 = PLANE('',#3369);
#3369 = AXIS2_PLACEMENT_3D('',#3370,#3371,#3372);
#3370 = CARTESIAN_POINT('',(-17.93229074314,-23.94548316095,
    332.10302747199));
#3371 = DIRECTION('',(-0.965926013816,-0.258818345243,-0.));
#3372 = DIRECTION('',(0.258818345243,-0.965926013816,0.));
#3373 = DEFINITIONAL_REPRESENTATION('',(#3374),#3377);
#3374 = B_SPLINE_CURVE_WITH_KNOTS('',1,(#3375,#3376),.UNSPECIFIED.,.F.,
  .F.,(2,2),(0.,4.023667748242),.PIECEWISE_BEZIER_KNOTS.);
#3375 = CARTESIAN_POINT('',(0.320916290115,1.896972528002));
#3376 = CARTESIAN_POINT('',(-0.114861346119,-2.103027471998));
#3377 = ( GEOMETRIC_REPRESENTATION_CONTEXT(2) 
PARAMETRIC_REPRESENTATION_CONTEXT() REPRESENTATION_CONTEXT('2D SPACE',''
  ) );
#3378 = ADVANCED_FACE('',(#3379),#3368,.T.);
#3379 = FACE_BOUND('',#3380,.T.);
#3380 = EDGE_LOOP('',(#3381,#3408,#3409));
#3381 = ORIENTED_EDGE('',*,*,#3382,.T.);
#3382 = EDGE_CURVE('',#3383,#3327,#3385,.T.);
#3383 = VERTEX_POINT('',#3384);
#3384 = CARTESIAN_POINT('',(-17.96201896667,-23.83453559875,334.));
#3385 = SURFACE_CURVE('',#3386,(#3390,#3397),.PCURVE_S1.);
#3386 = LINE('',#3387,#3388);
#3387 = CARTESIAN_POINT('',(-17.96201896667,-23.83453559875,334.));
#3388 = VECTOR('',#3389,1.);
#3389 = DIRECTION('',(0.,0.,-1.));
#3390 = PCURVE('',#3368,#3391);
#3391 = DEFINITIONAL_REPRESENTATION('',(#3392),#3396);
#3392 = LINE('',#3393,#3394);
#3393 = CARTESIAN_POINT('',(-0.114861346119,1.896972528002));
#3394 = VECTOR('',#3395,1.);
#3395 = DIRECTION('',(0.,-1.));
#3396 = ( GEOMETRIC_REPRESENTATION_CONTEXT(2) 
PARAMETRIC_REPRESENTATION_CONTEXT() REPRESENTATION_CONTEXT('2D SPACE',''
  ) );
#3397 = PCURVE('',#3398,#3403);
#3398 = PLANE('',#3399);
#3399 = AXIS2_PLACEMENT_3D('',#3400,#3401,#3402);
#3400 = CARTESIAN_POINT('',(-17.97202992797,-23.72011111049,
    331.89697233878));
#3401 = DIRECTION('',(-0.996194610601,-8.715674276768E-02,
    1.963713291505E-18));
#3402 = DIRECTION('',(8.715674276768E-02,-0.996194610601,
    -2.407412430484E-35));
#3403 = DEFINITIONAL_REPRESENTATION('',(#3404),#3407);
#3404 = B_SPLINE_CURVE_WITH_KNOTS('',1,(#3405,#3406),.UNSPECIFIED.,.F.,
  .F.,(2,2),(0.,4.),.PIECEWISE_BEZIER_KNOTS.);
#3405 = CARTESIAN_POINT('',(0.114861581305,2.10302766122));
#3406 = CARTESIAN_POINT('',(0.114861581305,-1.89697233878));
#3407 = ( GEOMETRIC_REPRESENTATION_CONTEXT(2) 
PARAMETRIC_REPRESENTATION_CONTEXT() REPRESENTATION_CONTEXT('2D SPACE',''
  ) );
#3408 = ORIENTED_EDGE('',*,*,#3354,.F.);
#3409 = ORIENTED_EDGE('',*,*,#3410,.T.);
#3410 = EDGE_CURVE('',#3271,#3383,#3411,.T.);
#3411 = SURFACE_CURVE('',#3412,(#3416,#3423),.PCURVE_S1.);
#3412 = LINE('',#3413,#3414);
#3413 = CARTESIAN_POINT('',(-17.84923171997,-24.25546455383,334.));
#3414 = VECTOR('',#3415,1.);
#3415 = DIRECTION('',(-0.258818345243,0.965926013816,0.));
#3416 = PCURVE('',#3368,#3417);
#3417 = DEFINITIONAL_REPRESENTATION('',(#3418),#3422);
#3418 = LINE('',#3419,#3420);
#3419 = CARTESIAN_POINT('',(0.320916290115,1.896972528002));
#3420 = VECTOR('',#3421,1.);
#3421 = DIRECTION('',(-1.,0.));
#3422 = ( GEOMETRIC_REPRESENTATION_CONTEXT(2) 
PARAMETRIC_REPRESENTATION_CONTEXT() REPRESENTATION_CONTEXT('2D SPACE',''
  ) );
#3423 = PCURVE('',#3424,#3429);
#3424 = PLANE('',#3425);
#3425 = AXIS2_PLACEMENT_3D('',#3426,#3427,#3428);
#3426 = CARTESIAN_POINT('',(-17.95067516229,-24.8648847713,334.));
#3427 = DIRECTION('',(-0.,-0.,-1.));
#3428 = DIRECTION('',(-1.,0.,0.));
#3429 = DEFINITIONAL_REPRESENTATION('',(#3430),#3433);
#3430 = B_SPLINE_CURVE_WITH_KNOTS('',1,(#3431,#3432),.UNSPECIFIED.,.F.,
  .F.,(2,2),(0.,0.435777636235),.PIECEWISE_BEZIER_KNOTS.);
#3431 = CARTESIAN_POINT('',(-0.101443442323,0.609420217468));
#3432 = CARTESIAN_POINT('',(1.134380438128E-02,1.030349172546));
#3433 = ( GEOMETRIC_REPRESENTATION_CONTEXT(2) 
PARAMETRIC_REPRESENTATION_CONTEXT() REPRESENTATION_CONTEXT('2D SPACE',''
  ) );
#3434 = ADVANCED_FACE('',(#3435),#3398,.T.);
#3435 = FACE_BOUND('',#3436,.T.);
#3436 = EDGE_LOOP('',(#3437,#3464,#3465));
#3437 = ORIENTED_EDGE('',*,*,#3438,.T.);
#3438 = EDGE_CURVE('',#3439,#3327,#3441,.T.);
#3439 = VERTEX_POINT('',#3440);
#3440 = CARTESIAN_POINT('',(-18.,-23.40041542053,330.));
#3441 = SURFACE_CURVE('',#3442,(#3446,#3453),.PCURVE_S1.);
#3442 = LINE('',#3443,#3444);
#3443 = CARTESIAN_POINT('',(-18.,-23.40041542053,330.));
#3444 = VECTOR('',#3445,1.);
#3445 = DIRECTION('',(8.715674276768E-02,-0.996194610601,0.));
#3446 = PCURVE('',#3398,#3447);
#3447 = DEFINITIONAL_REPRESENTATION('',(#3448),#3452);
#3448 = LINE('',#3449,#3450);
#3449 = CARTESIAN_POINT('',(-0.320916903745,-1.89697233878));
#3450 = VECTOR('',#3451,1.);
#3451 = DIRECTION('',(1.,4.497037653964E-35));
#3452 = ( GEOMETRIC_REPRESENTATION_CONTEXT(2) 
PARAMETRIC_REPRESENTATION_CONTEXT() REPRESENTATION_CONTEXT('2D SPACE',''
  ) );
#3453 = PCURVE('',#3454,#3459);
#3454 = PLANE('',#3455);
#3455 = AXIS2_PLACEMENT_3D('',#3456,#3457,#3458);
#3456 = CARTESIAN_POINT('',(-20.39529055219,-24.71420914284,330.));
#3457 = DIRECTION('',(0.,0.,1.));
#3458 = DIRECTION('',(1.,0.,-0.));
#3459 = DEFINITIONAL_REPRESENTATION('',(#3460),#3463);
#3460 = B_SPLINE_CURVE_WITH_KNOTS('',1,(#3461,#3462),.UNSPECIFIED.,.F.,
  .F.,(2,2),(0.,0.43577848505),.PIECEWISE_BEZIER_KNOTS.);
#3461 = CARTESIAN_POINT('',(2.395290552196,1.313793722309));
#3462 = CARTESIAN_POINT('',(2.433271585522,0.879673544087));
#3463 = ( GEOMETRIC_REPRESENTATION_CONTEXT(2) 
PARAMETRIC_REPRESENTATION_CONTEXT() REPRESENTATION_CONTEXT('2D SPACE',''
  ) );
#3464 = ORIENTED_EDGE('',*,*,#3382,.F.);
#3465 = ORIENTED_EDGE('',*,*,#3466,.T.);
#3466 = EDGE_CURVE('',#3383,#3439,#3467,.T.);
#3467 = SURFACE_CURVE('',#3468,(#3472,#3479),.PCURVE_S1.);
#3468 = LINE('',#3469,#3470);
#3469 = CARTESIAN_POINT('',(-17.96201896667,-23.83453559875,334.));
#3470 = VECTOR('',#3471,1.);
#3471 = DIRECTION('',(-9.439405744678E-03,0.10789165395,-0.994117844436)
  );
#3472 = PCURVE('',#3398,#3473);
#3473 = DEFINITIONAL_REPRESENTATION('',(#3474),#3478);
#3474 = LINE('',#3475,#3476);
#3475 = CARTESIAN_POINT('',(0.114861581305,2.10302766122));
#3476 = VECTOR('',#3477,1.);
#3477 = DIRECTION('',(-0.108303792052,-0.994117844436));
#3478 = ( GEOMETRIC_REPRESENTATION_CONTEXT(2) 
PARAMETRIC_REPRESENTATION_CONTEXT() REPRESENTATION_CONTEXT('2D SPACE',''
  ) );
#3479 = PCURVE('',#3480,#3485);
#3480 = PLANE('',#3481);
#3481 = AXIS2_PLACEMENT_3D('',#3482,#3483,#3484);
#3482 = CARTESIAN_POINT('',(-17.9899890387,-23.51483990879,
    332.10302766122));
#3483 = DIRECTION('',(-0.996194610601,-8.715674276768E-02,
    1.096351760311E-18));
#3484 = DIRECTION('',(8.715674276768E-02,-0.996194610601,
    -1.203706215242E-35));
#3485 = DEFINITIONAL_REPRESENTATION('',(#3486),#3489);
#3486 = B_SPLINE_CURVE_WITH_KNOTS('',1,(#3487,#3488),.UNSPECIFIED.,.F.,
  .F.,(2,2),(0.,4.023667840172),.PIECEWISE_BEZIER_KNOTS.);
#3487 = CARTESIAN_POINT('',(0.320916903745,1.89697233878));
#3488 = CARTESIAN_POINT('',(-0.114861581305,-2.10302766122));
#3489 = ( GEOMETRIC_REPRESENTATION_CONTEXT(2) 
PARAMETRIC_REPRESENTATION_CONTEXT() REPRESENTATION_CONTEXT('2D SPACE',''
  ) );
#3490 = ADVANCED_FACE('',(#3491),#3480,.T.);
#3491 = FACE_BOUND('',#3492,.T.);
#3492 = EDGE_LOOP('',(#3493,#3520,#3521));
#3493 = ORIENTED_EDGE('',*,*,#3494,.T.);
#3494 = EDGE_CURVE('',#3495,#3439,#3497,.T.);
#3495 = VERTEX_POINT('',#3496);
#3496 = CARTESIAN_POINT('',(-18.,-23.40041542053,334.));
#3497 = SURFACE_CURVE('',#3498,(#3502,#3509),.PCURVE_S1.);
#3498 = LINE('',#3499,#3500);
#3499 = CARTESIAN_POINT('',(-18.,-23.40041542053,334.));
#3500 = VECTOR('',#3501,1.);
#3501 = DIRECTION('',(0.,0.,-1.));
#3502 = PCURVE('',#3480,#3503);
#3503 = DEFINITIONAL_REPRESENTATION('',(#3504),#3508);
#3504 = LINE('',#3505,#3506);
#3505 = CARTESIAN_POINT('',(-0.114861581305,1.89697233878));
#3506 = VECTOR('',#3507,1.);
#3507 = DIRECTION('',(1.203706215242E-35,-1.));
#3508 = ( GEOMETRIC_REPRESENTATION_CONTEXT(2) 
PARAMETRIC_REPRESENTATION_CONTEXT() REPRESENTATION_CONTEXT('2D SPACE',''
  ) );
#3509 = PCURVE('',#3510,#3515);
#3510 = PLANE('',#3511);
#3511 = AXIS2_PLACEMENT_3D('',#3512,#3513,#3514);
#3512 = CARTESIAN_POINT('',(-18.,-0.973844419018,332.95731342841));
#3513 = DIRECTION('',(-1.,-0.,-0.));
#3514 = DIRECTION('',(0.,0.,-1.));
#3515 = DEFINITIONAL_REPRESENTATION('',(#3516),#3519);
#3516 = B_SPLINE_CURVE_WITH_KNOTS('',1,(#3517,#3518),.UNSPECIFIED.,.F.,
  .F.,(2,2),(0.,4.),.PIECEWISE_BEZIER_KNOTS.);
#3517 = CARTESIAN_POINT('',(-1.042686571583,22.426571001515));
#3518 = CARTESIAN_POINT('',(2.957313428417,22.426571001515));
#3519 = ( GEOMETRIC_REPRESENTATION_CONTEXT(2) 
PARAMETRIC_REPRESENTATION_CONTEXT() REPRESENTATION_CONTEXT('2D SPACE',''
  ) );
#3520 = ORIENTED_EDGE('',*,*,#3466,.F.);
#3521 = ORIENTED_EDGE('',*,*,#3522,.T.);
#3522 = EDGE_CURVE('',#3383,#3495,#3523,.T.);
#3523 = SURFACE_CURVE('',#3524,(#3528,#3535),.PCURVE_S1.);
#3524 = LINE('',#3525,#3526);
#3525 = CARTESIAN_POINT('',(-17.96201896667,-23.83453559875,334.));
#3526 = VECTOR('',#3527,1.);
#3527 = DIRECTION('',(-8.715674276768E-02,0.996194610601,0.));
#3528 = PCURVE('',#3480,#3529);
#3529 = DEFINITIONAL_REPRESENTATION('',(#3530),#3534);
#3530 = LINE('',#3531,#3532);
#3531 = CARTESIAN_POINT('',(0.320916903745,1.89697233878));
#3532 = VECTOR('',#3533,1.);
#3533 = DIRECTION('',(-1.,-2.503437332708E-36));
#3534 = ( GEOMETRIC_REPRESENTATION_CONTEXT(2) 
PARAMETRIC_REPRESENTATION_CONTEXT() REPRESENTATION_CONTEXT('2D SPACE',''
  ) );
#3535 = PCURVE('',#3536,#3541);
#3536 = PLANE('',#3537);
#3537 = AXIS2_PLACEMENT_3D('',#3538,#3539,#3540);
#3538 = CARTESIAN_POINT('',(-17.99050093101,-24.65008812122,334.));
#3539 = DIRECTION('',(-5.751883644893E-25,3.316571858284E-27,-1.));
#3540 = DIRECTION('',(-1.,0.,5.751883644893E-25));
#3541 = DEFINITIONAL_REPRESENTATION('',(#3542),#3545);
#3542 = B_SPLINE_CURVE_WITH_KNOTS('',1,(#3543,#3544),.UNSPECIFIED.,.F.,
  .F.,(2,2),(0.,0.43577848505),.PIECEWISE_BEZIER_KNOTS.);
#3543 = CARTESIAN_POINT('',(-2.848196433628E-02,0.815552522474));
#3544 = CARTESIAN_POINT('',(9.499068988919E-03,1.249672700697));
#3545 = ( GEOMETRIC_REPRESENTATION_CONTEXT(2) 
PARAMETRIC_REPRESENTATION_CONTEXT() REPRESENTATION_CONTEXT('2D SPACE',''
  ) );
#3546 = ADVANCED_FACE('',(#3547),#2507,.T.);
#3547 = FACE_BOUND('',#3548,.T.);
#3548 = EDGE_LOOP('',(#3549,#3574,#3575));
#3549 = ORIENTED_EDGE('',*,*,#3550,.T.);
#3550 = EDGE_CURVE('',#56,#2269,#3551,.T.);
#3551 = SURFACE_CURVE('',#3552,(#3556,#3563),.PCURVE_S1.);
#3552 = LINE('',#3553,#3554);
#3553 = CARTESIAN_POINT('',(-23.,-25.90041542053,317.10000610351));
#3554 = VECTOR('',#3555,1.);
#3555 = DIRECTION('',(1.,0.,0.));
#3556 = PCURVE('',#2507,#3557);
#3557 = DEFINITIONAL_REPRESENTATION('',(#3558),#3562);
#3558 = LINE('',#3559,#3560);
#3559 = CARTESIAN_POINT('',(4.450967578308,-6.775438785526));
#3560 = VECTOR('',#3561,1.);
#3561 = DIRECTION('',(0.,1.));
#3562 = ( GEOMETRIC_REPRESENTATION_CONTEXT(2) 
PARAMETRIC_REPRESENTATION_CONTEXT() REPRESENTATION_CONTEXT('2D SPACE',''
  ) );
#3563 = PCURVE('',#3564,#3569);
#3564 = PLANE('',#3565);
#3565 = AXIS2_PLACEMENT_3D('',#3566,#3567,#3568);
#3566 = CARTESIAN_POINT('',(-16.5,-25.89090951531,316.99134863743));
#3567 = DIRECTION('',(6.545337715914E-20,-0.996195009546,
    -8.715218273361E-02));
#3568 = DIRECTION('',(0.,8.715218273361E-02,-0.996195009546));
#3569 = DEFINITIONAL_REPRESENTATION('',(#3570),#3573);
#3570 = B_SPLINE_CURVE_WITH_KNOTS('',1,(#3571,#3572),.UNSPECIFIED.,.F.,
  .F.,(2,2),(0.,13.),.PIECEWISE_BEZIER_KNOTS.);
#3571 = CARTESIAN_POINT('',(-0.109072485845,-6.5));
#3572 = CARTESIAN_POINT('',(-0.109072485845,6.5));
#3573 = ( GEOMETRIC_REPRESENTATION_CONTEXT(2) 
PARAMETRIC_REPRESENTATION_CONTEXT() REPRESENTATION_CONTEXT('2D SPACE',''
  ) );
#3574 = ORIENTED_EDGE('',*,*,#2491,.F.);
#3575 = ORIENTED_EDGE('',*,*,#3576,.T.);
#3576 = EDGE_CURVE('',#2492,#56,#3577,.T.);
#3577 = SURFACE_CURVE('',#3578,(#3582,#3589),.PCURVE_S1.);
#3578 = LINE('',#3579,#3580);
#3579 = CARTESIAN_POINT('',(-15.5,-25.90041542053,330.));
#3580 = VECTOR('',#3581,1.);
#3581 = DIRECTION('',(-0.502620635107,0.,-0.864507083351));
#3582 = PCURVE('',#2507,#3583);
#3583 = DEFINITIONAL_REPRESENTATION('',(#3584),#3588);
#3584 = LINE('',#3585,#3586);
#3585 = CARTESIAN_POINT('',(-8.449026318177,0.724561214474));
#3586 = VECTOR('',#3587,1.);
#3587 = DIRECTION('',(0.864507083351,-0.502620635107));
#3588 = ( GEOMETRIC_REPRESENTATION_CONTEXT(2) 
PARAMETRIC_REPRESENTATION_CONTEXT() REPRESENTATION_CONTEXT('2D SPACE',''
  ) );
#3589 = PCURVE('',#151,#3590);
#3590 = DEFINITIONAL_REPRESENTATION('',(#3591),#3594);
#3591 = B_SPLINE_CURVE_WITH_KNOTS('',1,(#3592,#3593),.UNSPECIFIED.,.F.,
  .F.,(2,2),(0.,14.921790862002),.PIECEWISE_BEZIER_KNOTS.);
#3592 = CARTESIAN_POINT('',(-5.080446189622,5.119550758621));
#3593 = CARTESIAN_POINT('',(7.819547706863,-2.380449241379));
#3594 = ( GEOMETRIC_REPRESENTATION_CONTEXT(2) 
PARAMETRIC_REPRESENTATION_CONTEXT() REPRESENTATION_CONTEXT('2D SPACE',''
  ) );
#3595 = ADVANCED_FACE('',(#3596),#151,.T.);
#3596 = FACE_BOUND('',#3597,.T.);
#3597 = EDGE_LOOP('',(#3598,#3599,#3600));
#3598 = ORIENTED_EDGE('',*,*,#138,.T.);
#3599 = ORIENTED_EDGE('',*,*,#3576,.F.);
#3600 = ORIENTED_EDGE('',*,*,#3601,.T.);
#3601 = EDGE_CURVE('',#2492,#111,#3602,.T.);
#3602 = SURFACE_CURVE('',#3603,(#3607,#3614),.PCURVE_S1.);
#3603 = LINE('',#3604,#3605);
#3604 = CARTESIAN_POINT('',(-15.5,-25.90041542053,330.));
#3605 = VECTOR('',#3606,1.);
#3606 = DIRECTION('',(-1.,0.,0.));
#3607 = PCURVE('',#151,#3608);
#3608 = DEFINITIONAL_REPRESENTATION('',(#3609),#3613);
#3609 = LINE('',#3610,#3611);
#3610 = CARTESIAN_POINT('',(-5.080446189622,5.119550758621));
#3611 = VECTOR('',#3612,1.);
#3612 = DIRECTION('',(0.,-1.));
#3613 = ( GEOMETRIC_REPRESENTATION_CONTEXT(2) 
PARAMETRIC_REPRESENTATION_CONTEXT() REPRESENTATION_CONTEXT('2D SPACE',''
  ) );
#3614 = PCURVE('',#2563,#3615);
#3615 = DEFINITIONAL_REPRESENTATION('',(#3616),#3619);
#3616 = B_SPLINE_CURVE_WITH_KNOTS('',1,(#3617,#3618),.UNSPECIFIED.,.F.,
  .F.,(2,2),(0.,7.5),.PIECEWISE_BEZIER_KNOTS.);
#3617 = CARTESIAN_POINT('',(-9.49637255475E-03,-3.749610942912));
#3618 = CARTESIAN_POINT('',(-9.49637255475E-03,3.750389057088));
#3619 = ( GEOMETRIC_REPRESENTATION_CONTEXT(2) 
PARAMETRIC_REPRESENTATION_CONTEXT() REPRESENTATION_CONTEXT('2D SPACE',''
  ) );
#3620 = ADVANCED_FACE('',(#3621),#3510,.T.);
#3621 = FACE_BOUND('',#3622,.T.);
#3622 = EDGE_LOOP('',(#3623,#3624,#3651));
#3623 = ORIENTED_EDGE('',*,*,#3494,.F.);
#3624 = ORIENTED_EDGE('',*,*,#3625,.T.);
#3625 = EDGE_CURVE('',#3495,#3626,#3628,.T.);
#3626 = VERTEX_POINT('',#3627);
#3627 = CARTESIAN_POINT('',(-18.,23.367353439331,334.));
#3628 = SURFACE_CURVE('',#3629,(#3633,#3640),.PCURVE_S1.);
#3629 = LINE('',#3630,#3631);
#3630 = CARTESIAN_POINT('',(-18.,-23.40041542053,334.));
#3631 = VECTOR('',#3632,1.);
#3632 = DIRECTION('',(0.,1.,0.));
#3633 = PCURVE('',#3510,#3634);
#3634 = DEFINITIONAL_REPRESENTATION('',(#3635),#3639);
#3635 = LINE('',#3636,#3637);
#3636 = CARTESIAN_POINT('',(-1.042686571583,22.426571001515));
#3637 = VECTOR('',#3638,1.);
#3638 = DIRECTION('',(0.,-1.));
#3639 = ( GEOMETRIC_REPRESENTATION_CONTEXT(2) 
PARAMETRIC_REPRESENTATION_CONTEXT() REPRESENTATION_CONTEXT('2D SPACE',''
  ) );
#3640 = PCURVE('',#3641,#3646);
#3641 = PLANE('',#3642);
#3642 = AXIS2_PLACEMENT_3D('',#3643,#3644,#3645);
#3643 = CARTESIAN_POINT('',(-18.42639240442,-0.924602950942,334.));
#3644 = DIRECTION('',(-0.,-0.,-1.));
#3645 = DIRECTION('',(-1.,0.,0.));
#3646 = DEFINITIONAL_REPRESENTATION('',(#3647),#3650);
#3647 = B_SPLINE_CURVE_WITH_KNOTS('',1,(#3648,#3649),.UNSPECIFIED.,.F.,
  .F.,(2,2),(0.,46.767768859863),.PIECEWISE_BEZIER_KNOTS.);
#3648 = CARTESIAN_POINT('',(-0.426392404427,-22.47581246959));
#3649 = CARTESIAN_POINT('',(-0.426392404427,24.291956390273));
#3650 = ( GEOMETRIC_REPRESENTATION_CONTEXT(2) 
PARAMETRIC_REPRESENTATION_CONTEXT() REPRESENTATION_CONTEXT('2D SPACE',''
  ) );
#3651 = ORIENTED_EDGE('',*,*,#3652,.T.);
#3652 = EDGE_CURVE('',#3626,#3439,#3653,.T.);
#3653 = SURFACE_CURVE('',#3654,(#3658,#3665),.PCURVE_S1.);
#3654 = LINE('',#3655,#3656);
#3655 = CARTESIAN_POINT('',(-18.,23.367353439331,334.));
#3656 = VECTOR('',#3657,1.);
#3657 = DIRECTION('',(0.,-0.996362341548,-8.521786399807E-02));
#3658 = PCURVE('',#3510,#3659);
#3659 = DEFINITIONAL_REPRESENTATION('',(#3660),#3664);
#3660 = LINE('',#3661,#3662);
#3661 = CARTESIAN_POINT('',(-1.042686571583,-24.34119785834));
#3662 = VECTOR('',#3663,1.);
#3663 = DIRECTION('',(8.521786399807E-02,0.996362341548));
#3664 = ( GEOMETRIC_REPRESENTATION_CONTEXT(2) 
PARAMETRIC_REPRESENTATION_CONTEXT() REPRESENTATION_CONTEXT('2D SPACE',''
  ) );
#3665 = PCURVE('',#3666,#3671);
#3666 = PLANE('',#3667);
#3667 = AXIS2_PLACEMENT_3D('',#3668,#3669,#3670);
#3668 = CARTESIAN_POINT('',(-18.,0.942998365644,331.04259219036));
#3669 = DIRECTION('',(-1.,-0.,-0.));
#3670 = DIRECTION('',(0.,0.,-1.));
#3671 = DEFINITIONAL_REPRESENTATION('',(#3672),#3675);
#3672 = B_SPLINE_CURVE_WITH_KNOTS('',1,(#3673,#3674),.UNSPECIFIED.,.F.,
  .F.,(2,2),(0.,46.938515146195),.PIECEWISE_BEZIER_KNOTS.);
#3673 = CARTESIAN_POINT('',(-2.957407809637,-22.42435507368));
#3674 = CARTESIAN_POINT('',(1.042592190363,24.343413786177));
#3675 = ( GEOMETRIC_REPRESENTATION_CONTEXT(2) 
PARAMETRIC_REPRESENTATION_CONTEXT() REPRESENTATION_CONTEXT('2D SPACE',''
  ) );
#3676 = ADVANCED_FACE('',(#3677),#3666,.T.);
#3677 = FACE_BOUND('',#3678,.T.);
#3678 = EDGE_LOOP('',(#3679,#3699,#3700));
#3679 = ORIENTED_EDGE('',*,*,#3680,.T.);
#3680 = EDGE_CURVE('',#194,#3439,#3681,.T.);
#3681 = SURFACE_CURVE('',#3682,(#3686,#3693),.PCURVE_S1.);
#3682 = LINE('',#3683,#3684);
#3683 = CARTESIAN_POINT('',(-18.,23.376207351685,330.));
#3684 = VECTOR('',#3685,1.);
#3685 = DIRECTION('',(0.,-1.,0.));
#3686 = PCURVE('',#3666,#3687);
#3687 = DEFINITIONAL_REPRESENTATION('',(#3688),#3692);
#3688 = LINE('',#3689,#3690);
#3689 = CARTESIAN_POINT('',(1.042592190363,-22.43320898604));
#3690 = VECTOR('',#3691,1.);
#3691 = DIRECTION('',(0.,1.));
#3692 = ( GEOMETRIC_REPRESENTATION_CONTEXT(2) 
PARAMETRIC_REPRESENTATION_CONTEXT() REPRESENTATION_CONTEXT('2D SPACE',''
  ) );
#3693 = PCURVE('',#209,#3694);
#3694 = DEFINITIONAL_REPRESENTATION('',(#3695),#3698);
#3695 = B_SPLINE_CURVE_WITH_KNOTS('',1,(#3696,#3697),.UNSPECIFIED.,.F.,
  .F.,(2,2),(0.,46.776622772217),.PIECEWISE_BEZIER_KNOTS.);
#3696 = CARTESIAN_POINT('',(1.352348897957,25.347598774397));
#3697 = CARTESIAN_POINT('',(1.352348897957,-21.42902399781));
#3698 = ( GEOMETRIC_REPRESENTATION_CONTEXT(2) 
PARAMETRIC_REPRESENTATION_CONTEXT() REPRESENTATION_CONTEXT('2D SPACE',''
  ) );
#3699 = ORIENTED_EDGE('',*,*,#3652,.F.);
#3700 = ORIENTED_EDGE('',*,*,#3701,.F.);
#3701 = EDGE_CURVE('',#194,#3626,#3702,.T.);
#3702 = SURFACE_CURVE('',#3703,(#3707,#3713),.PCURVE_S1.);
#3703 = LINE('',#3704,#3705);
#3704 = CARTESIAN_POINT('',(-18.,23.376207351685,330.));
#3705 = VECTOR('',#3706,1.);
#3706 = DIRECTION('',(0.,-2.213472665947E-03,0.999997550266));
#3707 = PCURVE('',#3666,#3708);
#3708 = DEFINITIONAL_REPRESENTATION('',(#3709),#3712);
#3709 = B_SPLINE_CURVE_WITH_KNOTS('',1,(#3710,#3711),.UNSPECIFIED.,.F.,
  .F.,(2,2),(0.,4.000009798958),.PIECEWISE_BEZIER_KNOTS.);
#3710 = CARTESIAN_POINT('',(1.042592190363,-22.43320898604));
#3711 = CARTESIAN_POINT('',(-2.957407809637,-22.42435507368));
#3712 = ( GEOMETRIC_REPRESENTATION_CONTEXT(2) 
PARAMETRIC_REPRESENTATION_CONTEXT() REPRESENTATION_CONTEXT('2D SPACE',''
  ) );
#3713 = PCURVE('',#3714,#3719);
#3714 = PLANE('',#3715);
#3715 = AXIS2_PLACEMENT_3D('',#3716,#3717,#3718);
#3716 = CARTESIAN_POINT('',(-17.98999005195,23.485965729447,
    332.10303948368));
#3717 = DIRECTION('',(-0.996194625311,8.715636112481E-02,
    1.929186956126E-04));
#3718 = DIRECTION('',(-8.715636274668E-02,-0.996194643849,0.));
#3719 = DEFINITIONAL_REPRESENTATION('',(#3720),#3724);
#3720 = LINE('',#3721,#3722);
#3721 = CARTESIAN_POINT('',(0.110213138707,-2.103039522816));
#3722 = VECTOR('',#3723,1.);
#3723 = DIRECTION('',(2.205049614122E-03,0.999997568875));
#3724 = ( GEOMETRIC_REPRESENTATION_CONTEXT(2) 
PARAMETRIC_REPRESENTATION_CONTEXT() REPRESENTATION_CONTEXT('2D SPACE',''
  ) );
#3725 = ADVANCED_FACE('',(#3726),#3714,.T.);
#3726 = FACE_BOUND('',#3727,.T.);
#3727 = EDGE_LOOP('',(#3728,#3729,#3756));
#3728 = ORIENTED_EDGE('',*,*,#3701,.T.);
#3729 = ORIENTED_EDGE('',*,*,#3730,.T.);
#3730 = EDGE_CURVE('',#3626,#3731,#3733,.T.);
#3731 = VERTEX_POINT('',#3732);
#3732 = CARTESIAN_POINT('',(-17.96201896667,23.801475524902,334.));
#3733 = SURFACE_CURVE('',#3734,(#3738,#3745),.PCURVE_S1.);
#3734 = LINE('',#3735,#3736);
#3735 = CARTESIAN_POINT('',(-18.,23.367353439331,334.));
#3736 = VECTOR('',#3737,1.);
#3737 = DIRECTION('',(8.715636274668E-02,0.996194643849,0.));
#3738 = PCURVE('',#3714,#3739);
#3739 = DEFINITIONAL_REPRESENTATION('',(#3740),#3744);
#3740 = LINE('',#3741,#3742);
#3741 = CARTESIAN_POINT('',(0.119033358771,1.896960551619));
#3742 = VECTOR('',#3743,1.);
#3743 = DIRECTION('',(-1.,3.388131789017E-21));
#3744 = ( GEOMETRIC_REPRESENTATION_CONTEXT(2) 
PARAMETRIC_REPRESENTATION_CONTEXT() REPRESENTATION_CONTEXT('2D SPACE',''
  ) );
#3745 = PCURVE('',#3746,#3751);
#3746 = PLANE('',#3747);
#3747 = AXIS2_PLACEMENT_3D('',#3748,#3749,#3750);
#3748 = CARTESIAN_POINT('',(-17.99050093103,24.617029002704,334.));
#3749 = DIRECTION('',(-0.,-0.,-1.));
#3750 = DIRECTION('',(-1.,0.,0.));
#3751 = DEFINITIONAL_REPRESENTATION('',(#3752),#3755);
#3752 = B_SPLINE_CURVE_WITH_KNOTS('',1,(#3753,#3754),.UNSPECIFIED.,.F.,
  .F.,(2,2),(0.,0.435780385141),.PIECEWISE_BEZIER_KNOTS.);
#3753 = CARTESIAN_POINT('',(9.499068965209E-03,-1.249675563373));
#3754 = CARTESIAN_POINT('',(-2.848196435999E-02,-0.815553477802));
#3755 = ( GEOMETRIC_REPRESENTATION_CONTEXT(2) 
PARAMETRIC_REPRESENTATION_CONTEXT() REPRESENTATION_CONTEXT('2D SPACE',''
  ) );
#3756 = ORIENTED_EDGE('',*,*,#3757,.T.);
#3757 = EDGE_CURVE('',#3731,#194,#3758,.T.);
#3758 = SURFACE_CURVE('',#3759,(#3763,#3770),.PCURVE_S1.);
#3759 = LINE('',#3760,#3761);
#3760 = CARTESIAN_POINT('',(-17.96201896667,23.801475524902,334.));
#3761 = VECTOR('',#3762,1.);
#3762 = DIRECTION('',(-9.441624220047E-03,-0.105716509867,
    -0.994351484775));
#3763 = PCURVE('',#3714,#3764);
#3764 = DEFINITIONAL_REPRESENTATION('',(#3765),#3769);
#3765 = LINE('',#3766,#3767);
#3766 = CARTESIAN_POINT('',(-0.31674702637,1.896960551619));
#3767 = VECTOR('',#3768,1.);
#3768 = DIRECTION('',(0.106137118521,-0.994351503278));
#3769 = ( GEOMETRIC_REPRESENTATION_CONTEXT(2) 
PARAMETRIC_REPRESENTATION_CONTEXT() REPRESENTATION_CONTEXT('2D SPACE',''
  ) );
#3770 = PCURVE('',#289,#3771);
#3771 = DEFINITIONAL_REPRESENTATION('',(#3772),#3775);
#3772 = B_SPLINE_CURVE_WITH_KNOTS('',1,(#3773,#3774),.UNSPECIFIED.,.F.,
  .F.,(2,2),(0.,4.022722408773),.PIECEWISE_BEZIER_KNOTS.);
#3773 = CARTESIAN_POINT('',(-0.110213138707,2.103039522816));
#3774 = CARTESIAN_POINT('',(0.31674702637,-1.896960551619));
#3775 = ( GEOMETRIC_REPRESENTATION_CONTEXT(2) 
PARAMETRIC_REPRESENTATION_CONTEXT() REPRESENTATION_CONTEXT('2D SPACE',''
  ) );
#3776 = ADVANCED_FACE('',(#3777),#289,.T.);
#3777 = FACE_BOUND('',#3778,.T.);
#3778 = EDGE_LOOP('',(#3779,#3780,#3781));
#3779 = ORIENTED_EDGE('',*,*,#276,.T.);
#3780 = ORIENTED_EDGE('',*,*,#3757,.F.);
#3781 = ORIENTED_EDGE('',*,*,#3782,.T.);
#3782 = EDGE_CURVE('',#3731,#249,#3783,.T.);
#3783 = SURFACE_CURVE('',#3784,(#3788,#3795),.PCURVE_S1.);
#3784 = LINE('',#3785,#3786);
#3785 = CARTESIAN_POINT('',(-17.96201896667,23.801475524902,334.));
#3786 = VECTOR('',#3787,1.);
#3787 = DIRECTION('',(0.,2.213472665947E-03,-0.999997550266));
#3788 = PCURVE('',#289,#3789);
#3789 = DEFINITIONAL_REPRESENTATION('',(#3790),#3794);
#3790 = LINE('',#3791,#3792);
#3791 = CARTESIAN_POINT('',(-0.110213138707,2.103039522816));
#3792 = VECTOR('',#3793,1.);
#3793 = DIRECTION('',(-2.205049614122E-03,-0.999997568875));
#3794 = ( GEOMETRIC_REPRESENTATION_CONTEXT(2) 
PARAMETRIC_REPRESENTATION_CONTEXT() REPRESENTATION_CONTEXT('2D SPACE',''
  ) );
#3795 = PCURVE('',#3796,#3801);
#3796 = PLANE('',#3797);
#3797 = AXIS2_PLACEMENT_3D('',#3798,#3799,#3800);
#3798 = CARTESIAN_POINT('',(-17.93229366071,23.916611582968,
    332.10303892789));
#3799 = DIRECTION('',(-0.9659261485,0.258817208557,5.728862200365E-04));
#3800 = DIRECTION('',(-0.258817251029,-0.965926307008,2.710505431214E-20
    ));
#3801 = DEFINITIONAL_REPRESENTATION('',(#3802),#3805);
#3802 = B_SPLINE_CURVE_WITH_KNOTS('',1,(#3803,#3804),.UNSPECIFIED.,.F.,
  .F.,(2,2),(0.,4.000009798958),.PIECEWISE_BEZIER_KNOTS.);
#3803 = CARTESIAN_POINT('',(0.118906369344,1.896961383397));
#3804 = CARTESIAN_POINT('',(0.110354142482,-2.103039273));
#3805 = ( GEOMETRIC_REPRESENTATION_CONTEXT(2) 
PARAMETRIC_REPRESENTATION_CONTEXT() REPRESENTATION_CONTEXT('2D SPACE',''
  ) );
#3806 = ADVANCED_FACE('',(#3807),#3796,.T.);
#3807 = FACE_BOUND('',#3808,.T.);
#3808 = EDGE_LOOP('',(#3809,#3836,#3837));
#3809 = ORIENTED_EDGE('',*,*,#3810,.T.);
#3810 = EDGE_CURVE('',#3811,#249,#3813,.T.);
#3811 = VERTEX_POINT('',#3812);
#3812 = CARTESIAN_POINT('',(-17.84923171997,24.222406387329,334.));
#3813 = SURFACE_CURVE('',#3814,(#3818,#3825),.PCURVE_S1.);
#3814 = LINE('',#3815,#3816);
#3815 = CARTESIAN_POINT('',(-17.84923171997,24.222406387329,334.));
#3816 = VECTOR('',#3817,1.);
#3817 = DIRECTION('',(-2.803733988476E-02,-0.102436594965,
    -0.994344332505));
#3818 = PCURVE('',#3796,#3819);
#3819 = DEFINITIONAL_REPRESENTATION('',(#3820),#3824);
#3820 = LINE('',#3821,#3822);
#3821 = CARTESIAN_POINT('',(-0.316873109248,1.896961383397));
#3822 = VECTOR('',#3823,1.);
#3823 = DIRECTION('',(0.106202749112,-0.994344495676));
#3824 = ( GEOMETRIC_REPRESENTATION_CONTEXT(2) 
PARAMETRIC_REPRESENTATION_CONTEXT() REPRESENTATION_CONTEXT('2D SPACE',''
  ) );
#3825 = PCURVE('',#3826,#3831);
#3826 = PLANE('',#3827);
#3827 = AXIS2_PLACEMENT_3D('',#3828,#3829,#3830);
#3828 = CARTESIAN_POINT('',(-17.87895702592,24.116124241617,
    331.8969610721));
#3829 = DIRECTION('',(-0.9659261485,0.258817208557,5.728862200365E-04));
#3830 = DIRECTION('',(-0.258817251029,-0.965926307008,2.710505431214E-20
    ));
#3831 = DEFINITIONAL_REPRESENTATION('',(#3832),#3835);
#3832 = B_SPLINE_CURVE_WITH_KNOTS('',1,(#3833,#3834),.UNSPECIFIED.,.F.,
  .F.,(2,2),(0.,4.022751344018),.PIECEWISE_BEZIER_KNOTS.);
#3833 = CARTESIAN_POINT('',(-0.110354142482,2.103039273));
#3834 = CARTESIAN_POINT('',(0.316873109248,-1.896961383397));
#3835 = ( GEOMETRIC_REPRESENTATION_CONTEXT(2) 
PARAMETRIC_REPRESENTATION_CONTEXT() REPRESENTATION_CONTEXT('2D SPACE',''
  ) );
#3836 = ORIENTED_EDGE('',*,*,#3782,.F.);
#3837 = ORIENTED_EDGE('',*,*,#3838,.T.);
#3838 = EDGE_CURVE('',#3731,#3811,#3839,.T.);
#3839 = SURFACE_CURVE('',#3840,(#3844,#3851),.PCURVE_S1.);
#3840 = LINE('',#3841,#3842);
#3841 = CARTESIAN_POINT('',(-17.96201896667,23.801475524902,334.));
#3842 = VECTOR('',#3843,1.);
#3843 = DIRECTION('',(0.258817251029,0.965926307008,0.));
#3844 = PCURVE('',#3796,#3845);
#3845 = DEFINITIONAL_REPRESENTATION('',(#3846),#3850);
#3846 = LINE('',#3847,#3848);
#3847 = CARTESIAN_POINT('',(0.118906369344,1.896961383397));
#3848 = VECTOR('',#3849,1.);
#3849 = DIRECTION('',(-1.,2.710505431214E-20));
#3850 = ( GEOMETRIC_REPRESENTATION_CONTEXT(2) 
PARAMETRIC_REPRESENTATION_CONTEXT() REPRESENTATION_CONTEXT('2D SPACE',''
  ) );
#3851 = PCURVE('',#3852,#3857);
#3852 = PLANE('',#3853);
#3853 = AXIS2_PLACEMENT_3D('',#3854,#3855,#3856);
#3854 = CARTESIAN_POINT('',(-17.95067515825,24.831826620148,334.));
#3855 = DIRECTION('',(-1.112477744365E-25,-3.960665601331E-27,-1.));
#3856 = DIRECTION('',(-1.,0.,1.112477744365E-25));
#3857 = DEFINITIONAL_REPRESENTATION('',(#3858),#3861);
#3858 = B_SPLINE_CURVE_WITH_KNOTS('',1,(#3859,#3860),.UNSPECIFIED.,.F.,
  .F.,(2,2),(0.,0.435779478593),.PIECEWISE_BEZIER_KNOTS.);
#3859 = CARTESIAN_POINT('',(1.134380842521E-02,-1.030351095246));
#3860 = CARTESIAN_POINT('',(-0.101443438279,-0.609420232819));
#3861 = ( GEOMETRIC_REPRESENTATION_CONTEXT(2) 
PARAMETRIC_REPRESENTATION_CONTEXT() REPRESENTATION_CONTEXT('2D SPACE',''
  ) );
#3862 = ADVANCED_FACE('',(#3863),#3826,.T.);
#3863 = FACE_BOUND('',#3864,.T.);
#3864 = EDGE_LOOP('',(#3865,#3887,#3888));
#3865 = ORIENTED_EDGE('',*,*,#3866,.T.);
#3866 = EDGE_CURVE('',#3867,#249,#3869,.T.);
#3867 = VERTEX_POINT('',#3868);
#3868 = CARTESIAN_POINT('',(-17.84923171997,24.231260299683,330.));
#3869 = SURFACE_CURVE('',#3870,(#3874,#3881),.PCURVE_S1.);
#3870 = LINE('',#3871,#3872);
#3871 = CARTESIAN_POINT('',(-17.84923171997,24.231260299683,330.));
#3872 = VECTOR('',#3873,1.);
#3873 = DIRECTION('',(-0.258817251029,-0.965926307008,0.));
#3874 = PCURVE('',#3826,#3875);
#3875 = DEFINITIONAL_REPRESENTATION('',(#3876),#3880);
#3876 = LINE('',#3877,#3878);
#3877 = CARTESIAN_POINT('',(-0.118906369344,-1.896961383397));
#3878 = VECTOR('',#3879,1.);
#3879 = DIRECTION('',(1.,-2.710505431214E-20));
#3880 = ( GEOMETRIC_REPRESENTATION_CONTEXT(2) 
PARAMETRIC_REPRESENTATION_CONTEXT() REPRESENTATION_CONTEXT('2D SPACE',''
  ) );
#3881 = PCURVE('',#264,#3882);
#3882 = DEFINITIONAL_REPRESENTATION('',(#3883),#3886);
#3883 = B_SPLINE_CURVE_WITH_KNOTS('',1,(#3884,#3885),.UNSPECIFIED.,.F.,
  .F.,(2,2),(0.,0.435779478593),.PIECEWISE_BEZIER_KNOTS.);
#3884 = CARTESIAN_POINT('',(2.505339890206,-0.681075021008));
#3885 = CARTESIAN_POINT('',(2.392552643501,-1.102005883435));
#3886 = ( GEOMETRIC_REPRESENTATION_CONTEXT(2) 
PARAMETRIC_REPRESENTATION_CONTEXT() REPRESENTATION_CONTEXT('2D SPACE',''
  ) );
#3887 = ORIENTED_EDGE('',*,*,#3810,.F.);
#3888 = ORIENTED_EDGE('',*,*,#3889,.T.);
#3889 = EDGE_CURVE('',#3811,#3867,#3890,.T.);
#3890 = SURFACE_CURVE('',#3891,(#3895,#3902),.PCURVE_S1.);
#3891 = LINE('',#3892,#3893);
#3892 = CARTESIAN_POINT('',(-17.84923171997,24.222406387329,334.));
#3893 = VECTOR('',#3894,1.);
#3894 = DIRECTION('',(0.,2.213472665947E-03,-0.999997550266));
#3895 = PCURVE('',#3826,#3896);
#3896 = DEFINITIONAL_REPRESENTATION('',(#3897),#3901);
#3897 = LINE('',#3898,#3899);
#3898 = CARTESIAN_POINT('',(-0.110354142482,2.103039273));
#3899 = VECTOR('',#3900,1.);
#3900 = DIRECTION('',(-2.138051477881E-03,-0.999997714365));
#3901 = ( GEOMETRIC_REPRESENTATION_CONTEXT(2) 
PARAMETRIC_REPRESENTATION_CONTEXT() REPRESENTATION_CONTEXT('2D SPACE',''
  ) );
#3902 = PCURVE('',#3903,#3908);
#3903 = PLANE('',#3904);
#3904 = AXIS2_PLACEMENT_3D('',#3905,#3906,#3907);
#3905 = CARTESIAN_POINT('',(-17.80069361324,24.330696001203,
    332.10303829133));
#3906 = DIRECTION('',(-0.906308051275,0.422616659778,9.354527162031E-04)
  );
#3907 = DIRECTION('',(-0.422616844688,-0.906308447818,0.));
#3908 = DEFINITIONAL_REPRESENTATION('',(#3909),#3912);
#3909 = B_SPLINE_CURVE_WITH_KNOTS('',1,(#3910,#3911),.UNSPECIFIED.,.F.,
  .F.,(2,2),(0.,4.000009798958),.PIECEWISE_BEZIER_KNOTS.);
#3910 = CARTESIAN_POINT('',(0.118656813377,1.896962538655));
#3911 = CARTESIAN_POINT('',(0.110632437815,-2.103039211489));
#3912 = ( GEOMETRIC_REPRESENTATION_CONTEXT(2) 
PARAMETRIC_REPRESENTATION_CONTEXT() REPRESENTATION_CONTEXT('2D SPACE',''
  ) );
#3913 = ADVANCED_FACE('',(#3914),#3903,.T.);
#3914 = FACE_BOUND('',#3915,.T.);
#3915 = EDGE_LOOP('',(#3916,#3943,#3944));
#3916 = ORIENTED_EDGE('',*,*,#3917,.T.);
#3917 = EDGE_CURVE('',#3918,#3867,#3920,.T.);
#3918 = VERTEX_POINT('',#3919);
#3919 = CARTESIAN_POINT('',(-17.66506385803,24.617357254028,334.));
#3920 = SURFACE_CURVE('',#3921,(#3925,#3932),.PCURVE_S1.);
#3921 = LINE('',#3922,#3923);
#3922 = CARTESIAN_POINT('',(-17.66506385803,24.617357254028,334.));
#3923 = VECTOR('',#3924,1.);
#3924 = DIRECTION('',(-4.578091636258E-02,-9.597696464897E-02,
    -0.994330191613));
#3925 = PCURVE('',#3903,#3926);
#3926 = DEFINITIONAL_REPRESENTATION('',(#3927),#3931);
#3927 = LINE('',#3928,#3929);
#3928 = CARTESIAN_POINT('',(-0.31712293429,1.896962538655));
#3929 = VECTOR('',#3930,1.);
#3930 = DIRECTION('',(0.106332520277,-0.994330626669));
#3931 = ( GEOMETRIC_REPRESENTATION_CONTEXT(2) 
PARAMETRIC_REPRESENTATION_CONTEXT() REPRESENTATION_CONTEXT('2D SPACE',''
  ) );
#3932 = PCURVE('',#3933,#3938);
#3933 = PLANE('',#3934);
#3934 = AXIS2_PLACEMENT_3D('',#3935,#3936,#3937);
#3935 = CARTESIAN_POINT('',(-17.71360196476,24.517921552508,
    331.89696170866));
#3936 = DIRECTION('',(-0.906308051275,0.422616659778,9.354527162031E-04)
  );
#3937 = DIRECTION('',(-0.422616844688,-0.906308447818,
    -5.421010862428E-20));
#3938 = DEFINITIONAL_REPRESENTATION('',(#3939),#3942);
#3939 = B_SPLINE_CURVE_WITH_KNOTS('',1,(#3940,#3941),.UNSPECIFIED.,.F.,
  .F.,(2,2),(0.,4.022808553676),.PIECEWISE_BEZIER_KNOTS.);
#3940 = CARTESIAN_POINT('',(-0.110632437815,2.103039211489));
#3941 = CARTESIAN_POINT('',(0.31712293429,-1.896962538655));
#3942 = ( GEOMETRIC_REPRESENTATION_CONTEXT(2) 
PARAMETRIC_REPRESENTATION_CONTEXT() REPRESENTATION_CONTEXT('2D SPACE',''
  ) );
#3943 = ORIENTED_EDGE('',*,*,#3889,.F.);
#3944 = ORIENTED_EDGE('',*,*,#3945,.T.);
#3945 = EDGE_CURVE('',#3811,#3918,#3946,.T.);
#3946 = SURFACE_CURVE('',#3947,(#3951,#3958),.PCURVE_S1.);
#3947 = LINE('',#3948,#3949);
#3948 = CARTESIAN_POINT('',(-17.84923171997,24.222406387329,334.));
#3949 = VECTOR('',#3950,1.);
#3950 = DIRECTION('',(0.422616844688,0.906308447818,0.));
#3951 = PCURVE('',#3903,#3952);
#3952 = DEFINITIONAL_REPRESENTATION('',(#3953),#3957);
#3953 = LINE('',#3954,#3955);
#3954 = CARTESIAN_POINT('',(0.118656813377,1.896962538655));
#3955 = VECTOR('',#3956,1.);
#3956 = DIRECTION('',(-1.,4.964596033262E-20));
#3957 = ( GEOMETRIC_REPRESENTATION_CONTEXT(2) 
PARAMETRIC_REPRESENTATION_CONTEXT() REPRESENTATION_CONTEXT('2D SPACE',''
  ) );
#3958 = PCURVE('',#3959,#3964);
#3959 = PLANE('',#3960);
#3960 = AXIS2_PLACEMENT_3D('',#3961,#3962,#3963);
#3961 = CARTESIAN_POINT('',(-17.86779729395,25.039911820339,334.));
#3962 = DIRECTION('',(-0.,-0.,-1.));
#3963 = DIRECTION('',(-1.,0.,0.));
#3964 = DEFINITIONAL_REPRESENTATION('',(#3965),#3968);
#3965 = B_SPLINE_CURVE_WITH_KNOTS('',1,(#3966,#3967),.UNSPECIFIED.,.F.,
  .F.,(2,2),(0.,0.435779747668),.PIECEWISE_BEZIER_KNOTS.);
#3966 = CARTESIAN_POINT('',(-1.856557398549E-02,-0.81750543301));
#3967 = CARTESIAN_POINT('',(-0.202733435924,-0.42255456631));
#3968 = ( GEOMETRIC_REPRESENTATION_CONTEXT(2) 
PARAMETRIC_REPRESENTATION_CONTEXT() REPRESENTATION_CONTEXT('2D SPACE',''
  ) );
#3969 = ADVANCED_FACE('',(#3970),#3933,.T.);
#3970 = FACE_BOUND('',#3971,.T.);
#3971 = EDGE_LOOP('',(#3972,#3999,#4000));
#3972 = ORIENTED_EDGE('',*,*,#3973,.T.);
#3973 = EDGE_CURVE('',#3974,#3867,#3976,.T.);
#3974 = VERTEX_POINT('',#3975);
#3975 = CARTESIAN_POINT('',(-17.66506385803,24.626211166382,330.));
#3976 = SURFACE_CURVE('',#3977,(#3981,#3988),.PCURVE_S1.);
#3977 = LINE('',#3978,#3979);
#3978 = CARTESIAN_POINT('',(-17.66506385803,24.626211166382,330.));
#3979 = VECTOR('',#3980,1.);
#3980 = DIRECTION('',(-0.422616844688,-0.906308447818,0.));
#3981 = PCURVE('',#3933,#3982);
#3982 = DEFINITIONAL_REPRESENTATION('',(#3983),#3987);
#3983 = LINE('',#3984,#3985);
#3984 = CARTESIAN_POINT('',(-0.118656813377,-1.896962538655));
#3985 = VECTOR('',#3986,1.);
#3986 = DIRECTION('',(1.,2.282074145827E-21));
#3987 = ( GEOMETRIC_REPRESENTATION_CONTEXT(2) 
PARAMETRIC_REPRESENTATION_CONTEXT() REPRESENTATION_CONTEXT('2D SPACE',''
  ) );
#3988 = PCURVE('',#3989,#3994);
#3989 = PLANE('',#3990);
#3990 = AXIS2_PLACEMENT_3D('',#3991,#3992,#3993);
#3991 = CARTESIAN_POINT('',(-20.27738419472,25.125250558094,330.));
#3992 = DIRECTION('',(-7.873910197061E-28,-2.861101330577E-27,1.));
#3993 = DIRECTION('',(0.,1.,2.861101330577E-27));
#3994 = DEFINITIONAL_REPRESENTATION('',(#3995),#3998);
#3995 = B_SPLINE_CURVE_WITH_KNOTS('',1,(#3996,#3997),.UNSPECIFIED.,.F.,
  .F.,(2,2),(0.,0.435779747668),.PIECEWISE_BEZIER_KNOTS.);
#3996 = CARTESIAN_POINT('',(-0.499039391712,-2.612320336688));
#3997 = CARTESIAN_POINT('',(-0.893990258411,-2.428152474749));
#3998 = ( GEOMETRIC_REPRESENTATION_CONTEXT(2) 
PARAMETRIC_REPRESENTATION_CONTEXT() REPRESENTATION_CONTEXT('2D SPACE',''
  ) );
#3999 = ORIENTED_EDGE('',*,*,#3917,.F.);
#4000 = ORIENTED_EDGE('',*,*,#4001,.T.);
#4001 = EDGE_CURVE('',#3918,#3974,#4002,.T.);
#4002 = SURFACE_CURVE('',#4003,(#4007,#4014),.PCURVE_S1.);
#4003 = LINE('',#4004,#4005);
#4004 = CARTESIAN_POINT('',(-17.66506385803,24.617357254028,334.));
#4005 = VECTOR('',#4006,1.);
#4006 = DIRECTION('',(0.,2.213472665947E-03,-0.999997550266));
#4007 = PCURVE('',#3933,#4008);
#4008 = DEFINITIONAL_REPRESENTATION('',(#4009),#4013);
#4009 = LINE('',#4010,#4011);
#4010 = CARTESIAN_POINT('',(-0.110632437815,2.103039211489));
#4011 = VECTOR('',#4012,1.);
#4012 = DIRECTION('',(-2.006088976161E-03,-0.999997987801));
#4013 = ( GEOMETRIC_REPRESENTATION_CONTEXT(2) 
PARAMETRIC_REPRESENTATION_CONTEXT() REPRESENTATION_CONTEXT('2D SPACE',''
  ) );
#4014 = PCURVE('',#4015,#4020);
#4015 = PLANE('',#4016);
#4016 = AXIS2_PLACEMENT_3D('',#4017,#4018,#4019);
#4017 = CARTESIAN_POINT('',(-17.5991874394,24.71563766101,332.1030371794
    ));
#4018 = DIRECTION('',(-0.819152087027,0.573574970205,1.269595628591E-03)
  );
#4019 = DIRECTION('',(-0.57357543247,-0.819152747213,0.));
#4020 = DEFINITIONAL_REPRESENTATION('',(#4021),#4024);
#4021 = B_SPLINE_CURVE_WITH_KNOTS('',1,(#4022,#4023),.UNSPECIFIED.,.F.,
  .F.,(2,2),(0.,4.000009798958),.PIECEWISE_BEZIER_KNOTS.);
#4022 = CARTESIAN_POINT('',(0.118291760678,1.896964349425));
#4023 = CARTESIAN_POINT('',(0.11103905405,-2.103038874325));
#4024 = ( GEOMETRIC_REPRESENTATION_CONTEXT(2) 
PARAMETRIC_REPRESENTATION_CONTEXT() REPRESENTATION_CONTEXT('2D SPACE',''
  ) );
#4025 = ADVANCED_FACE('',(#4026),#4015,.T.);
#4026 = FACE_BOUND('',#4027,.T.);
#4027 = EDGE_LOOP('',(#4028,#4055,#4056));
#4028 = ORIENTED_EDGE('',*,*,#4029,.T.);
#4029 = EDGE_CURVE('',#4030,#3974,#4032,.T.);
#4030 = VERTEX_POINT('',#4031);
#4031 = CARTESIAN_POINT('',(-17.41511154174,24.974327087402,334.));
#4032 = SURFACE_CURVE('',#4033,(#4037,#4044),.PCURVE_S1.);
#4033 = LINE('',#4034,#4035);
#4034 = CARTESIAN_POINT('',(-17.41511154174,24.974327087402,334.));
#4035 = VECTOR('',#4036,1.);
#4036 = DIRECTION('',(-6.213249324606E-02,-8.653374544872E-02,
    -0.994309541431));
#4037 = PCURVE('',#4015,#4038);
#4038 = DEFINITIONAL_REPRESENTATION('',(#4039),#4043);
#4039 = LINE('',#4040,#4041);
#4040 = CARTESIAN_POINT('',(-0.317487566912,1.896964349425));
#4041 = VECTOR('',#4042,1.);
#4042 = DIRECTION('',(0.106522026995,-0.994310342783));
#4043 = ( GEOMETRIC_REPRESENTATION_CONTEXT(2) 
PARAMETRIC_REPRESENTATION_CONTEXT() REPRESENTATION_CONTEXT('2D SPACE',''
  ) );
#4044 = PCURVE('',#4045,#4050);
#4045 = PLANE('',#4046);
#4046 = AXIS2_PLACEMENT_3D('',#4047,#4048,#4049);
#4047 = CARTESIAN_POINT('',(-17.48098796037,24.884900592774,
    331.89696282059));
#4048 = DIRECTION('',(-0.819152087027,0.573574970205,1.269595628591E-03)
  );
#4049 = DIRECTION('',(-0.57357543247,-0.819152747213,-1.084202172486E-19
    ));
#4050 = DEFINITIONAL_REPRESENTATION('',(#4051),#4054);
#4051 = B_SPLINE_CURVE_WITH_KNOTS('',1,(#4052,#4053),.UNSPECIFIED.,.F.,
  .F.,(2,2),(0.,4.022892100825),.PIECEWISE_BEZIER_KNOTS.);
#4052 = CARTESIAN_POINT('',(-0.11103905405,2.103038874325));
#4053 = CARTESIAN_POINT('',(0.317487566912,-1.896964349425));
#4054 = ( GEOMETRIC_REPRESENTATION_CONTEXT(2) 
PARAMETRIC_REPRESENTATION_CONTEXT() REPRESENTATION_CONTEXT('2D SPACE',''
  ) );
#4055 = ORIENTED_EDGE('',*,*,#4001,.F.);
#4056 = ORIENTED_EDGE('',*,*,#4057,.T.);
#4057 = EDGE_CURVE('',#3918,#4030,#4058,.T.);
#4058 = SURFACE_CURVE('',#4059,(#4063,#4070),.PCURVE_S1.);
#4059 = LINE('',#4060,#4061);
#4060 = CARTESIAN_POINT('',(-17.66506385803,24.617357254028,334.));
#4061 = VECTOR('',#4062,1.);
#4062 = DIRECTION('',(0.57357543247,0.819152747213,0.));
#4063 = PCURVE('',#4015,#4064);
#4064 = DEFINITIONAL_REPRESENTATION('',(#4065),#4069);
#4065 = LINE('',#4066,#4067);
#4066 = CARTESIAN_POINT('',(0.118291760678,1.896964349425));
#4067 = VECTOR('',#4068,1.);
#4068 = DIRECTION('',(-1.,7.047665814148E-20));
#4069 = ( GEOMETRIC_REPRESENTATION_CONTEXT(2) 
PARAMETRIC_REPRESENTATION_CONTEXT() REPRESENTATION_CONTEXT('2D SPACE',''
  ) );
#4070 = PCURVE('',#4071,#4076);
#4071 = PLANE('',#4072);
#4072 = AXIS2_PLACEMENT_3D('',#4073,#4074,#4075);
#4073 = CARTESIAN_POINT('',(-17.73928245815,25.240911832465,334.));
#4074 = DIRECTION('',(-7.687258869138E-27,-2.022062678574E-27,-1.));
#4075 = DIRECTION('',(-1.,0.,7.687258869138E-27));
#4076 = DEFINITIONAL_REPRESENTATION('',(#4077),#4080);
#4077 = B_SPLINE_CURVE_WITH_KNOTS('',1,(#4078,#4079),.UNSPECIFIED.,.F.,
  .F.,(2,2),(0.,0.43577932759),.PIECEWISE_BEZIER_KNOTS.);
#4078 = CARTESIAN_POINT('',(-7.42186001209E-02,-0.623554578436));
#4079 = CARTESIAN_POINT('',(-0.324170916405,-0.266584745062));
#4080 = ( GEOMETRIC_REPRESENTATION_CONTEXT(2) 
PARAMETRIC_REPRESENTATION_CONTEXT() REPRESENTATION_CONTEXT('2D SPACE',''
  ) );
#4081 = ADVANCED_FACE('',(#4082),#4045,.T.);
#4082 = FACE_BOUND('',#4083,.T.);
#4083 = EDGE_LOOP('',(#4084,#4111,#4112));
#4084 = ORIENTED_EDGE('',*,*,#4085,.T.);
#4085 = EDGE_CURVE('',#4086,#3974,#4088,.T.);
#4086 = VERTEX_POINT('',#4087);
#4087 = CARTESIAN_POINT('',(-17.41511154174,24.983180999756,330.));
#4088 = SURFACE_CURVE('',#4089,(#4093,#4100),.PCURVE_S1.);
#4089 = LINE('',#4090,#4091);
#4090 = CARTESIAN_POINT('',(-17.41511154174,24.983180999756,330.));
#4091 = VECTOR('',#4092,1.);
#4092 = DIRECTION('',(-0.57357543247,-0.819152747213,0.));
#4093 = PCURVE('',#4045,#4094);
#4094 = DEFINITIONAL_REPRESENTATION('',(#4095),#4099);
#4095 = LINE('',#4096,#4097);
#4096 = CARTESIAN_POINT('',(-0.118291760678,-1.896964349425));
#4097 = VECTOR('',#4098,1.);
#4098 = DIRECTION('',(1.,1.463637763556E-19));
#4099 = ( GEOMETRIC_REPRESENTATION_CONTEXT(2) 
PARAMETRIC_REPRESENTATION_CONTEXT() REPRESENTATION_CONTEXT('2D SPACE',''
  ) );
#4100 = PCURVE('',#4101,#4106);
#4101 = PLANE('',#4102);
#4102 = AXIS2_PLACEMENT_3D('',#4103,#4104,#4105);
#4103 = CARTESIAN_POINT('',(-20.16627766626,25.321638799172,330.));
#4104 = DIRECTION('',(0.,0.,1.));
#4105 = DIRECTION('',(1.,0.,-0.));
#4106 = DEFINITIONAL_REPRESENTATION('',(#4107),#4110);
#4107 = B_SPLINE_CURVE_WITH_KNOTS('',1,(#4108,#4109),.UNSPECIFIED.,.F.,
  .F.,(2,2),(0.,0.43577932759),.PIECEWISE_BEZIER_KNOTS.);
#4108 = CARTESIAN_POINT('',(2.751166124512,-0.338457799416));
#4109 = CARTESIAN_POINT('',(2.501213808228,-0.695427632791));
#4110 = ( GEOMETRIC_REPRESENTATION_CONTEXT(2) 
PARAMETRIC_REPRESENTATION_CONTEXT() REPRESENTATION_CONTEXT('2D SPACE',''
  ) );
#4111 = ORIENTED_EDGE('',*,*,#4029,.F.);
#4112 = ORIENTED_EDGE('',*,*,#4113,.T.);
#4113 = EDGE_CURVE('',#4030,#4086,#4114,.T.);
#4114 = SURFACE_CURVE('',#4115,(#4119,#4126),.PCURVE_S1.);
#4115 = LINE('',#4116,#4117);
#4116 = CARTESIAN_POINT('',(-17.41511154174,24.974327087402,334.));
#4117 = VECTOR('',#4118,1.);
#4118 = DIRECTION('',(0.,2.213472665947E-03,-0.999997550266));
#4119 = PCURVE('',#4045,#4120);
#4120 = DEFINITIONAL_REPRESENTATION('',(#4121),#4125);
#4121 = LINE('',#4122,#4123);
#4122 = CARTESIAN_POINT('',(-0.11103905405,2.103038874325));
#4123 = VECTOR('',#4124,1.);
#4124 = DIRECTION('',(-1.813172215191E-03,-0.999998356202));
#4125 = ( GEOMETRIC_REPRESENTATION_CONTEXT(2) 
PARAMETRIC_REPRESENTATION_CONTEXT() REPRESENTATION_CONTEXT('2D SPACE',''
  ) );
#4126 = PCURVE('',#4127,#4132);
#4127 = PLANE('',#4128);
#4128 = AXIS2_PLACEMENT_3D('',#4129,#4130,#4131);
#4129 = CARTESIAN_POINT('',(-17.33389804828,25.059739469971,
    332.10303561523));
#4130 = DIRECTION('',(-0.707105915073,0.707105915073,1.565163449178E-03)
  );
#4131 = DIRECTION('',(-0.707106781187,-0.707106781187,1.084202172486E-19
    ));
#4132 = DEFINITIONAL_REPRESENTATION('',(#4133),#4136);
#4133 = B_SPLINE_CURVE_WITH_KNOTS('',1,(#4134,#4135),.UNSPECIFIED.,.F.,
  .F.,(2,2),(0.,4.000009798958),.PIECEWISE_BEZIER_KNOTS.);
#4134 = CARTESIAN_POINT('',(0.117822286866,1.896966708299));
#4135 = CARTESIAN_POINT('',(0.111561625401,-2.103038191183));
#4136 = ( GEOMETRIC_REPRESENTATION_CONTEXT(2) 
PARAMETRIC_REPRESENTATION_CONTEXT() REPRESENTATION_CONTEXT('2D SPACE',''
  ) );
#4137 = ADVANCED_FACE('',(#4138),#4127,.T.);
#4138 = FACE_BOUND('',#4139,.T.);
#4139 = EDGE_LOOP('',(#4140,#4167,#4168));
#4140 = ORIENTED_EDGE('',*,*,#4141,.T.);
#4141 = EDGE_CURVE('',#4142,#4086,#4144,.T.);
#4142 = VERTEX_POINT('',#4143);
#4143 = CARTESIAN_POINT('',(-17.10696983337,25.282468795776,334.));
#4144 = SURFACE_CURVE('',#4145,(#4149,#4156),.PCURVE_S1.);
#4145 = LINE('',#4146,#4147);
#4146 = CARTESIAN_POINT('',(-17.10696983337,25.282468795776,334.));
#4147 = VECTOR('',#4148,1.);
#4148 = DIRECTION('',(-7.659501646489E-02,-7.439419280465E-02,
    -0.994283011788));
#4149 = PCURVE('',#4127,#4150);
#4150 = DEFINITIONAL_REPRESENTATION('',(#4151),#4155);
#4151 = LINE('',#4152,#4153);
#4152 = CARTESIAN_POINT('',(-0.317955896249,1.896966708299));
#4153 = VECTOR('',#4154,1.);
#4154 = DIRECTION('',(0.10676549376,-0.994284229656));
#4155 = ( GEOMETRIC_REPRESENTATION_CONTEXT(2) 
PARAMETRIC_REPRESENTATION_CONTEXT() REPRESENTATION_CONTEXT('2D SPACE',''
  ) );
#4156 = PCURVE('',#4157,#4162);
#4157 = PLANE('',#4158);
#4158 = AXIS2_PLACEMENT_3D('',#4159,#4160,#4161);
#4159 = CARTESIAN_POINT('',(-17.18818333841,25.205910814762,
    331.89696408235));
#4160 = DIRECTION('',(-0.707108103132,0.707103726272,1.565495777645E-03)
  );
#4161 = DIRECTION('',(-0.70710459275,-0.707108969616,0.));
#4162 = DEFINITIONAL_REPRESENTATION('',(#4163),#4166);
#4163 = B_SPLINE_CURVE_WITH_KNOTS('',1,(#4164,#4165),.UNSPECIFIED.,.F.,
  .F.,(2,2),(0.,4.022999440379),.PIECEWISE_BEZIER_KNOTS.);
#4164 = CARTESIAN_POINT('',(-0.111561277481,2.103038494686));
#4165 = CARTESIAN_POINT('',(0.317956224791,-1.896966406878));
#4166 = ( GEOMETRIC_REPRESENTATION_CONTEXT(2) 
PARAMETRIC_REPRESENTATION_CONTEXT() REPRESENTATION_CONTEXT('2D SPACE',''
  ) );
#4167 = ORIENTED_EDGE('',*,*,#4113,.F.);
#4168 = ORIENTED_EDGE('',*,*,#4169,.T.);
#4169 = EDGE_CURVE('',#4030,#4142,#4170,.T.);
#4170 = SURFACE_CURVE('',#4171,(#4175,#4182),.PCURVE_S1.);
#4171 = LINE('',#4172,#4173);
#4172 = CARTESIAN_POINT('',(-17.41511154174,24.974327087402,334.));
#4173 = VECTOR('',#4174,1.);
#4174 = DIRECTION('',(0.707106781187,0.707106781187,0.));
#4175 = PCURVE('',#4127,#4176);
#4176 = DEFINITIONAL_REPRESENTATION('',(#4177),#4181);
#4177 = LINE('',#4178,#4179);
#4178 = CARTESIAN_POINT('',(0.117822286866,1.896966708299));
#4179 = VECTOR('',#4180,1.);
#4180 = DIRECTION('',(-1.,2.821880542634E-19));
#4181 = ( GEOMETRIC_REPRESENTATION_CONTEXT(2) 
PARAMETRIC_REPRESENTATION_CONTEXT() REPRESENTATION_CONTEXT('2D SPACE',''
  ) );
#4182 = PCURVE('',#4183,#4188);
#4183 = PLANE('',#4184);
#4184 = AXIS2_PLACEMENT_3D('',#4185,#4186,#4187);
#4185 = CARTESIAN_POINT('',(-17.56789006589,25.435248078943,334.));
#4186 = DIRECTION('',(1.599675657974E-27,6.658241368232E-28,-1.));
#4187 = DIRECTION('',(-1.,0.,-1.599675657974E-27));
#4188 = DEFINITIONAL_REPRESENTATION('',(#4189),#4192);
#4189 = B_SPLINE_CURVE_WITH_KNOTS('',1,(#4190,#4191),.UNSPECIFIED.,.F.,
  .F.,(2,2),(0.,0.435778183115),.PIECEWISE_BEZIER_KNOTS.);
#4190 = CARTESIAN_POINT('',(-0.152778524145,-0.460920991541));
#4191 = CARTESIAN_POINT('',(-0.460920232519,-0.152779283167));
#4192 = ( GEOMETRIC_REPRESENTATION_CONTEXT(2) 
PARAMETRIC_REPRESENTATION_CONTEXT() REPRESENTATION_CONTEXT('2D SPACE',''
  ) );
#4193 = ADVANCED_FACE('',(#4194),#4157,.T.);
#4194 = FACE_BOUND('',#4195,.T.);
#4195 = EDGE_LOOP('',(#4196,#4223,#4224));
#4196 = ORIENTED_EDGE('',*,*,#4197,.T.);
#4197 = EDGE_CURVE('',#4198,#4086,#4200,.T.);
#4198 = VERTEX_POINT('',#4199);
#4199 = CARTESIAN_POINT('',(-17.10696983337,25.291324615479,330.));
#4200 = SURFACE_CURVE('',#4201,(#4205,#4212),.PCURVE_S1.);
#4201 = LINE('',#4202,#4203);
#4202 = CARTESIAN_POINT('',(-17.10696983337,25.291324615479,330.));
#4203 = VECTOR('',#4204,1.);
#4204 = DIRECTION('',(-0.70710459275,-0.707108969616,0.));
#4205 = PCURVE('',#4157,#4206);
#4206 = DEFINITIONAL_REPRESENTATION('',(#4207),#4211);
#4207 = LINE('',#4208,#4209);
#4208 = CARTESIAN_POINT('',(-0.117823307026,-1.896966406878));
#4209 = VECTOR('',#4210,1.);
#4210 = DIRECTION('',(1.,-1.738047327508E-19));
#4211 = ( GEOMETRIC_REPRESENTATION_CONTEXT(2) 
PARAMETRIC_REPRESENTATION_CONTEXT() REPRESENTATION_CONTEXT('2D SPACE',''
  ) );
#4212 = PCURVE('',#4213,#4218);
#4213 = PLANE('',#4214);
#4214 = AXIS2_PLACEMENT_3D('',#4215,#4216,#4217);
#4215 = CARTESIAN_POINT('',(-20.02472664073,25.495038037684,330.));
#4216 = DIRECTION('',(2.704748655899E-28,2.02550098907E-27,1.));
#4217 = DIRECTION('',(0.,1.,-2.02550098907E-27));
#4218 = DEFINITIONAL_REPRESENTATION('',(#4219),#4222);
#4219 = B_SPLINE_CURVE_WITH_KNOTS('',1,(#4220,#4221),.UNSPECIFIED.,.F.,
  .F.,(2,2),(0.,0.435779531817),.PIECEWISE_BEZIER_KNOTS.);
#4220 = CARTESIAN_POINT('',(-0.203713422205,-2.917756807356));
#4221 = CARTESIAN_POINT('',(-0.511857037928,-2.609615098982));
#4222 = ( GEOMETRIC_REPRESENTATION_CONTEXT(2) 
PARAMETRIC_REPRESENTATION_CONTEXT() REPRESENTATION_CONTEXT('2D SPACE',''
  ) );
#4223 = ORIENTED_EDGE('',*,*,#4141,.F.);
#4224 = ORIENTED_EDGE('',*,*,#4225,.T.);
#4225 = EDGE_CURVE('',#4142,#4198,#4226,.T.);
#4226 = SURFACE_CURVE('',#4227,(#4231,#4238),.PCURVE_S1.);
#4227 = LINE('',#4228,#4229);
#4228 = CARTESIAN_POINT('',(-17.10696983337,25.282468795776,334.));
#4229 = VECTOR('',#4230,1.);
#4230 = DIRECTION('',(0.,2.2139494996E-03,-0.999997549211));
#4231 = PCURVE('',#4157,#4232);
#4232 = DEFINITIONAL_REPRESENTATION('',(#4233),#4237);
#4233 = LINE('',#4234,#4235);
#4234 = CARTESIAN_POINT('',(-0.111561277481,2.103038494686));
#4235 = VECTOR('',#4236,1.);
#4236 = DIRECTION('',(-1.565503549445E-03,-0.999998774599));
#4237 = ( GEOMETRIC_REPRESENTATION_CONTEXT(2) 
PARAMETRIC_REPRESENTATION_CONTEXT() REPRESENTATION_CONTEXT('2D SPACE',''
  ) );
#4238 = PCURVE('',#4239,#4244);
#4239 = PLANE('',#4240);
#4240 = AXIS2_PLACEMENT_3D('',#4241,#4242,#4243);
#4241 = CARTESIAN_POINT('',(-17.01288595107,25.35254716625,
    332.10303455577));
#4242 = DIRECTION('',(-0.573577426137,0.819149343665,1.813559724158E-03)
  );
#4243 = DIRECTION('',(0.819150690759,0.573578369387,-2.168404344971E-19)
  );
#4244 = DEFINITIONAL_REPRESENTATION('',(#4245),#4248);
#4245 = B_SPLINE_CURVE_WITH_KNOTS('',1,(#4246,#4247),.UNSPECIFIED.,.F.,
  .F.,(2,2),(0.,4.000009803181),.PIECEWISE_BEZIER_KNOTS.);
#4246 = CARTESIAN_POINT('',(-0.117264314642,-1.896968563789));
#4247 = CARTESIAN_POINT('',(-0.112184808018,2.103038014225));
#4248 = ( GEOMETRIC_REPRESENTATION_CONTEXT(2) 
PARAMETRIC_REPRESENTATION_CONTEXT() REPRESENTATION_CONTEXT('2D SPACE',''
  ) );
#4249 = ADVANCED_FACE('',(#4250),#4239,.T.);
#4250 = FACE_BOUND('',#4251,.T.);
#4251 = EDGE_LOOP('',(#4252,#4279,#4280));
#4252 = ORIENTED_EDGE('',*,*,#4253,.T.);
#4253 = EDGE_CURVE('',#4254,#4198,#4256,.T.);
#4254 = VERTEX_POINT('',#4255);
#4255 = CARTESIAN_POINT('',(-16.75,25.532423019409,334.));
#4256 = SURFACE_CURVE('',#4257,(#4261,#4268),.PCURVE_S1.);
#4257 = LINE('',#4258,#4259);
#4258 = CARTESIAN_POINT('',(-16.75,25.532423019409,334.));
#4259 = VECTOR('',#4260,1.);
#4260 = DIRECTION('',(-8.872943303794E-02,-5.992810228506E-02,
    -0.99425133154));
#4261 = PCURVE('',#4239,#4262);
#4262 = DEFINITIONAL_REPRESENTATION('',(#4263),#4267);
#4263 = LINE('',#4264,#4265);
#4264 = CARTESIAN_POINT('',(0.318516106959,-1.896968563789));
#4265 = VECTOR('',#4266,1.);
#4266 = DIRECTION('',(-0.107056239553,0.99425296659));
#4267 = ( GEOMETRIC_REPRESENTATION_CONTEXT(2) 
PARAMETRIC_REPRESENTATION_CONTEXT() REPRESENTATION_CONTEXT('2D SPACE',''
  ) );
#4268 = PCURVE('',#4269,#4274);
#4269 = PLANE('',#4270);
#4270 = AXIS2_PLACEMENT_3D('',#4271,#4272,#4273);
#4271 = CARTESIAN_POINT('',(-16.84408387143,25.471199975605,
    331.89696568951));
#4272 = DIRECTION('',(-0.573574489627,0.819151400689,1.81317367649E-03)
  );
#4273 = DIRECTION('',(0.819152747213,0.57357543247,0.));
#4274 = DEFINITIONAL_REPRESENTATION('',(#4275),#4278);
#4275 = B_SPLINE_CURVE_WITH_KNOTS('',1,(#4276,#4277),.UNSPECIFIED.,.F.,
  .F.,(2,2),(0.,4.023127626899),.PIECEWISE_BEZIER_KNOTS.);
#4276 = CARTESIAN_POINT('',(0.112185095579,-2.103037767465));
#4277 = CARTESIAN_POINT('',(-0.318515845404,1.896968807749));
#4278 = ( GEOMETRIC_REPRESENTATION_CONTEXT(2) 
PARAMETRIC_REPRESENTATION_CONTEXT() REPRESENTATION_CONTEXT('2D SPACE',''
  ) );
#4279 = ORIENTED_EDGE('',*,*,#4225,.F.);
#4280 = ORIENTED_EDGE('',*,*,#4281,.T.);
#4281 = EDGE_CURVE('',#4142,#4254,#4282,.T.);
#4282 = SURFACE_CURVE('',#4283,(#4287,#4294),.PCURVE_S1.);
#4283 = LINE('',#4284,#4285);
#4284 = CARTESIAN_POINT('',(-17.10696983337,25.282468795776,334.));
#4285 = VECTOR('',#4286,1.);
#4286 = DIRECTION('',(0.819150690759,0.573578369387,0.));
#4287 = PCURVE('',#4239,#4288);
#4288 = DEFINITIONAL_REPRESENTATION('',(#4289),#4293);
#4289 = LINE('',#4290,#4291);
#4290 = CARTESIAN_POINT('',(-0.117264314642,-1.896968563789));
#4291 = VECTOR('',#4292,1.);
#4292 = DIRECTION('',(1.,-3.252606517457E-19));
#4293 = ( GEOMETRIC_REPRESENTATION_CONTEXT(2) 
PARAMETRIC_REPRESENTATION_CONTEXT() REPRESENTATION_CONTEXT('2D SPACE',''
  ) );
#4294 = PCURVE('',#4295,#4300);
#4295 = PLANE('',#4296);
#4296 = AXIS2_PLACEMENT_3D('',#4297,#4298,#4299);
#4297 = CARTESIAN_POINT('',(-17.3735535629,25.606640973961,334.));
#4298 = DIRECTION('',(-0.,-0.,-1.));
#4299 = DIRECTION('',(-1.,0.,0.));
#4300 = DEFINITIONAL_REPRESENTATION('',(#4301),#4304);
#4301 = B_SPLINE_CURVE_WITH_KNOTS('',1,(#4302,#4303),.UNSPECIFIED.,.F.,
  .F.,(2,2),(0.,0.435780421601),.PIECEWISE_BEZIER_KNOTS.);
#4302 = CARTESIAN_POINT('',(-0.266583729528,-0.324172178185));
#4303 = CARTESIAN_POINT('',(-0.623553562902,-7.421795455191E-02));
#4304 = ( GEOMETRIC_REPRESENTATION_CONTEXT(2) 
PARAMETRIC_REPRESENTATION_CONTEXT() REPRESENTATION_CONTEXT('2D SPACE',''
  ) );
#4305 = ADVANCED_FACE('',(#4306),#4269,.T.);
#4306 = FACE_BOUND('',#4307,.T.);
#4307 = EDGE_LOOP('',(#4308,#4335,#4336));
#4308 = ORIENTED_EDGE('',*,*,#4309,.T.);
#4309 = EDGE_CURVE('',#4310,#4198,#4312,.T.);
#4310 = VERTEX_POINT('',#4311);
#4311 = CARTESIAN_POINT('',(-16.75,25.541276931763,330.));
#4312 = SURFACE_CURVE('',#4313,(#4317,#4324),.PCURVE_S1.);
#4313 = LINE('',#4314,#4315);
#4314 = CARTESIAN_POINT('',(-16.75,25.541276931763,330.));
#4315 = VECTOR('',#4316,1.);
#4316 = DIRECTION('',(-0.819152747213,-0.57357543247,0.));
#4317 = PCURVE('',#4269,#4318);
#4318 = DEFINITIONAL_REPRESENTATION('',(#4319),#4323);
#4319 = LINE('',#4320,#4321);
#4320 = CARTESIAN_POINT('',(0.117263482186,1.896968807749));
#4321 = VECTOR('',#4322,1.);
#4322 = DIRECTION('',(-1.,-1.935333608916E-19));
#4323 = ( GEOMETRIC_REPRESENTATION_CONTEXT(2) 
PARAMETRIC_REPRESENTATION_CONTEXT() REPRESENTATION_CONTEXT('2D SPACE',''
  ) );
#4324 = PCURVE('',#4325,#4330);
#4325 = PLANE('',#4326);
#4326 = AXIS2_PLACEMENT_3D('',#4327,#4328,#4329);
#4327 = CARTESIAN_POINT('',(-19.85700441794,25.6399842172,330.));
#4328 = DIRECTION('',(1.737605861519E-28,2.300029555314E-27,1.));
#4329 = DIRECTION('',(0.,1.,-2.300029555314E-27));
#4330 = DEFINITIONAL_REPRESENTATION('',(#4331),#4334);
#4331 = B_SPLINE_CURVE_WITH_KNOTS('',1,(#4332,#4333),.UNSPECIFIED.,.F.,
  .F.,(2,2),(0.,0.43577932759),.PIECEWISE_BEZIER_KNOTS.);
#4332 = CARTESIAN_POINT('',(-9.87072854378E-02,-3.107004417947));
#4333 = CARTESIAN_POINT('',(-0.348659601722,-2.750034584573));
#4334 = ( GEOMETRIC_REPRESENTATION_CONTEXT(2) 
PARAMETRIC_REPRESENTATION_CONTEXT() REPRESENTATION_CONTEXT('2D SPACE',''
  ) );
#4335 = ORIENTED_EDGE('',*,*,#4253,.F.);
#4336 = ORIENTED_EDGE('',*,*,#4337,.T.);
#4337 = EDGE_CURVE('',#4254,#4310,#4338,.T.);
#4338 = SURFACE_CURVE('',#4339,(#4343,#4350),.PCURVE_S1.);
#4339 = LINE('',#4340,#4341);
#4340 = CARTESIAN_POINT('',(-16.75,25.532423019409,334.));
#4341 = VECTOR('',#4342,1.);
#4342 = DIRECTION('',(0.,2.213472665947E-03,-0.999997550266));
#4343 = PCURVE('',#4269,#4344);
#4344 = DEFINITIONAL_REPRESENTATION('',(#4345),#4349);
#4345 = LINE('',#4346,#4347);
#4346 = CARTESIAN_POINT('',(0.112185095579,-2.103037767465));
#4347 = VECTOR('',#4348,1.);
#4348 = DIRECTION('',(1.269593541632E-03,0.999999194066));
#4349 = ( GEOMETRIC_REPRESENTATION_CONTEXT(2) 
PARAMETRIC_REPRESENTATION_CONTEXT() REPRESENTATION_CONTEXT('2D SPACE',''
  ) );
#4350 = PCURVE('',#4351,#4356);
#4351 = PLANE('',#4352);
#4352 = AXIS2_PLACEMENT_3D('',#4353,#4354,#4355);
#4353 = CARTESIAN_POINT('',(-16.64590467198,25.585162400847,
    332.10303225538));
#4354 = DIRECTION('',(-0.422617670734,0.906305842414,2.006088123553E-03)
  );
#4355 = DIRECTION('',(0.906307666083,0.422618521126,-1.084202172486E-19)
  );
#4356 = DEFINITIONAL_REPRESENTATION('',(#4357),#4360);
#4357 = B_SPLINE_CURVE_WITH_KNOTS('',1,(#4358,#4359),.UNSPECIFIED.,.F.,
  .F.,(2,2),(0.,4.000009798958),.PIECEWISE_BEZIER_KNOTS.);
#4358 = CARTESIAN_POINT('',(-0.11663103317,-1.896971561697));
#4359 = CARTESIAN_POINT('',(-0.112889205825,2.103036487107));
#4360 = ( GEOMETRIC_REPRESENTATION_CONTEXT(2) 
PARAMETRIC_REPRESENTATION_CONTEXT() REPRESENTATION_CONTEXT('2D SPACE',''
  ) );
#4361 = ADVANCED_FACE('',(#4362),#4351,.T.);
#4362 = FACE_BOUND('',#4363,.T.);
#4363 = EDGE_LOOP('',(#4364,#4391,#4392));
#4364 = ORIENTED_EDGE('',*,*,#4365,.T.);
#4365 = EDGE_CURVE('',#4366,#4310,#4368,.T.);
#4366 = VERTEX_POINT('',#4367);
#4367 = CARTESIAN_POINT('',(-16.35505104064,25.716590881348,334.));
#4368 = SURFACE_CURVE('',#4369,(#4373,#4380),.PCURVE_S1.);
#4369 = LINE('',#4370,#4371);
#4370 = CARTESIAN_POINT('',(-16.35505104064,25.716590881348,334.));
#4371 = VECTOR('',#4372,1.);
#4372 = DIRECTION('',(-9.816610311975E-02,-4.357496543753E-02,
    -0.994215589591));
#4373 = PCURVE('',#4351,#4374);
#4374 = DEFINITIONAL_REPRESENTATION('',(#4375),#4379);
#4375 = LINE('',#4376,#4377);
#4376 = CARTESIAN_POINT('',(0.319146985852,-1.896971561697));
#4377 = VECTOR('',#4378,1.);
#4378 = DIRECTION('',(-0.107384279258,0.994217590152));
#4379 = ( GEOMETRIC_REPRESENTATION_CONTEXT(2) 
PARAMETRIC_REPRESENTATION_CONTEXT() REPRESENTATION_CONTEXT('2D SPACE',''
  ) );
#4380 = PCURVE('',#4381,#4386);
#4381 = PLANE('',#4382);
#4382 = AXIS2_PLACEMENT_3D('',#4383,#4384,#4385);
#4383 = CARTESIAN_POINT('',(-16.45914636866,25.672705412263,
    331.89696774461));
#4384 = DIRECTION('',(-0.422617670734,0.906305842414,2.006088123553E-03)
  );
#4385 = DIRECTION('',(0.906307666083,0.422618521126,-1.084202172486E-19)
  );
#4386 = DEFINITIONAL_REPRESENTATION('',(#4387),#4390);
#4387 = B_SPLINE_CURVE_WITH_KNOTS('',1,(#4388,#4389),.UNSPECIFIED.,.F.,
  .F.,(2,2),(0.,4.023272257928),.PIECEWISE_BEZIER_KNOTS.);
#4388 = CARTESIAN_POINT('',(0.112889205825,-2.103036487107));
#4389 = CARTESIAN_POINT('',(-0.319146985852,1.896971561697));
#4390 = ( GEOMETRIC_REPRESENTATION_CONTEXT(2) 
PARAMETRIC_REPRESENTATION_CONTEXT() REPRESENTATION_CONTEXT('2D SPACE',''
  ) );
#4391 = ORIENTED_EDGE('',*,*,#4337,.F.);
#4392 = ORIENTED_EDGE('',*,*,#4393,.T.);
#4393 = EDGE_CURVE('',#4254,#4366,#4394,.T.);
#4394 = SURFACE_CURVE('',#4395,(#4399,#4406),.PCURVE_S1.);
#4395 = LINE('',#4396,#4397);
#4396 = CARTESIAN_POINT('',(-16.75,25.532423019409,334.));
#4397 = VECTOR('',#4398,1.);
#4398 = DIRECTION('',(0.906307666083,0.422618521126,0.));
#4399 = PCURVE('',#4351,#4400);
#4400 = DEFINITIONAL_REPRESENTATION('',(#4401),#4405);
#4401 = LINE('',#4402,#4403);
#4402 = CARTESIAN_POINT('',(-0.11663103317,-1.896971561697));
#4403 = VECTOR('',#4404,1.);
#4404 = DIRECTION('',(1.,0.));
#4405 = ( GEOMETRIC_REPRESENTATION_CONTEXT(2) 
PARAMETRIC_REPRESENTATION_CONTEXT() REPRESENTATION_CONTEXT('2D SPACE',''
  ) );
#4406 = PCURVE('',#4407,#4412);
#4407 = PLANE('',#4408);
#4408 = AXIS2_PLACEMENT_3D('',#4409,#4410,#4411);
#4409 = CARTESIAN_POINT('',(-17.17255452532,25.735156467281,334.));
#4410 = DIRECTION('',(-0.,-0.,-1.));
#4411 = DIRECTION('',(-1.,0.,0.));
#4412 = DEFINITIONAL_REPRESENTATION('',(#4413),#4416);
#4413 = B_SPLINE_CURVE_WITH_KNOTS('',1,(#4414,#4415),.UNSPECIFIED.,.F.,
  .F.,(2,2),(0.,0.435778019022),.PIECEWISE_BEZIER_KNOTS.);
#4414 = CARTESIAN_POINT('',(-0.422554525324,-0.202733447872));
#4415 = CARTESIAN_POINT('',(-0.817503484674,-1.856558593334E-02));
#4416 = ( GEOMETRIC_REPRESENTATION_CONTEXT(2) 
PARAMETRIC_REPRESENTATION_CONTEXT() REPRESENTATION_CONTEXT('2D SPACE',''
  ) );
#4417 = ADVANCED_FACE('',(#4418),#4381,.T.);
#4418 = FACE_BOUND('',#4419,.T.);
#4419 = EDGE_LOOP('',(#4420,#4447,#4448));
#4420 = ORIENTED_EDGE('',*,*,#4421,.T.);
#4421 = EDGE_CURVE('',#4422,#4310,#4424,.T.);
#4422 = VERTEX_POINT('',#4423);
#4423 = CARTESIAN_POINT('',(-16.35505104064,25.725444793701,330.));
#4424 = SURFACE_CURVE('',#4425,(#4429,#4436),.PCURVE_S1.);
#4425 = LINE('',#4426,#4427);
#4426 = CARTESIAN_POINT('',(-16.35505104064,25.725444793701,330.));
#4427 = VECTOR('',#4428,1.);
#4428 = DIRECTION('',(-0.906307666083,-0.422618521126,0.));
#4429 = PCURVE('',#4381,#4430);
#4430 = DEFINITIONAL_REPRESENTATION('',(#4431),#4435);
#4431 = LINE('',#4432,#4433);
#4432 = CARTESIAN_POINT('',(0.11663103317,1.896971561697));
#4433 = VECTOR('',#4434,1.);
#4434 = DIRECTION('',(-1.,2.197802543796E-19));
#4435 = ( GEOMETRIC_REPRESENTATION_CONTEXT(2) 
PARAMETRIC_REPRESENTATION_CONTEXT() REPRESENTATION_CONTEXT('2D SPACE',''
  ) );
#4436 = PCURVE('',#4437,#4442);
#4437 = PLANE('',#4438);
#4438 = AXIS2_PLACEMENT_3D('',#4439,#4440,#4441);
#4439 = CARTESIAN_POINT('',(-19.6680947439,25.752159623817,330.));
#4440 = DIRECTION('',(-1.549858878777E-27,-4.343853706885E-26,1.));
#4441 = DIRECTION('',(0.,1.,4.343853706885E-26));
#4442 = DEFINITIONAL_REPRESENTATION('',(#4443),#4446);
#4443 = B_SPLINE_CURVE_WITH_KNOTS('',1,(#4444,#4445),.UNSPECIFIED.,.F.,
  .F.,(2,2),(0.,0.435778019022),.PIECEWISE_BEZIER_KNOTS.);
#4444 = CARTESIAN_POINT('',(-2.671483011578E-02,-3.313043703258));
#4445 = CARTESIAN_POINT('',(-0.210882692054,-2.918094743908));
#4446 = ( GEOMETRIC_REPRESENTATION_CONTEXT(2) 
PARAMETRIC_REPRESENTATION_CONTEXT() REPRESENTATION_CONTEXT('2D SPACE',''
  ) );
#4447 = ORIENTED_EDGE('',*,*,#4365,.F.);
#4448 = ORIENTED_EDGE('',*,*,#4449,.T.);
#4449 = EDGE_CURVE('',#4366,#4422,#4450,.T.);
#4450 = SURFACE_CURVE('',#4451,(#4455,#4462),.PCURVE_S1.);
#4451 = LINE('',#4452,#4453);
#4452 = CARTESIAN_POINT('',(-16.35505104064,25.716590881348,334.));
#4453 = VECTOR('',#4454,1.);
#4454 = DIRECTION('',(0.,2.213472665947E-03,-0.999997550266));
#4455 = PCURVE('',#4381,#4456);
#4456 = DEFINITIONAL_REPRESENTATION('',(#4457),#4461);
#4457 = LINE('',#4458,#4459);
#4458 = CARTESIAN_POINT('',(0.112889205825,-2.103036487107));
#4459 = VECTOR('',#4460,1.);
#4460 = DIRECTION('',(9.354545446355E-04,0.999999562462));
#4461 = ( GEOMETRIC_REPRESENTATION_CONTEXT(2) 
PARAMETRIC_REPRESENTATION_CONTEXT() REPRESENTATION_CONTEXT('2D SPACE',''
  ) );
#4462 = PCURVE('',#4463,#4468);
#4463 = PLANE('',#4464);
#4464 = AXIS2_PLACEMENT_3D('',#4465,#4466,#4467);
#4465 = CARTESIAN_POINT('',(-16.24410588542,25.750517225287,
    332.10303066752));
#4466 = DIRECTION('',(-0.258816659467,0.965924099253,2.138051828733E-03)
  );
#4467 = DIRECTION('',(0.965926307008,0.258817251029,-1.084202172486E-19)
  );
#4468 = DEFINITIONAL_REPRESENTATION('',(#4469),#4472);
#4469 = B_SPLINE_CURVE_WITH_KNOTS('',1,(#4470,#4471),.UNSPECIFIED.,.F.,
  .F.,(2,2),(0.,4.000009798958),.PIECEWISE_BEZIER_KNOTS.);
#4470 = CARTESIAN_POINT('',(-0.115945567147,-1.896973668271));
#4471 = CARTESIAN_POINT('',(-0.113654021891,2.103035474292));
#4472 = ( GEOMETRIC_REPRESENTATION_CONTEXT(2) 
PARAMETRIC_REPRESENTATION_CONTEXT() REPRESENTATION_CONTEXT('2D SPACE',''
  ) );
#4473 = ADVANCED_FACE('',(#4474),#4463,.T.);
#4474 = FACE_BOUND('',#4475,.T.);
#4475 = EDGE_LOOP('',(#4476,#4503,#4504));
#4476 = ORIENTED_EDGE('',*,*,#4477,.T.);
#4477 = EDGE_CURVE('',#4478,#4422,#4480,.T.);
#4478 = VERTEX_POINT('',#4479);
#4479 = CARTESIAN_POINT('',(-15.93412017822,25.829378128052,334.));
#4480 = SURFACE_CURVE('',#4481,(#4485,#4492),.PCURVE_S1.);
#4481 = LINE('',#4482,#4483);
#4482 = CARTESIAN_POINT('',(-15.93412017822,25.829378128052,334.));
#4483 = VECTOR('',#4484,1.);
#4484 = DIRECTION('',(-0.104619917558,-2.583202573596E-02,
    -0.994176734437));
#4485 = PCURVE('',#4463,#4486);
#4486 = DEFINITIONAL_REPRESENTATION('',(#4487),#4491);
#4487 = LINE('',#4488,#4489);
#4488 = CARTESIAN_POINT('',(0.319833911445,-1.896973668271));
#4489 = VECTOR('',#4490,1.);
#4490 = DIRECTION('',(-0.107740904496,0.994179006768));
#4491 = ( GEOMETRIC_REPRESENTATION_CONTEXT(2) 
PARAMETRIC_REPRESENTATION_CONTEXT() REPRESENTATION_CONTEXT('2D SPACE',''
  ) );
#4492 = PCURVE('',#4493,#4498);
#4493 = PLANE('',#4494);
#4494 = AXIS2_PLACEMENT_3D('',#4495,#4496,#4497);
#4495 = CARTESIAN_POINT('',(-16.0450653392,25.804306195251,
    331.89696922182));
#4496 = DIRECTION('',(-0.258820742873,0.965923004092,2.138509992598E-03)
  );
#4497 = DIRECTION('',(0.965925212791,0.258821334698,0.));
#4498 = DEFINITIONAL_REPRESENTATION('',(#4499),#4502);
#4499 = B_SPLINE_CURVE_WITH_KNOTS('',1,(#4500,#4501),.UNSPECIFIED.,.F.,
  .F.,(2,2),(0.,4.023429498442),.PIECEWISE_BEZIER_KNOTS.);
#4500 = CARTESIAN_POINT('',(0.11365387934,-2.103035587004));
#4501 = CARTESIAN_POINT('',(-0.319834017836,1.896973559478));
#4502 = ( GEOMETRIC_REPRESENTATION_CONTEXT(2) 
PARAMETRIC_REPRESENTATION_CONTEXT() REPRESENTATION_CONTEXT('2D SPACE',''
  ) );
#4503 = ORIENTED_EDGE('',*,*,#4449,.F.);
#4504 = ORIENTED_EDGE('',*,*,#4505,.T.);
#4505 = EDGE_CURVE('',#4366,#4478,#4506,.T.);
#4506 = SURFACE_CURVE('',#4507,(#4511,#4518),.PCURVE_S1.);
#4507 = LINE('',#4508,#4509);
#4508 = CARTESIAN_POINT('',(-16.35505104064,25.716590881348,334.));
#4509 = VECTOR('',#4510,1.);
#4510 = DIRECTION('',(0.965926307008,0.258817251029,0.));
#4511 = PCURVE('',#4463,#4512);
#4512 = DEFINITIONAL_REPRESENTATION('',(#4513),#4517);
#4513 = LINE('',#4514,#4515);
#4514 = CARTESIAN_POINT('',(-0.115945567147,-1.896973668271));
#4515 = VECTOR('',#4516,1.);
#4516 = DIRECTION('',(1.,-4.439460988784E-19));
#4517 = ( GEOMETRIC_REPRESENTATION_CONTEXT(2) 
PARAMETRIC_REPRESENTATION_CONTEXT() REPRESENTATION_CONTEXT('2D SPACE',''
  ) );
#4518 = PCURVE('',#4519,#4524);
#4519 = PLANE('',#4520);
#4520 = AXIS2_PLACEMENT_3D('',#4521,#4522,#4523);
#4521 = CARTESIAN_POINT('',(-16.96446936899,25.818034315605,334.));
#4522 = DIRECTION('',(1.472984771414E-27,4.054025380931E-26,-1.));
#4523 = DIRECTION('',(0.,-1.,-4.054025380931E-26));
#4524 = DEFINITIONAL_REPRESENTATION('',(#4525),#4528);
#4525 = B_SPLINE_CURVE_WITH_KNOTS('',1,(#4526,#4527),.UNSPECIFIED.,.F.,
  .F.,(2,2),(0.,0.435779478593),.PIECEWISE_BEZIER_KNOTS.);
#4526 = CARTESIAN_POINT('',(0.101443434258,-0.609418328347));
#4527 = CARTESIAN_POINT('',(-1.134381244637E-02,-1.030349190774));
#4528 = ( GEOMETRIC_REPRESENTATION_CONTEXT(2) 
PARAMETRIC_REPRESENTATION_CONTEXT() REPRESENTATION_CONTEXT('2D SPACE',''
  ) );
#4529 = ADVANCED_FACE('',(#4530),#4493,.T.);
#4530 = FACE_BOUND('',#4531,.T.);
#4531 = EDGE_LOOP('',(#4532,#4559,#4560));
#4532 = ORIENTED_EDGE('',*,*,#4533,.T.);
#4533 = EDGE_CURVE('',#4534,#4422,#4536,.T.);
#4534 = VERTEX_POINT('',#4535);
#4535 = CARTESIAN_POINT('',(-15.93412017822,25.838233947754,330.));
#4536 = SURFACE_CURVE('',#4537,(#4541,#4548),.PCURVE_S1.);
#4537 = LINE('',#4538,#4539);
#4538 = CARTESIAN_POINT('',(-15.93412017822,25.838233947754,330.));
#4539 = VECTOR('',#4540,1.);
#4540 = DIRECTION('',(-0.965925212791,-0.258821334698,0.));
#4541 = PCURVE('',#4493,#4542);
#4542 = DEFINITIONAL_REPRESENTATION('',(#4543),#4547);
#4543 = LINE('',#4544,#4545);
#4544 = CARTESIAN_POINT('',(0.115945954416,1.896973559478));
#4545 = VECTOR('',#4546,1.);
#4546 = DIRECTION('',(-1.,0.));
#4547 = ( GEOMETRIC_REPRESENTATION_CONTEXT(2) 
PARAMETRIC_REPRESENTATION_CONTEXT() REPRESENTATION_CONTEXT('2D SPACE',''
  ) );
#4548 = PCURVE('',#4549,#4554);
#4549 = PLANE('',#4550);
#4550 = AXIS2_PLACEMENT_3D('',#4551,#4552,#4553);
#4551 = CARTESIAN_POINT('',(-19.46359851238,25.828409457727,330.));
#4552 = DIRECTION('',(0.,0.,1.));
#4553 = DIRECTION('',(1.,0.,-0.));
#4554 = DEFINITIONAL_REPRESENTATION('',(#4555),#4558);
#4555 = B_SPLINE_CURVE_WITH_KNOTS('',1,(#4556,#4557),.UNSPECIFIED.,.F.,
  .F.,(2,2),(0.,0.435779972251),.PIECEWISE_BEZIER_KNOTS.);
#4556 = CARTESIAN_POINT('',(3.529478334162,9.824490026556E-03));
#4557 = CARTESIAN_POINT('',(3.108547471735,-0.102964664026));
#4558 = ( GEOMETRIC_REPRESENTATION_CONTEXT(2) 
PARAMETRIC_REPRESENTATION_CONTEXT() REPRESENTATION_CONTEXT('2D SPACE',''
  ) );
#4559 = ORIENTED_EDGE('',*,*,#4477,.F.);
#4560 = ORIENTED_EDGE('',*,*,#4561,.T.);
#4561 = EDGE_CURVE('',#4478,#4534,#4562,.T.);
#4562 = SURFACE_CURVE('',#4563,(#4567,#4574),.PCURVE_S1.);
#4563 = LINE('',#4564,#4565);
#4564 = CARTESIAN_POINT('',(-15.93412017822,25.829378128052,334.));
#4565 = VECTOR('',#4566,1.);
#4566 = DIRECTION('',(0.,2.2139494996E-03,-0.999997549211));
#4567 = PCURVE('',#4493,#4568);
#4568 = DEFINITIONAL_REPRESENTATION('',(#4569),#4573);
#4569 = LINE('',#4570,#4571);
#4570 = CARTESIAN_POINT('',(0.11365387934,-2.103035587004));
#4571 = VECTOR('',#4572,1.);
#4572 = DIRECTION('',(5.730173644406E-04,0.999999835826));
#4573 = ( GEOMETRIC_REPRESENTATION_CONTEXT(2) 
PARAMETRIC_REPRESENTATION_CONTEXT() REPRESENTATION_CONTEXT('2D SPACE',''
  ) );
#4574 = PCURVE('',#4575,#4580);
#4575 = PLANE('',#4576);
#4576 = AXIS2_PLACEMENT_3D('',#4577,#4578,#4579);
#4577 = CARTESIAN_POINT('',(-15.81969671855,25.843588808883,
    332.10302844123));
#4578 = DIRECTION('',(-8.715653078746E-02,0.996192187684,
    2.205524600704E-03));
#4579 = DIRECTION('',(0.996194610601,8.715674276768E-02,
    2.710505431214E-20));
#4580 = DEFINITIONAL_REPRESENTATION('',(#4581),#4584);
#4581 = B_SPLINE_CURVE_WITH_KNOTS('',1,(#4582,#4583),.UNSPECIFIED.,.F.,
  .F.,(2,2),(0.,4.000009803181),.PIECEWISE_BEZIER_KNOTS.);
#4582 = CARTESIAN_POINT('',(-0.115226590504,-1.896976172535));
#4583 = CARTESIAN_POINT('',(-0.114454746104,2.103033556178));
#4584 = ( GEOMETRIC_REPRESENTATION_CONTEXT(2) 
PARAMETRIC_REPRESENTATION_CONTEXT() REPRESENTATION_CONTEXT('2D SPACE',''
  ) );
#4585 = ADVANCED_FACE('',(#4586),#4575,.T.);
#4586 = FACE_BOUND('',#4587,.T.);
#4587 = EDGE_LOOP('',(#4588,#4613,#4614));
#4588 = ORIENTED_EDGE('',*,*,#4589,.T.);
#4589 = EDGE_CURVE('',#305,#4534,#4590,.T.);
#4590 = SURFACE_CURVE('',#4591,(#4595,#4602),.PCURVE_S1.);
#4591 = LINE('',#4592,#4593);
#4592 = CARTESIAN_POINT('',(-15.5,25.867359161377,334.));
#4593 = VECTOR('',#4594,1.);
#4594 = DIRECTION('',(-0.107893634188,-7.238606500974E-03,
    -0.994136090421));
#4595 = PCURVE('',#4575,#4596);
#4596 = DEFINITIONAL_REPRESENTATION('',(#4597),#4601);
#4597 = LINE('',#4598,#4599);
#4598 = CARTESIAN_POINT('',(0.320551894546,-1.896976172535));
#4599 = VECTOR('',#4600,1.);
#4600 = DIRECTION('',(-0.108113950261,0.994138508337));
#4601 = ( GEOMETRIC_REPRESENTATION_CONTEXT(2) 
PARAMETRIC_REPRESENTATION_CONTEXT() REPRESENTATION_CONTEXT('2D SPACE',''
  ) );
#4602 = PCURVE('',#4603,#4608);
#4603 = PLANE('',#4604);
#4604 = AXIS2_PLACEMENT_3D('',#4605,#4606,#4607);
#4605 = CARTESIAN_POINT('',(-15.61442345967,25.862004300248,
    331.89697155876));
#4606 = DIRECTION('',(-8.715653078746E-02,0.996192187684,
    2.205524600704E-03));
#4607 = DIRECTION('',(0.996194610601,8.715674276768E-02,0.));
#4608 = DEFINITIONAL_REPRESENTATION('',(#4609),#4612);
#4609 = B_SPLINE_CURVE_WITH_KNOTS('',1,(#4610,#4611),.UNSPECIFIED.,.F.,
  .F.,(2,2),(0.,4.023593991348),.PIECEWISE_BEZIER_KNOTS.);
#4610 = CARTESIAN_POINT('',(0.114454746104,-2.103033556178));
#4611 = CARTESIAN_POINT('',(-0.320551894546,1.896976172535));
#4612 = ( GEOMETRIC_REPRESENTATION_CONTEXT(2) 
PARAMETRIC_REPRESENTATION_CONTEXT() REPRESENTATION_CONTEXT('2D SPACE',''
  ) );
#4613 = ORIENTED_EDGE('',*,*,#4561,.F.);
#4614 = ORIENTED_EDGE('',*,*,#4615,.T.);
#4615 = EDGE_CURVE('',#4478,#305,#4616,.T.);
#4616 = SURFACE_CURVE('',#4617,(#4621,#4628),.PCURVE_S1.);
#4617 = LINE('',#4618,#4619);
#4618 = CARTESIAN_POINT('',(-15.93412017822,25.829378128052,334.));
#4619 = VECTOR('',#4620,1.);
#4620 = DIRECTION('',(0.996194610601,8.715674276768E-02,0.));
#4621 = PCURVE('',#4575,#4622);
#4622 = DEFINITIONAL_REPRESENTATION('',(#4623),#4627);
#4623 = LINE('',#4624,#4625);
#4624 = CARTESIAN_POINT('',(-0.115226590504,-1.896976172535));
#4625 = VECTOR('',#4626,1.);
#4626 = DIRECTION('',(1.,1.119228909065E-19));
#4627 = ( GEOMETRIC_REPRESENTATION_CONTEXT(2) 
PARAMETRIC_REPRESENTATION_CONTEXT() REPRESENTATION_CONTEXT('2D SPACE',''
  ) );
#4628 = PCURVE('',#327,#4629);
#4629 = DEFINITIONAL_REPRESENTATION('',(#4630),#4633);
#4630 = B_SPLINE_CURVE_WITH_KNOTS('',1,(#4631,#4632),.UNSPECIFIED.,.F.,
  .F.,(2,2),(0.,0.43577848505),.PIECEWISE_BEZIER_KNOTS.);
#4631 = CARTESIAN_POINT('',(-0.815552522474,-2.848196433627E-02));
#4632 = CARTESIAN_POINT('',(-1.249672700697,9.499068988923E-03));
#4633 = ( GEOMETRIC_REPRESENTATION_CONTEXT(2) 
PARAMETRIC_REPRESENTATION_CONTEXT() REPRESENTATION_CONTEXT('2D SPACE',''
  ) );
#4634 = ADVANCED_FACE('',(#4635),#4603,.T.);
#4635 = FACE_BOUND('',#4636,.T.);
#4636 = EDGE_LOOP('',(#4637,#4664,#4665));
#4637 = ORIENTED_EDGE('',*,*,#4638,.T.);
#4638 = EDGE_CURVE('',#4639,#4534,#4641,.T.);
#4639 = VERTEX_POINT('',#4640);
#4640 = CARTESIAN_POINT('',(-15.5,25.876214981079,330.));
#4641 = SURFACE_CURVE('',#4642,(#4646,#4653),.PCURVE_S1.);
#4642 = LINE('',#4643,#4644);
#4643 = CARTESIAN_POINT('',(-15.5,25.876214981079,330.));
#4644 = VECTOR('',#4645,1.);
#4645 = DIRECTION('',(-0.996194610601,-8.715674276768E-02,0.));
#4646 = PCURVE('',#4603,#4647);
#4647 = DEFINITIONAL_REPRESENTATION('',(#4648),#4652);
#4648 = LINE('',#4649,#4650);
#4649 = CARTESIAN_POINT('',(0.115226590504,1.896976172535));
#4650 = VECTOR('',#4651,1.);
#4651 = DIRECTION('',(-1.,6.121545594008E-20));
#4652 = ( GEOMETRIC_REPRESENTATION_CONTEXT(2) 
PARAMETRIC_REPRESENTATION_CONTEXT() REPRESENTATION_CONTEXT('2D SPACE',''
  ) );
#4653 = PCURVE('',#4654,#4659);
#4654 = PLANE('',#4655);
#4655 = AXIS2_PLACEMENT_3D('',#4656,#4657,#4658);
#4656 = CARTESIAN_POINT('',(-19.24961094291,25.866718608524,330.));
#4657 = DIRECTION('',(0.,0.,1.));
#4658 = DIRECTION('',(1.,0.,-0.));
#4659 = DEFINITIONAL_REPRESENTATION('',(#4660),#4663);
#4660 = B_SPLINE_CURVE_WITH_KNOTS('',1,(#4661,#4662),.UNSPECIFIED.,.F.,
  .F.,(2,2),(0.,0.43577848505),.PIECEWISE_BEZIER_KNOTS.);
#4661 = CARTESIAN_POINT('',(3.749610942912,9.496372554747E-03));
#4662 = CARTESIAN_POINT('',(3.315490764689,-2.848466077045E-02));
#4663 = ( GEOMETRIC_REPRESENTATION_CONTEXT(2) 
PARAMETRIC_REPRESENTATION_CONTEXT() REPRESENTATION_CONTEXT('2D SPACE',''
  ) );
#4664 = ORIENTED_EDGE('',*,*,#4589,.F.);
#4665 = ORIENTED_EDGE('',*,*,#4666,.T.);
#4666 = EDGE_CURVE('',#305,#4639,#4667,.T.);
#4667 = SURFACE_CURVE('',#4668,(#4672,#4679),.PCURVE_S1.);
#4668 = LINE('',#4669,#4670);
#4669 = CARTESIAN_POINT('',(-15.5,25.867359161377,334.));
#4670 = VECTOR('',#4671,1.);
#4671 = DIRECTION('',(0.,2.2139494996E-03,-0.999997549211));
#4672 = PCURVE('',#4603,#4673);
#4673 = DEFINITIONAL_REPRESENTATION('',(#4674),#4678);
#4674 = LINE('',#4675,#4676);
#4675 = CARTESIAN_POINT('',(0.114454746104,-2.103033556178));
#4676 = VECTOR('',#4677,1.);
#4677 = DIRECTION('',(1.929606270373E-04,0.999999981383));
#4678 = ( GEOMETRIC_REPRESENTATION_CONTEXT(2) 
PARAMETRIC_REPRESENTATION_CONTEXT() REPRESENTATION_CONTEXT('2D SPACE',''
  ) );
#4679 = PCURVE('',#4680,#4685);
#4680 = PLANE('',#4681);
#4681 = AXIS2_PLACEMENT_3D('',#4682,#4683,#4684);
#4682 = CARTESIAN_POINT('',(-13.05729706511,25.886203794808,
    325.48722802676));
#4683 = DIRECTION('',(9.252058569369E-07,0.99999754921,
    2.213949499599E-03));
#4684 = DIRECTION('',(0.,-2.2139494996E-03,0.999997549211));
#4685 = DEFINITIONAL_REPRESENTATION('',(#4686),#4689);
#4686 = B_SPLINE_CURVE_WITH_KNOTS('',1,(#4687,#4688),.UNSPECIFIED.,.F.,
  .F.,(2,2),(0.,4.000009803181),.PIECEWISE_BEZIER_KNOTS.);
#4687 = CARTESIAN_POINT('',(8.51279283129,-2.442702934888));
#4688 = CARTESIAN_POINT('',(4.512783028109,-2.442702934888));
#4689 = ( GEOMETRIC_REPRESENTATION_CONTEXT(2) 
PARAMETRIC_REPRESENTATION_CONTEXT() REPRESENTATION_CONTEXT('2D SPACE',''
  ) );
#4690 = ADVANCED_FACE('',(#4691),#2309,.T.);
#4691 = FACE_BOUND('',#4692,.T.);
#4692 = EDGE_LOOP('',(#4693,#4720,#4721));
#4693 = ORIENTED_EDGE('',*,*,#4694,.T.);
#4694 = EDGE_CURVE('',#4695,#1652,#4697,.T.);
#4695 = VERTEX_POINT('',#4696);
#4696 = CARTESIAN_POINT('',(-10.,-22.70000076293,318.60000610351));
#4697 = SURFACE_CURVE('',#4698,(#4702,#4709),.PCURVE_S1.);
#4698 = LINE('',#4699,#4700);
#4699 = CARTESIAN_POINT('',(-10.,-22.70000076293,318.60000610351));
#4700 = VECTOR('',#4701,1.);
#4701 = DIRECTION('',(0.,0.,1.));
#4702 = PCURVE('',#2309,#4703);
#4703 = DEFINITIONAL_REPRESENTATION('',(#4704),#4708);
#4704 = LINE('',#4705,#4706);
#4705 = CARTESIAN_POINT('',(1.045404817024,-2.096654376713));
#4706 = VECTOR('',#4707,1.);
#4707 = DIRECTION('',(0.,1.));
#4708 = ( GEOMETRIC_REPRESENTATION_CONTEXT(2) 
PARAMETRIC_REPRESENTATION_CONTEXT() REPRESENTATION_CONTEXT('2D SPACE',''
  ) );
#4709 = PCURVE('',#4710,#4715);
#4710 = PLANE('',#4711);
#4711 = AXIS2_PLACEMENT_3D('',#4712,#4713,#4714);
#4712 = CARTESIAN_POINT('',(-15.27268316468,-22.70000076293,
    323.02666375914));
#4713 = DIRECTION('',(0.,1.,0.));
#4714 = DIRECTION('',(0.,-0.,1.));
#4715 = DEFINITIONAL_REPRESENTATION('',(#4716),#4719);
#4716 = B_SPLINE_CURVE_WITH_KNOTS('',1,(#4717,#4718),.UNSPECIFIED.,.F.,
  .F.,(2,2),(0.,6.398681640625),.PIECEWISE_BEZIER_KNOTS.);
#4717 = CARTESIAN_POINT('',(-4.426657655632,5.27268316468));
#4718 = CARTESIAN_POINT('',(1.972023984993,5.27268316468));
#4719 = ( GEOMETRIC_REPRESENTATION_CONTEXT(2) 
PARAMETRIC_REPRESENTATION_CONTEXT() REPRESENTATION_CONTEXT('2D SPACE',''
  ) );
#4720 = ORIENTED_EDGE('',*,*,#2295,.F.);
#4721 = ORIENTED_EDGE('',*,*,#4722,.T.);
#4722 = EDGE_CURVE('',#2269,#4695,#4723,.T.);
#4723 = SURFACE_CURVE('',#4724,(#4728,#4735),.PCURVE_S1.);
#4724 = LINE('',#4725,#4726);
#4725 = CARTESIAN_POINT('',(-10.,-25.90041542053,317.10000610351));
#4726 = VECTOR('',#4727,1.);
#4727 = DIRECTION('',(0.,0.905480068868,0.424388789771));
#4728 = PCURVE('',#2309,#4729);
#4729 = DEFINITIONAL_REPRESENTATION('',(#4730),#4734);
#4730 = LINE('',#4731,#4732);
#4731 = CARTESIAN_POINT('',(-2.155009840568,-3.596654376713));
#4732 = VECTOR('',#4733,1.);
#4733 = DIRECTION('',(0.905480068868,0.424388789771));
#4734 = ( GEOMETRIC_REPRESENTATION_CONTEXT(2) 
PARAMETRIC_REPRESENTATION_CONTEXT() REPRESENTATION_CONTEXT('2D SPACE',''
  ) );
#4735 = PCURVE('',#4736,#4741);
#4736 = PLANE('',#4737);
#4737 = AXIS2_PLACEMENT_3D('',#4738,#4739,#4740);
#4738 = CARTESIAN_POINT('',(-10.,-24.38079607917,317.69029680885));
#4739 = DIRECTION('',(1.,-4.269747820591E-29,8.448921954158E-29));
#4740 = DIRECTION('',(-8.448921954158E-29,0.,1.));
#4741 = DEFINITIONAL_REPRESENTATION('',(#4742),#4745);
#4742 = B_SPLINE_CURVE_WITH_KNOTS('',1,(#4743,#4744),.UNSPECIFIED.,.F.,
  .F.,(2,2),(0.,3.534494869219),.PIECEWISE_BEZIER_KNOTS.);
#4743 = CARTESIAN_POINT('',(-0.590290705341,1.519619341354));
#4744 = CARTESIAN_POINT('',(0.909709294659,-1.680795316238));
#4745 = ( GEOMETRIC_REPRESENTATION_CONTEXT(2) 
PARAMETRIC_REPRESENTATION_CONTEXT() REPRESENTATION_CONTEXT('2D SPACE',''
  ) );
#4746 = ADVANCED_FACE('',(#4747),#4736,.T.);
#4747 = FACE_BOUND('',#4748,.T.);
#4748 = EDGE_LOOP('',(#4749,#4776,#4777));
#4749 = ORIENTED_EDGE('',*,*,#4750,.T.);
#4750 = EDGE_CURVE('',#4751,#4695,#4753,.T.);
#4751 = VERTEX_POINT('',#4752);
#4752 = CARTESIAN_POINT('',(-10.,-25.8624343872,316.6658630371));
#4753 = SURFACE_CURVE('',#4754,(#4758,#4765),.PCURVE_S1.);
#4754 = LINE('',#4755,#4756);
#4755 = CARTESIAN_POINT('',(-10.,-25.8624343872,316.6658630371));
#4756 = VECTOR('',#4757,1.);
#4757 = DIRECTION('',(0.,0.853096367909,0.521753377622));
#4758 = PCURVE('',#4736,#4759);
#4759 = DEFINITIONAL_REPRESENTATION('',(#4760),#4764);
#4760 = LINE('',#4761,#4762);
#4761 = CARTESIAN_POINT('',(-1.024433771747,1.481638308029));
#4762 = VECTOR('',#4763,1.);
#4763 = DIRECTION('',(0.521753377622,-0.853096367909));
#4764 = ( GEOMETRIC_REPRESENTATION_CONTEXT(2) 
PARAMETRIC_REPRESENTATION_CONTEXT() REPRESENTATION_CONTEXT('2D SPACE',''
  ) );
#4765 = PCURVE('',#4766,#4771);
#4766 = PLANE('',#4767);
#4767 = AXIS2_PLACEMENT_3D('',#4768,#4769,#4770);
#4768 = CARTESIAN_POINT('',(-10.,-24.33714494994,317.4673385645));
#4769 = DIRECTION('',(1.,6.049942938905E-28,-8.81615299888E-28));
#4770 = DIRECTION('',(8.81615299888E-28,0.,1.));
#4771 = DEFINITIONAL_REPRESENTATION('',(#4772),#4775);
#4772 = B_SPLINE_CURVE_WITH_KNOTS('',1,(#4773,#4774),.UNSPECIFIED.,.F.,
  .F.,(2,2),(0.,3.707006316319),.PIECEWISE_BEZIER_KNOTS.);
#4773 = CARTESIAN_POINT('',(-0.8014755274,1.525289437265));
#4774 = CARTESIAN_POINT('',(1.132667539007,-1.637144187002));
#4775 = ( GEOMETRIC_REPRESENTATION_CONTEXT(2) 
PARAMETRIC_REPRESENTATION_CONTEXT() REPRESENTATION_CONTEXT('2D SPACE',''
  ) );
#4776 = ORIENTED_EDGE('',*,*,#4722,.F.);
#4777 = ORIENTED_EDGE('',*,*,#4778,.T.);
#4778 = EDGE_CURVE('',#2269,#4751,#4779,.T.);
#4779 = SURFACE_CURVE('',#4780,(#4784,#4791),.PCURVE_S1.);
#4780 = LINE('',#4781,#4782);
#4781 = CARTESIAN_POINT('',(-10.,-25.90041542053,317.10000610351));
#4782 = VECTOR('',#4783,1.);
#4783 = DIRECTION('',(0.,8.715218273361E-02,-0.996195009546));
#4784 = PCURVE('',#4736,#4785);
#4785 = DEFINITIONAL_REPRESENTATION('',(#4786),#4790);
#4786 = LINE('',#4787,#4788);
#4787 = CARTESIAN_POINT('',(-0.590290705341,1.519619341354));
#4788 = VECTOR('',#4789,1.);
#4789 = DIRECTION('',(-0.996195009546,-8.715218273361E-02));
#4790 = ( GEOMETRIC_REPRESENTATION_CONTEXT(2) 
PARAMETRIC_REPRESENTATION_CONTEXT() REPRESENTATION_CONTEXT('2D SPACE',''
  ) );
#4791 = PCURVE('',#4792,#4797);
#4792 = PLANE('',#4793);
#4793 = AXIS2_PLACEMENT_3D('',#4794,#4795,#4796);
#4794 = CARTESIAN_POINT('',(-13.14469794391,-25.87224759983,
    316.77803318754));
#4795 = DIRECTION('',(-8.84450872534E-19,-0.996195009546,
    -8.715218273361E-02));
#4796 = DIRECTION('',(0.,8.715218273361E-02,-0.996195009546));
#4797 = DEFINITIONAL_REPRESENTATION('',(#4798),#4801);
#4798 = B_SPLINE_CURVE_WITH_KNOTS('',1,(#4799,#4800),.UNSPECIFIED.,.F.,
  .F.,(2,2),(0.,0.43580128614),.PIECEWISE_BEZIER_KNOTS.);
#4799 = CARTESIAN_POINT('',(-0.323202699152,3.144697943918));
#4800 = CARTESIAN_POINT('',(0.112598586988,3.144697943918));
#4801 = ( GEOMETRIC_REPRESENTATION_CONTEXT(2) 
PARAMETRIC_REPRESENTATION_CONTEXT() REPRESENTATION_CONTEXT('2D SPACE',''
  ) );
#4802 = ADVANCED_FACE('',(#4803),#4766,.T.);
#4803 = FACE_BOUND('',#4804,.T.);
#4804 = EDGE_LOOP('',(#4805,#4832,#4833));
#4805 = ORIENTED_EDGE('',*,*,#4806,.T.);
#4806 = EDGE_CURVE('',#4807,#4695,#4809,.T.);
#4807 = VERTEX_POINT('',#4808);
#4808 = CARTESIAN_POINT('',(-10.,-25.7496471405,316.24493408203));
#4809 = SURFACE_CURVE('',#4810,(#4814,#4821),.PCURVE_S1.);
#4810 = LINE('',#4811,#4812);
#4811 = CARTESIAN_POINT('',(-10.,-25.7496471405,316.24493408203));
#4812 = VECTOR('',#4813,1.);
#4813 = DIRECTION('',(0.,0.791469914307,0.611208127193));
#4814 = PCURVE('',#4766,#4815);
#4815 = DEFINITIONAL_REPRESENTATION('',(#4816),#4820);
#4816 = LINE('',#4817,#4818);
#4817 = CARTESIAN_POINT('',(-1.222404482478,1.412502190561));
#4818 = VECTOR('',#4819,1.);
#4819 = DIRECTION('',(0.611208127193,-0.791469914307));
#4820 = ( GEOMETRIC_REPRESENTATION_CONTEXT(2) 
PARAMETRIC_REPRESENTATION_CONTEXT() REPRESENTATION_CONTEXT('2D SPACE',''
  ) );
#4821 = PCURVE('',#4822,#4827);
#4822 = PLANE('',#4823);
#4823 = AXIS2_PLACEMENT_3D('',#4824,#4825,#4826);
#4824 = CARTESIAN_POINT('',(-10.,-24.25613084721,317.25499647385));
#4825 = DIRECTION('',(1.,0.,0.));
#4826 = DIRECTION('',(-0.,0.,1.));
#4827 = DEFINITIONAL_REPRESENTATION('',(#4828),#4831);
#4828 = B_SPLINE_CURVE_WITH_KNOTS('',1,(#4829,#4830),.UNSPECIFIED.,.F.,
  .F.,(2,2),(0.,3.853142516773),.PIECEWISE_BEZIER_KNOTS.);
#4829 = CARTESIAN_POINT('',(-1.010062391819,1.493516293292));
#4830 = CARTESIAN_POINT('',(1.345009629665,-1.556130084271));
#4831 = ( GEOMETRIC_REPRESENTATION_CONTEXT(2) 
PARAMETRIC_REPRESENTATION_CONTEXT() REPRESENTATION_CONTEXT('2D SPACE',''
  ) );
#4832 = ORIENTED_EDGE('',*,*,#4750,.F.);
#4833 = ORIENTED_EDGE('',*,*,#4834,.T.);
#4834 = EDGE_CURVE('',#4751,#4807,#4835,.T.);
#4835 = SURFACE_CURVE('',#4836,(#4840,#4847),.PCURVE_S1.);
#4836 = LINE('',#4837,#4838);
#4837 = CARTESIAN_POINT('',(-10.,-25.8624343872,316.6658630371));
#4838 = VECTOR('',#4839,1.);
#4839 = DIRECTION('',(0.,0.258818345243,-0.965926013816));
#4840 = PCURVE('',#4766,#4841);
#4841 = DEFINITIONAL_REPRESENTATION('',(#4842),#4846);
#4842 = LINE('',#4843,#4844);
#4843 = CARTESIAN_POINT('',(-0.8014755274,1.525289437265));
#4844 = VECTOR('',#4845,1.);
#4845 = DIRECTION('',(-0.965926013816,-0.258818345243));
#4846 = ( GEOMETRIC_REPRESENTATION_CONTEXT(2) 
PARAMETRIC_REPRESENTATION_CONTEXT() REPRESENTATION_CONTEXT('2D SPACE',''
  ) );
#4847 = PCURVE('',#4848,#4853);
#4848 = PLANE('',#4849);
#4849 = AXIS2_PLACEMENT_3D('',#4850,#4851,#4852);
#4850 = CARTESIAN_POINT('',(-13.14470346088,-25.83329343986,
    316.55710722586));
#4851 = DIRECTION('',(6.087253433691E-19,-0.965926013816,-0.258818345243
    ));
#4852 = DIRECTION('',(0.,0.258818345243,-0.965926013816));
#4853 = DEFINITIONAL_REPRESENTATION('',(#4854),#4857);
#4854 = B_SPLINE_CURVE_WITH_KNOTS('',1,(#4855,#4856),.UNSPECIFIED.,.F.,
  .F.,(2,2),(0.,0.435777636235),.PIECEWISE_BEZIER_KNOTS.);
#4855 = CARTESIAN_POINT('',(-0.112592279,3.144703460883));
#4856 = CARTESIAN_POINT('',(0.323185357234,3.144703460883));
#4857 = ( GEOMETRIC_REPRESENTATION_CONTEXT(2) 
PARAMETRIC_REPRESENTATION_CONTEXT() REPRESENTATION_CONTEXT('2D SPACE',''
  ) );
#4858 = ADVANCED_FACE('',(#4859),#4822,.T.);
#4859 = FACE_BOUND('',#4860,.T.);
#4860 = EDGE_LOOP('',(#4861,#4862,#4889));
#4861 = ORIENTED_EDGE('',*,*,#4806,.F.);
#4862 = ORIENTED_EDGE('',*,*,#4863,.T.);
#4863 = EDGE_CURVE('',#4807,#4864,#4866,.T.);
#4864 = VERTEX_POINT('',#4865);
#4865 = CARTESIAN_POINT('',(-10.,-25.56547927856,315.85000610351));
#4866 = SURFACE_CURVE('',#4867,(#4871,#4878),.PCURVE_S1.);
#4867 = LINE('',#4868,#4869);
#4868 = CARTESIAN_POINT('',(-10.,-25.7496471405,316.24493408203));
#4869 = VECTOR('',#4870,1.);
#4870 = DIRECTION('',(0.,0.422636962723,-0.906299066391));
#4871 = PCURVE('',#4822,#4872);
#4872 = DEFINITIONAL_REPRESENTATION('',(#4873),#4877);
#4873 = LINE('',#4874,#4875);
#4874 = CARTESIAN_POINT('',(-1.010062391819,1.493516293292));
#4875 = VECTOR('',#4876,1.);
#4876 = DIRECTION('',(-0.906299066391,-0.422636962723));
#4877 = ( GEOMETRIC_REPRESENTATION_CONTEXT(2) 
PARAMETRIC_REPRESENTATION_CONTEXT() REPRESENTATION_CONTEXT('2D SPACE',''
  ) );
#4878 = PCURVE('',#4879,#4884);
#4879 = PLANE('',#4880);
#4880 = AXIS2_PLACEMENT_3D('',#4881,#4882,#4883);
#4881 = CARTESIAN_POINT('',(-13.14470780735,-25.70206358203,
    316.14289630866));
#4882 = DIRECTION('',(-5.257344682689E-18,-0.906299066391,
    -0.422636962723));
#4883 = DIRECTION('',(3.851859888774E-34,0.422636962723,-0.906299066391)
  );
#4884 = DEFINITIONAL_REPRESENTATION('',(#4885),#4888);
#4885 = B_SPLINE_CURVE_WITH_KNOTS('',1,(#4886,#4887),.UNSPECIFIED.,.F.,
  .F.,(2,2),(0.,0.435759004021),.PIECEWISE_BEZIER_KNOTS.);
#4886 = CARTESIAN_POINT('',(-0.112587309364,3.144707807354));
#4887 = CARTESIAN_POINT('',(0.323171694657,3.144707807354));
#4888 = ( GEOMETRIC_REPRESENTATION_CONTEXT(2) 
PARAMETRIC_REPRESENTATION_CONTEXT() REPRESENTATION_CONTEXT('2D SPACE',''
  ) );
#4889 = ORIENTED_EDGE('',*,*,#4890,.T.);
#4890 = EDGE_CURVE('',#4864,#4695,#4891,.T.);
#4891 = SURFACE_CURVE('',#4892,(#4896,#4903),.PCURVE_S1.);
#4892 = LINE('',#4893,#4894);
#4893 = CARTESIAN_POINT('',(-10.,-25.56547927856,315.85000610351));
#4894 = VECTOR('',#4895,1.);
#4895 = DIRECTION('',(0.,0.721495412661,0.69241921515));
#4896 = PCURVE('',#4822,#4897);
#4897 = DEFINITIONAL_REPRESENTATION('',(#4898),#4902);
#4898 = LINE('',#4899,#4900);
#4899 = CARTESIAN_POINT('',(-1.404990370335,1.309348431354));
#4900 = VECTOR('',#4901,1.);
#4901 = DIRECTION('',(0.69241921515,-0.721495412661));
#4902 = ( GEOMETRIC_REPRESENTATION_CONTEXT(2) 
PARAMETRIC_REPRESENTATION_CONTEXT() REPRESENTATION_CONTEXT('2D SPACE',''
  ) );
#4903 = PCURVE('',#4904,#4909);
#4904 = PLANE('',#4905);
#4905 = AXIS2_PLACEMENT_3D('',#4906,#4907,#4908);
#4906 = CARTESIAN_POINT('',(-10.,-23.79848784708,316.50930905957));
#4907 = DIRECTION('',(1.,3.652833242566E-29,-5.387212905221E-29));
#4908 = DIRECTION('',(5.387212905221E-29,0.,1.));
#4909 = DEFINITIONAL_REPRESENTATION('',(#4910),#4913);
#4910 = B_SPLINE_CURVE_WITH_KNOTS('',1,(#4911,#4912),.UNSPECIFIED.,.F.,
  .F.,(2,2),(0.,3.971582445765),.PIECEWISE_BEZIER_KNOTS.);
#4911 = CARTESIAN_POINT('',(-0.659302956055,1.766991431477));
#4912 = CARTESIAN_POINT('',(2.090697043945,-1.098487084148));
#4913 = ( GEOMETRIC_REPRESENTATION_CONTEXT(2) 
PARAMETRIC_REPRESENTATION_CONTEXT() REPRESENTATION_CONTEXT('2D SPACE',''
  ) );
#4914 = ADVANCED_FACE('',(#4915),#4904,.T.);
#4915 = FACE_BOUND('',#4916,.T.);
#4916 = EDGE_LOOP('',(#4917,#4944,#4945));
#4917 = ORIENTED_EDGE('',*,*,#4918,.T.);
#4918 = EDGE_CURVE('',#4919,#4695,#4921,.T.);
#4919 = VERTEX_POINT('',#4920);
#4920 = CARTESIAN_POINT('',(-10.,-23.40041542053,314.60000610351));
#4921 = SURFACE_CURVE('',#4922,(#4926,#4933),.PCURVE_S1.);
#4922 = LINE('',#4923,#4924);
#4923 = CARTESIAN_POINT('',(-10.,-23.40041542053,314.60000610351));
#4924 = VECTOR('',#4925,1.);
#4925 = DIRECTION('',(0.,0.172479407453,0.985013123773));
#4926 = PCURVE('',#4904,#4927);
#4927 = DEFINITIONAL_REPRESENTATION('',(#4928),#4932);
#4928 = LINE('',#4929,#4930);
#4929 = CARTESIAN_POINT('',(-1.909302956055,-0.398072426555));
#4930 = VECTOR('',#4931,1.);
#4931 = DIRECTION('',(0.985013123773,-0.172479407453));
#4932 = ( GEOMETRIC_REPRESENTATION_CONTEXT(2) 
PARAMETRIC_REPRESENTATION_CONTEXT() REPRESENTATION_CONTEXT('2D SPACE',''
  ) );
#4933 = PCURVE('',#4934,#4939);
#4934 = PLANE('',#4935);
#4935 = AXIS2_PLACEMENT_3D('',#4936,#4937,#4938);
#4936 = CARTESIAN_POINT('',(-10.,-21.17239157898,315.90910601838));
#4937 = DIRECTION('',(1.,0.,0.));
#4938 = DIRECTION('',(-0.,0.,1.));
#4939 = DEFINITIONAL_REPRESENTATION('',(#4940),#4943);
#4940 = B_SPLINE_CURVE_WITH_KNOTS('',1,(#4941,#4942),.UNSPECIFIED.,.F.,
  .F.,(2,2),(0.,4.060859600204),.PIECEWISE_BEZIER_KNOTS.);
#4941 = CARTESIAN_POINT('',(-1.309099914869,2.228023841551));
#4942 = CARTESIAN_POINT('',(2.690900085131,1.527609183959));
#4943 = ( GEOMETRIC_REPRESENTATION_CONTEXT(2) 
PARAMETRIC_REPRESENTATION_CONTEXT() REPRESENTATION_CONTEXT('2D SPACE',''
  ) );
#4944 = ORIENTED_EDGE('',*,*,#4890,.F.);
#4945 = ORIENTED_EDGE('',*,*,#4946,.T.);
#4946 = EDGE_CURVE('',#4864,#4919,#4947,.T.);
#4947 = SURFACE_CURVE('',#4948,(#4952,#4959),.PCURVE_S1.);
#4948 = LINE('',#4949,#4950);
#4949 = CARTESIAN_POINT('',(-10.,-25.56547927856,315.85000610351));
#4950 = VECTOR('',#4951,1.);
#4951 = DIRECTION('',(0.,0.866025438642,-0.499999939626));
#4952 = PCURVE('',#4904,#4953);
#4953 = DEFINITIONAL_REPRESENTATION('',(#4954),#4958);
#4954 = LINE('',#4955,#4956);
#4955 = CARTESIAN_POINT('',(-0.659302956055,1.766991431477));
#4956 = VECTOR('',#4957,1.);
#4957 = DIRECTION('',(-0.499999939626,-0.866025438642));
#4958 = ( GEOMETRIC_REPRESENTATION_CONTEXT(2) 
PARAMETRIC_REPRESENTATION_CONTEXT() REPRESENTATION_CONTEXT('2D SPACE',''
  ) );
#4959 = PCURVE('',#4960,#4965);
#4960 = PLANE('',#4961);
#4961 = AXIS2_PLACEMENT_3D('',#4962,#4963,#4964);
#4962 = CARTESIAN_POINT('',(-10.,-24.51329421936,315.18884094935));
#4963 = DIRECTION('',(1.,0.,0.));
#4964 = DIRECTION('',(-0.,0.,1.));
#4965 = DEFINITIONAL_REPRESENTATION('',(#4966),#4969);
#4966 = B_SPLINE_CURVE_WITH_KNOTS('',1,(#4967,#4968),.UNSPECIFIED.,.F.,
  .F.,(2,2),(0.,2.500000301871),.PIECEWISE_BEZIER_KNOTS.);
#4967 = CARTESIAN_POINT('',(0.661165154159,1.052185059196));
#4968 = CARTESIAN_POINT('',(-0.588834845841,-1.112878798836));
#4969 = ( GEOMETRIC_REPRESENTATION_CONTEXT(2) 
PARAMETRIC_REPRESENTATION_CONTEXT() REPRESENTATION_CONTEXT('2D SPACE',''
  ) );
#4970 = ADVANCED_FACE('',(#4971),#4934,.T.);
#4971 = FACE_BOUND('',#4972,.T.);
#4972 = EDGE_LOOP('',(#4973,#5000,#5001));
#4973 = ORIENTED_EDGE('',*,*,#4974,.T.);
#4974 = EDGE_CURVE('',#4975,#4695,#4977,.T.);
#4975 = VERTEX_POINT('',#4976);
#4976 = CARTESIAN_POINT('',(-10.,-18.,314.60000610351));
#4977 = SURFACE_CURVE('',#4978,(#4982,#4989),.PCURVE_S1.);
#4978 = LINE('',#4979,#4980);
#4979 = CARTESIAN_POINT('',(-10.,-18.,314.60000610351));
#4980 = VECTOR('',#4981,1.);
#4981 = DIRECTION('',(0.,-0.761539441623,0.648118568514));
#4982 = PCURVE('',#4934,#4983);
#4983 = DEFINITIONAL_REPRESENTATION('',(#4984),#4988);
#4984 = LINE('',#4985,#4986);
#4985 = CARTESIAN_POINT('',(-1.309099914869,-3.172391578981));
#4986 = VECTOR('',#4987,1.);
#4987 = DIRECTION('',(0.648118568514,0.761539441623));
#4988 = ( GEOMETRIC_REPRESENTATION_CONTEXT(2) 
PARAMETRIC_REPRESENTATION_CONTEXT() REPRESENTATION_CONTEXT('2D SPACE',''
  ) );
#4989 = PCURVE('',#4990,#4995);
#4990 = PLANE('',#4991);
#4991 = AXIS2_PLACEMENT_3D('',#4992,#4993,#4994);
#4992 = CARTESIAN_POINT('',(-10.,-19.7179277484,317.23207873657));
#4993 = DIRECTION('',(1.,0.,0.));
#4994 = DIRECTION('',(-0.,0.,1.));
#4995 = DEFINITIONAL_REPRESENTATION('',(#4996),#4999);
#4996 = B_SPLINE_CURVE_WITH_KNOTS('',1,(#4997,#4998),.UNSPECIFIED.,.F.,
  .F.,(2,2),(0.,6.171710230692),.PIECEWISE_BEZIER_KNOTS.);
#4997 = CARTESIAN_POINT('',(-2.632072633062,-1.717927748408));
#4998 = CARTESIAN_POINT('',(1.367927366938,2.982073014532));
#4999 = ( GEOMETRIC_REPRESENTATION_CONTEXT(2) 
PARAMETRIC_REPRESENTATION_CONTEXT() REPRESENTATION_CONTEXT('2D SPACE',''
  ) );
#5000 = ORIENTED_EDGE('',*,*,#4918,.F.);
#5001 = ORIENTED_EDGE('',*,*,#5002,.T.);
#5002 = EDGE_CURVE('',#4919,#4975,#5003,.T.);
#5003 = SURFACE_CURVE('',#5004,(#5008,#5015),.PCURVE_S1.);
#5004 = LINE('',#5005,#5006);
#5005 = CARTESIAN_POINT('',(-10.,-23.40041542053,314.60000610351));
#5006 = VECTOR('',#5007,1.);
#5007 = DIRECTION('',(0.,1.,0.));
#5008 = PCURVE('',#4934,#5009);
#5009 = DEFINITIONAL_REPRESENTATION('',(#5010),#5014);
#5010 = LINE('',#5011,#5012);
#5011 = CARTESIAN_POINT('',(-1.309099914869,2.228023841551));
#5012 = VECTOR('',#5013,1.);
#5013 = DIRECTION('',(0.,-1.));
#5014 = ( GEOMETRIC_REPRESENTATION_CONTEXT(2) 
PARAMETRIC_REPRESENTATION_CONTEXT() REPRESENTATION_CONTEXT('2D SPACE',''
  ) );
#5015 = PCURVE('',#5016,#5021);
#5016 = PLANE('',#5017);
#5017 = AXIS2_PLACEMENT_3D('',#5018,#5019,#5020);
#5018 = CARTESIAN_POINT('',(-15.41916885661,-19.61937656688,
    314.60000610351));
#5019 = DIRECTION('',(-3.08345326879E-30,-1.692827192204E-29,-1.));
#5020 = DIRECTION('',(0.,-1.,1.692827192204E-29));
#5021 = DEFINITIONAL_REPRESENTATION('',(#5022),#5025);
#5022 = B_SPLINE_CURVE_WITH_KNOTS('',1,(#5023,#5024),.UNSPECIFIED.,.F.,
  .F.,(2,2),(0.,5.400415420532),.PIECEWISE_BEZIER_KNOTS.);
#5023 = CARTESIAN_POINT('',(3.781038853652,-5.419168856614));
#5024 = CARTESIAN_POINT('',(-1.61937656688,-5.419168856614));
#5025 = ( GEOMETRIC_REPRESENTATION_CONTEXT(2) 
PARAMETRIC_REPRESENTATION_CONTEXT() REPRESENTATION_CONTEXT('2D SPACE',''
  ) );
#5026 = ADVANCED_FACE('',(#5027),#4960,.T.);
#5027 = FACE_BOUND('',#5028,.T.);
#5028 = EDGE_LOOP('',(#5029,#5030,#5057));
#5029 = ORIENTED_EDGE('',*,*,#4946,.F.);
#5030 = ORIENTED_EDGE('',*,*,#5031,.T.);
#5031 = EDGE_CURVE('',#4864,#5032,#5034,.T.);
#5032 = VERTEX_POINT('',#5033);
#5033 = CARTESIAN_POINT('',(-10.,-25.31552696228,315.4930114746));
#5034 = SURFACE_CURVE('',#5035,(#5039,#5046),.PCURVE_S1.);
#5035 = LINE('',#5036,#5037);
#5036 = CARTESIAN_POINT('',(-10.,-25.56547927856,315.85000610351));
#5037 = VECTOR('',#5038,1.);
#5038 = DIRECTION('',(0.,0.573548699516,-0.81917146513));
#5039 = PCURVE('',#4960,#5040);
#5040 = DEFINITIONAL_REPRESENTATION('',(#5041),#5045);
#5041 = LINE('',#5042,#5043);
#5042 = CARTESIAN_POINT('',(0.661165154159,1.052185059196));
#5043 = VECTOR('',#5044,1.);
#5044 = DIRECTION('',(-0.81917146513,-0.573548699516));
#5045 = ( GEOMETRIC_REPRESENTATION_CONTEXT(2) 
PARAMETRIC_REPRESENTATION_CONTEXT() REPRESENTATION_CONTEXT('2D SPACE',''
  ) );
#5046 = PCURVE('',#5047,#5052);
#5047 = PLANE('',#5048);
#5048 = AXIS2_PLACEMENT_3D('',#5049,#5050,#5051);
#5049 = CARTESIAN_POINT('',(-13.14469832812,-25.50089875738,
    315.75776891389));
#5050 = DIRECTION('',(-2.657687219014E-18,-0.81917146513,-0.573548699516
    ));
#5051 = DIRECTION('',(0.,0.573548699516,-0.81917146513));
#5052 = DEFINITIONAL_REPRESENTATION('',(#5053),#5056);
#5053 = B_SPLINE_CURVE_WITH_KNOTS('',1,(#5054,#5055),.UNSPECIFIED.,.F.,
  .F.,(2,2),(0.,0.435799639151),.PIECEWISE_BEZIER_KNOTS.);
#5054 = CARTESIAN_POINT('',(-0.112598147696,3.144698328121));
#5055 = CARTESIAN_POINT('',(0.323201491454,3.144698328121));
#5056 = ( GEOMETRIC_REPRESENTATION_CONTEXT(2) 
PARAMETRIC_REPRESENTATION_CONTEXT() REPRESENTATION_CONTEXT('2D SPACE',''
  ) );
#5057 = ORIENTED_EDGE('',*,*,#5058,.T.);
#5058 = EDGE_CURVE('',#5032,#4919,#5059,.T.);
#5059 = SURFACE_CURVE('',#5060,(#5064,#5071),.PCURVE_S1.);
#5060 = LINE('',#5061,#5062);
#5061 = CARTESIAN_POINT('',(-10.,-25.31552696228,315.4930114746));
#5062 = VECTOR('',#5063,1.);
#5063 = DIRECTION('',(0.,0.906312464829,-0.422608230037));
#5064 = PCURVE('',#4960,#5065);
#5065 = DEFINITIONAL_REPRESENTATION('',(#5066),#5070);
#5066 = LINE('',#5067,#5068);
#5067 = CARTESIAN_POINT('',(0.304170525252,0.802232742912));
#5068 = VECTOR('',#5069,1.);
#5069 = DIRECTION('',(-0.422608230037,-0.906312464829));
#5070 = ( GEOMETRIC_REPRESENTATION_CONTEXT(2) 
PARAMETRIC_REPRESENTATION_CONTEXT() REPRESENTATION_CONTEXT('2D SPACE',''
  ) );
#5071 = PCURVE('',#5072,#5077);
#5072 = PLANE('',#5073);
#5073 = AXIS2_PLACEMENT_3D('',#5074,#5075,#5076);
#5074 = CARTESIAN_POINT('',(-10.,-24.37831928302,315.01456787679));
#5075 = DIRECTION('',(1.,5.133596073435E-27,1.184058849001E-26));
#5076 = DIRECTION('',(-1.184058849001E-26,0.,1.));
#5077 = DEFINITIONAL_REPRESENTATION('',(#5078),#5081);
#5078 = B_SPLINE_CURVE_WITH_KNOTS('',1,(#5079,#5080),.UNSPECIFIED.,.F.,
  .F.,(2,2),(0.,2.113080881116),.PIECEWISE_BEZIER_KNOTS.);
#5079 = CARTESIAN_POINT('',(0.478443597814,0.937207679255));
#5080 = CARTESIAN_POINT('',(-0.41456177328,-0.977903862493));
#5081 = ( GEOMETRIC_REPRESENTATION_CONTEXT(2) 
PARAMETRIC_REPRESENTATION_CONTEXT() REPRESENTATION_CONTEXT('2D SPACE',''
  ) );
#5082 = ADVANCED_FACE('',(#5083),#5072,.T.);
#5083 = FACE_BOUND('',#5084,.T.);
#5084 = EDGE_LOOP('',(#5085,#5112,#5113));
#5085 = ORIENTED_EDGE('',*,*,#5086,.T.);
#5086 = EDGE_CURVE('',#5087,#4919,#5089,.T.);
#5087 = VERTEX_POINT('',#5088);
#5088 = CARTESIAN_POINT('',(-10.,-25.00738334655,315.18487548828));
#5089 = SURFACE_CURVE('',#5090,(#5094,#5101),.PCURVE_S1.);
#5090 = LINE('',#5091,#5092);
#5091 = CARTESIAN_POINT('',(-10.,-25.00738334655,315.18487548828));
#5092 = VECTOR('',#5093,1.);
#5093 = DIRECTION('',(0.,0.939696211829,-0.342010276856));
#5094 = PCURVE('',#5072,#5095);
#5095 = DEFINITIONAL_REPRESENTATION('',(#5096),#5100);
#5096 = LINE('',#5097,#5098);
#5097 = CARTESIAN_POINT('',(0.170307611486,0.629064063533));
#5098 = VECTOR('',#5099,1.);
#5099 = DIRECTION('',(-0.342010276856,-0.939696211829));
#5100 = ( GEOMETRIC_REPRESENTATION_CONTEXT(2) 
PARAMETRIC_REPRESENTATION_CONTEXT() REPRESENTATION_CONTEXT('2D SPACE',''
  ) );
#5101 = PCURVE('',#5102,#5107);
#5102 = PLANE('',#5103);
#5103 = AXIS2_PLACEMENT_3D('',#5104,#5105,#5106);
#5104 = CARTESIAN_POINT('',(-10.,-24.21592899781,314.8666422503));
#5105 = DIRECTION('',(1.,0.,0.));
#5106 = DIRECTION('',(-0.,0.,1.));
#5107 = DEFINITIONAL_REPRESENTATION('',(#5108),#5111);
#5108 = B_SPLINE_CURVE_WITH_KNOTS('',1,(#5109,#5110),.UNSPECIFIED.,.F.,
  .F.,(2,2),(0.,1.710093012824),.PIECEWISE_BEZIER_KNOTS.);
#5109 = CARTESIAN_POINT('',(0.318233237977,0.791454348747));
#5110 = CARTESIAN_POINT('',(-0.266636146789,-0.815513577278));
#5111 = ( GEOMETRIC_REPRESENTATION_CONTEXT(2) 
PARAMETRIC_REPRESENTATION_CONTEXT() REPRESENTATION_CONTEXT('2D SPACE',''
  ) );
#5112 = ORIENTED_EDGE('',*,*,#5058,.F.);
#5113 = ORIENTED_EDGE('',*,*,#5114,.T.);
#5114 = EDGE_CURVE('',#5032,#5087,#5115,.T.);
#5115 = SURFACE_CURVE('',#5116,(#5120,#5127),.PCURVE_S1.);
#5116 = LINE('',#5117,#5118);
#5117 = CARTESIAN_POINT('',(-10.,-25.31552696228,315.4930114746));
#5118 = VECTOR('',#5119,1.);
#5119 = DIRECTION('',(0.,0.707115534946,-0.707098027319));
#5120 = PCURVE('',#5072,#5121);
#5121 = DEFINITIONAL_REPRESENTATION('',(#5122),#5126);
#5122 = LINE('',#5123,#5124);
#5123 = CARTESIAN_POINT('',(0.478443597814,0.937207679255));
#5124 = VECTOR('',#5125,1.);
#5125 = DIRECTION('',(-0.707098027319,-0.707115534946));
#5126 = ( GEOMETRIC_REPRESENTATION_CONTEXT(2) 
PARAMETRIC_REPRESENTATION_CONTEXT() REPRESENTATION_CONTEXT('2D SPACE',''
  ) );
#5127 = PCURVE('',#5128,#5133);
#5128 = PLANE('',#5129);
#5129 = AXIS2_PLACEMENT_3D('',#5130,#5131,#5132);
#5130 = CARTESIAN_POINT('',(-13.14470396254,-25.23591161827,
    315.41339810181));
#5131 = DIRECTION('',(2.678171037563E-18,-0.707098027319,-0.707115534946
    ));
#5132 = DIRECTION('',(-1.925929944387E-34,-0.707115534946,0.707098027319
    ));
#5133 = DEFINITIONAL_REPRESENTATION('',(#5134),#5137);
#5134 = B_SPLINE_CURVE_WITH_KNOTS('',1,(#5135,#5136),.UNSPECIFIED.,.F.,
  .F.,(2,2),(0.,0.43577548575),.PIECEWISE_BEZIER_KNOTS.);
#5135 = CARTESIAN_POINT('',(0.112591705416,-3.144703962541));
#5136 = CARTESIAN_POINT('',(-0.323183780334,-3.144703962541));
#5137 = ( GEOMETRIC_REPRESENTATION_CONTEXT(2) 
PARAMETRIC_REPRESENTATION_CONTEXT() REPRESENTATION_CONTEXT('2D SPACE',''
  ) );
#5138 = ADVANCED_FACE('',(#5139),#5102,.T.);
#5139 = FACE_BOUND('',#5140,.T.);
#5140 = EDGE_LOOP('',(#5141,#5168,#5169));
#5141 = ORIENTED_EDGE('',*,*,#5142,.T.);
#5142 = EDGE_CURVE('',#5143,#4919,#5145,.T.);
#5143 = VERTEX_POINT('',#5144);
#5144 = CARTESIAN_POINT('',(-10.,-24.65041542053,314.93493652343));
#5145 = SURFACE_CURVE('',#5146,(#5150,#5157),.PCURVE_S1.);
#5146 = LINE('',#5147,#5148);
#5147 = CARTESIAN_POINT('',(-10.,-24.65041542053,314.93493652343));
#5148 = VECTOR('',#5149,1.);
#5149 = DIRECTION('',(0.,0.965926999034,-0.25881466832));
#5150 = PCURVE('',#5102,#5151);
#5151 = DEFINITIONAL_REPRESENTATION('',(#5152),#5156);
#5152 = LINE('',#5153,#5154);
#5153 = CARTESIAN_POINT('',(6.829427313289E-02,0.434486422722));
#5154 = VECTOR('',#5155,1.);
#5155 = DIRECTION('',(-0.25881466832,-0.965926999034));
#5156 = ( GEOMETRIC_REPRESENTATION_CONTEXT(2) 
PARAMETRIC_REPRESENTATION_CONTEXT() REPRESENTATION_CONTEXT('2D SPACE',''
  ) );
#5157 = PCURVE('',#5158,#5163);
#5158 = PLANE('',#5159);
#5159 = AXIS2_PLACEMENT_3D('',#5160,#5161,#5162);
#5160 = CARTESIAN_POINT('',(-10.,-24.03113186535,314.74934098494));
#5161 = DIRECTION('',(1.,0.,0.));
#5162 = DIRECTION('',(-0.,0.,1.));
#5163 = DEFINITIONAL_REPRESENTATION('',(#5164),#5167);
#5164 = B_SPLINE_CURVE_WITH_KNOTS('',1,(#5165,#5166),.UNSPECIFIED.,.F.,
  .F.,(2,2),(0.,1.294093654335),.PIECEWISE_BEZIER_KNOTS.);
#5165 = CARTESIAN_POINT('',(0.185595538494,0.619283555178));
#5166 = CARTESIAN_POINT('',(-0.149334881428,-0.630716444822));
#5167 = ( GEOMETRIC_REPRESENTATION_CONTEXT(2) 
PARAMETRIC_REPRESENTATION_CONTEXT() REPRESENTATION_CONTEXT('2D SPACE',''
  ) );
#5168 = ORIENTED_EDGE('',*,*,#5086,.F.);
#5169 = ORIENTED_EDGE('',*,*,#5170,.T.);
#5170 = EDGE_CURVE('',#5087,#5143,#5171,.T.);
#5171 = SURFACE_CURVE('',#5172,(#5176,#5183),.PCURVE_S1.);
#5172 = LINE('',#5173,#5174);
#5173 = CARTESIAN_POINT('',(-10.,-25.00738334655,315.18487548828));
#5174 = VECTOR('',#5175,1.);
#5175 = DIRECTION('',(0.,0.819165702512,-0.573556929893));
#5176 = PCURVE('',#5102,#5177);
#5177 = DEFINITIONAL_REPRESENTATION('',(#5178),#5182);
#5178 = LINE('',#5179,#5180);
#5179 = CARTESIAN_POINT('',(0.318233237977,0.791454348747));
#5180 = VECTOR('',#5181,1.);
#5181 = DIRECTION('',(-0.573556929893,-0.819165702512));
#5182 = ( GEOMETRIC_REPRESENTATION_CONTEXT(2) 
PARAMETRIC_REPRESENTATION_CONTEXT() REPRESENTATION_CONTEXT('2D SPACE',''
  ) );
#5183 = PCURVE('',#5184,#5189);
#5184 = PLANE('',#5185);
#5185 = AXIS2_PLACEMENT_3D('',#5186,#5187,#5188);
#5186 = CARTESIAN_POINT('',(-13.14470521722,-24.91515325824,
    315.1202985582));
#5187 = DIRECTION('',(-3.956132801492E-18,-0.573556929893,
    -0.819165702512));
#5188 = DIRECTION('',(0.,-0.819165702512,0.573556929893));
#5189 = DEFINITIONAL_REPRESENTATION('',(#5190),#5193);
#5190 = B_SPLINE_CURVE_WITH_KNOTS('',1,(#5191,#5192),.UNSPECIFIED.,.F.,
  .F.,(2,2),(0.,0.435770107233),.PIECEWISE_BEZIER_KNOTS.);
#5191 = CARTESIAN_POINT('',(0.112590270842,-3.144705217226));
#5192 = CARTESIAN_POINT('',(-0.323179836391,-3.144705217226));
#5193 = ( GEOMETRIC_REPRESENTATION_CONTEXT(2) 
PARAMETRIC_REPRESENTATION_CONTEXT() REPRESENTATION_CONTEXT('2D SPACE',''
  ) );
#5194 = ADVANCED_FACE('',(#5195),#5158,.T.);
#5195 = FACE_BOUND('',#5196,.T.);
#5196 = EDGE_LOOP('',(#5197,#5198,#5225));
#5197 = ORIENTED_EDGE('',*,*,#5142,.F.);
#5198 = ORIENTED_EDGE('',*,*,#5199,.T.);
#5199 = EDGE_CURVE('',#5143,#5200,#5202,.T.);
#5200 = VERTEX_POINT('',#5201);
#5201 = CARTESIAN_POINT('',(-10.,-24.25546455383,314.75076293945));
#5202 = SURFACE_CURVE('',#5203,(#5207,#5214),.PCURVE_S1.);
#5203 = LINE('',#5204,#5205);
#5204 = CARTESIAN_POINT('',(-10.,-24.65041542053,314.93493652343));
#5205 = VECTOR('',#5206,1.);
#5206 = DIRECTION('',(0.,0.906303418486,-0.422627630001));
#5207 = PCURVE('',#5158,#5208);
#5208 = DEFINITIONAL_REPRESENTATION('',(#5209),#5213);
#5209 = LINE('',#5210,#5211);
#5210 = CARTESIAN_POINT('',(0.185595538494,0.619283555178));
#5211 = VECTOR('',#5212,1.);
#5212 = DIRECTION('',(-0.422627630001,-0.906303418486));
#5213 = ( GEOMETRIC_REPRESENTATION_CONTEXT(2) 
PARAMETRIC_REPRESENTATION_CONTEXT() REPRESENTATION_CONTEXT('2D SPACE',''
  ) );
#5214 = PCURVE('',#5215,#5220);
#5215 = PLANE('',#5216);
#5216 = AXIS2_PLACEMENT_3D('',#5217,#5218,#5219);
#5217 = CARTESIAN_POINT('',(-13.14470240421,-24.5483715582,
    314.88735140479));
#5218 = DIRECTION('',(-7.097024057055E-18,-0.422627630001,
    -0.906303418486));
#5219 = DIRECTION('',(0.,-0.906303418486,0.422627630001));
#5220 = DEFINITIONAL_REPRESENTATION('',(#5221),#5224);
#5221 = B_SPLINE_CURVE_WITH_KNOTS('',1,(#5222,#5223),.UNSPECIFIED.,.F.,
  .F.,(2,2),(0.,0.435782165932),.PIECEWISE_BEZIER_KNOTS.);
#5222 = CARTESIAN_POINT('',(0.112593487176,-3.14470240421));
#5223 = CARTESIAN_POINT('',(-0.323188678756,-3.14470240421));
#5224 = ( GEOMETRIC_REPRESENTATION_CONTEXT(2) 
PARAMETRIC_REPRESENTATION_CONTEXT() REPRESENTATION_CONTEXT('2D SPACE',''
  ) );
#5225 = ORIENTED_EDGE('',*,*,#5226,.T.);
#5226 = EDGE_CURVE('',#5200,#4919,#5227,.T.);
#5227 = SURFACE_CURVE('',#5228,(#5232,#5239),.PCURVE_S1.);
#5228 = LINE('',#5229,#5230);
#5229 = CARTESIAN_POINT('',(-10.,-24.25546455383,314.75076293945));
#5230 = VECTOR('',#5231,1.);
#5231 = DIRECTION('',(0.,0.984809997531,-0.173635447889));
#5232 = PCURVE('',#5158,#5233);
#5233 = DEFINITIONAL_REPRESENTATION('',(#5234),#5238);
#5234 = LINE('',#5235,#5236);
#5235 = CARTESIAN_POINT('',(1.421954509169E-03,0.224332688479));
#5236 = VECTOR('',#5237,1.);
#5237 = DIRECTION('',(-0.173635447889,-0.984809997531));
#5238 = ( GEOMETRIC_REPRESENTATION_CONTEXT(2) 
PARAMETRIC_REPRESENTATION_CONTEXT() REPRESENTATION_CONTEXT('2D SPACE',''
  ) );
#5239 = PCURVE('',#5240,#5245);
#5240 = PLANE('',#5241);
#5241 = AXIS2_PLACEMENT_3D('',#5242,#5243,#5244);
#5242 = CARTESIAN_POINT('',(-10.,-23.82959229661,314.66601308898));
#5243 = DIRECTION('',(1.,0.,0.));
#5244 = DIRECTION('',(-0.,0.,1.));
#5245 = DEFINITIONAL_REPRESENTATION('',(#5246),#5249);
#5246 = B_SPLINE_CURVE_WITH_KNOTS('',1,(#5247,#5248),.UNSPECIFIED.,.F.,
  .F.,(2,2),(0.,0.868237665585),.PIECEWISE_BEZIER_KNOTS.);
#5247 = CARTESIAN_POINT('',(8.474985046922E-02,0.42587225722));
#5248 = CARTESIAN_POINT('',(-6.600698546828E-02,-0.429176876081));
#5249 = ( GEOMETRIC_REPRESENTATION_CONTEXT(2) 
PARAMETRIC_REPRESENTATION_CONTEXT() REPRESENTATION_CONTEXT('2D SPACE',''
  ) );
#5250 = ADVANCED_FACE('',(#5251),#5240,.T.);
#5251 = FACE_BOUND('',#5252,.T.);
#5252 = EDGE_LOOP('',(#5253,#5280,#5281));
#5253 = ORIENTED_EDGE('',*,*,#5254,.T.);
#5254 = EDGE_CURVE('',#5255,#4919,#5257,.T.);
#5255 = VERTEX_POINT('',#5256);
#5256 = CARTESIAN_POINT('',(-10.,-23.83453559875,314.6379699707));
#5257 = SURFACE_CURVE('',#5258,(#5262,#5269),.PCURVE_S1.);
#5258 = LINE('',#5259,#5260);
#5259 = CARTESIAN_POINT('',(-10.,-23.83453559875,314.6379699707));
#5260 = VECTOR('',#5261,1.);
#5261 = DIRECTION('',(0.,0.996198030049,-8.711764990994E-02));
#5262 = PCURVE('',#5240,#5263);
#5263 = DEFINITIONAL_REPRESENTATION('',(#5264),#5268);
#5264 = LINE('',#5265,#5266);
#5265 = CARTESIAN_POINT('',(-2.804311828078E-02,4.94330214168E-03));
#5266 = VECTOR('',#5267,1.);
#5267 = DIRECTION('',(-8.711764990994E-02,-0.996198030049));
#5268 = ( GEOMETRIC_REPRESENTATION_CONTEXT(2) 
PARAMETRIC_REPRESENTATION_CONTEXT() REPRESENTATION_CONTEXT('2D SPACE',''
  ) );
#5269 = PCURVE('',#5270,#5275);
#5270 = PLANE('',#5271);
#5271 = AXIS2_PLACEMENT_3D('',#5272,#5273,#5274);
#5272 = CARTESIAN_POINT('',(-13.14470361181,-23.72237156412,
    314.62816121099));
#5273 = DIRECTION('',(6.282923012766E-19,-8.711764990994E-02,
    -0.996198030049));
#5274 = DIRECTION('',(0.,-0.996198030049,8.711764990994E-02));
#5275 = DEFINITIONAL_REPRESENTATION('',(#5276),#5279);
#5276 = B_SPLINE_CURVE_WITH_KNOTS('',1,(#5277,#5278),.UNSPECIFIED.,.F.,
  .F.,(2,2),(0.,0.435776989241),.PIECEWISE_BEZIER_KNOTS.);
#5277 = CARTESIAN_POINT('',(0.112592106432,-3.144703611812));
#5278 = CARTESIAN_POINT('',(-0.323184882809,-3.144703611812));
#5279 = ( GEOMETRIC_REPRESENTATION_CONTEXT(2) 
PARAMETRIC_REPRESENTATION_CONTEXT() REPRESENTATION_CONTEXT('2D SPACE',''
  ) );
#5280 = ORIENTED_EDGE('',*,*,#5226,.F.);
#5281 = ORIENTED_EDGE('',*,*,#5282,.T.);
#5282 = EDGE_CURVE('',#5200,#5255,#5283,.T.);
#5283 = SURFACE_CURVE('',#5284,(#5288,#5295),.PCURVE_S1.);
#5284 = LINE('',#5285,#5286);
#5285 = CARTESIAN_POINT('',(-10.,-24.25546455383,314.75076293945));
#5286 = VECTOR('',#5287,1.);
#5287 = DIRECTION('',(0.,0.965922731094,-0.258830596253));
#5288 = PCURVE('',#5240,#5289);
#5289 = DEFINITIONAL_REPRESENTATION('',(#5290),#5294);
#5290 = LINE('',#5291,#5292);
#5291 = CARTESIAN_POINT('',(8.474985046922E-02,0.42587225722));
#5292 = VECTOR('',#5293,1.);
#5293 = DIRECTION('',(-0.258830596253,-0.965922731094));
#5294 = ( GEOMETRIC_REPRESENTATION_CONTEXT(2) 
PARAMETRIC_REPRESENTATION_CONTEXT() REPRESENTATION_CONTEXT('2D SPACE',''
  ) );
#5295 = PCURVE('',#5296,#5301);
#5296 = PLANE('',#5297);
#5297 = AXIS2_PLACEMENT_3D('',#5298,#5299,#5300);
#5298 = CARTESIAN_POINT('',(-13.14470311539,-24.14670873064,
    314.7216205105));
#5299 = DIRECTION('',(-3.499418148314E-18,-0.258830596253,
    -0.965922731094));
#5300 = DIRECTION('',(0.,-0.965922731094,0.258830596253));
#5301 = DEFINITIONAL_REPRESENTATION('',(#5302),#5305);
#5302 = B_SPLINE_CURVE_WITH_KNOTS('',1,(#5303,#5304),.UNSPECIFIED.,.F.,
  .F.,(2,2),(0.,0.43577911724),.PIECEWISE_BEZIER_KNOTS.);
#5303 = CARTESIAN_POINT('',(0.112592674019,-3.144703115399));
#5304 = CARTESIAN_POINT('',(-0.323186443221,-3.144703115399));
#5305 = ( GEOMETRIC_REPRESENTATION_CONTEXT(2) 
PARAMETRIC_REPRESENTATION_CONTEXT() REPRESENTATION_CONTEXT('2D SPACE',''
  ) );
#5306 = ADVANCED_FACE('',(#5307),#4990,.T.);
#5307 = FACE_BOUND('',#5308,.T.);
#5308 = EDGE_LOOP('',(#5309,#5310,#5337));
#5309 = ORIENTED_EDGE('',*,*,#4974,.F.);
#5310 = ORIENTED_EDGE('',*,*,#5311,.T.);
#5311 = EDGE_CURVE('',#4975,#5312,#5314,.T.);
#5312 = VERTEX_POINT('',#5313);
#5313 = CARTESIAN_POINT('',(-10.,-18.,318.60000610351));
#5314 = SURFACE_CURVE('',#5315,(#5319,#5326),.PCURVE_S1.);
#5315 = LINE('',#5316,#5317);
#5316 = CARTESIAN_POINT('',(-10.,-18.,314.60000610351));
#5317 = VECTOR('',#5318,1.);
#5318 = DIRECTION('',(0.,0.,1.));
#5319 = PCURVE('',#4990,#5320);
#5320 = DEFINITIONAL_REPRESENTATION('',(#5321),#5325);
#5321 = LINE('',#5322,#5323);
#5322 = CARTESIAN_POINT('',(-2.632072633062,-1.717927748408));
#5323 = VECTOR('',#5324,1.);
#5324 = DIRECTION('',(1.,0.));
#5325 = ( GEOMETRIC_REPRESENTATION_CONTEXT(2) 
PARAMETRIC_REPRESENTATION_CONTEXT() REPRESENTATION_CONTEXT('2D SPACE',''
  ) );
#5326 = PCURVE('',#5327,#5332);
#5327 = PLANE('',#5328);
#5328 = AXIS2_PLACEMENT_3D('',#5329,#5330,#5331);
#5329 = CARTESIAN_POINT('',(-15.65036762718,-18.,317.44963847633));
#5330 = DIRECTION('',(1.734421203866E-30,1.,1.172842632954E-29));
#5331 = DIRECTION('',(0.,-1.172842632954E-29,1.));
#5332 = DEFINITIONAL_REPRESENTATION('',(#5333),#5336);
#5333 = B_SPLINE_CURVE_WITH_KNOTS('',1,(#5334,#5335),.UNSPECIFIED.,.F.,
  .F.,(2,2),(0.,4.),.PIECEWISE_BEZIER_KNOTS.);
#5334 = CARTESIAN_POINT('',(-2.849632372816,5.650367627184));
#5335 = CARTESIAN_POINT('',(1.150367627184,5.650367627184));
#5336 = ( GEOMETRIC_REPRESENTATION_CONTEXT(2) 
PARAMETRIC_REPRESENTATION_CONTEXT() REPRESENTATION_CONTEXT('2D SPACE',''
  ) );
#5337 = ORIENTED_EDGE('',*,*,#5338,.T.);
#5338 = EDGE_CURVE('',#5312,#4695,#5339,.T.);
#5339 = SURFACE_CURVE('',#5340,(#5344,#5351),.PCURVE_S1.);
#5340 = LINE('',#5341,#5342);
#5341 = CARTESIAN_POINT('',(-10.,-18.,318.60000610351));
#5342 = VECTOR('',#5343,1.);
#5343 = DIRECTION('',(0.,-1.,0.));
#5344 = PCURVE('',#4990,#5345);
#5345 = DEFINITIONAL_REPRESENTATION('',(#5346),#5350);
#5346 = LINE('',#5347,#5348);
#5347 = CARTESIAN_POINT('',(1.367927366938,-1.717927748408));
#5348 = VECTOR('',#5349,1.);
#5349 = DIRECTION('',(0.,1.));
#5350 = ( GEOMETRIC_REPRESENTATION_CONTEXT(2) 
PARAMETRIC_REPRESENTATION_CONTEXT() REPRESENTATION_CONTEXT('2D SPACE',''
  ) );
#5351 = PCURVE('',#5352,#5357);
#5352 = PLANE('',#5353);
#5353 = AXIS2_PLACEMENT_3D('',#5354,#5355,#5356);
#5354 = CARTESIAN_POINT('',(-15.53088253994,-21.31911784152,
    318.60000610351));
#5355 = DIRECTION('',(0.,0.,1.));
#5356 = DIRECTION('',(1.,0.,-0.));
#5357 = DEFINITIONAL_REPRESENTATION('',(#5358),#5361);
#5358 = B_SPLINE_CURVE_WITH_KNOTS('',1,(#5359,#5360),.UNSPECIFIED.,.F.,
  .F.,(2,2),(0.,4.700000762939),.PIECEWISE_BEZIER_KNOTS.);
#5359 = CARTESIAN_POINT('',(5.530882539947,3.319117841522));
#5360 = CARTESIAN_POINT('',(5.530882539947,-1.380882921417));
#5361 = ( GEOMETRIC_REPRESENTATION_CONTEXT(2) 
PARAMETRIC_REPRESENTATION_CONTEXT() REPRESENTATION_CONTEXT('2D SPACE',''
  ) );
#5362 = ADVANCED_FACE('',(#5363),#778,.T.);
#5363 = FACE_BOUND('',#5364,.T.);
#5364 = EDGE_LOOP('',(#5365,#5366,#5393));
#5365 = ORIENTED_EDGE('',*,*,#762,.F.);
#5366 = ORIENTED_EDGE('',*,*,#5367,.F.);
#5367 = EDGE_CURVE('',#5368,#763,#5370,.T.);
#5368 = VERTEX_POINT('',#5369);
#5369 = CARTESIAN_POINT('',(-10.,18.010322570801,314.58251953125));
#5370 = SURFACE_CURVE('',#5371,(#5375,#5381),.PCURVE_S1.);
#5371 = LINE('',#5372,#5373);
#5372 = CARTESIAN_POINT('',(-10.,18.010322570801,314.58251953125));
#5373 = VECTOR('',#5374,1.);
#5374 = DIRECTION('',(0.,0.760101948634,0.649803837849));
#5375 = PCURVE('',#778,#5376);
#5376 = DEFINITIONAL_REPRESENTATION('',(#5377),#5380);
#5377 = B_SPLINE_CURVE_WITH_KNOTS('',1,(#5378,#5379),.UNSPECIFIED.,.F.,
  .F.,(2,2),(0.,6.171718695008),.PIECEWISE_BEZIER_KNOTS.);
#5378 = CARTESIAN_POINT('',(-1.316157908571,3.169364072603));
#5379 = CARTESIAN_POINT('',(2.69424858557,-1.521771333891));
#5380 = ( GEOMETRIC_REPRESENTATION_CONTEXT(2) 
PARAMETRIC_REPRESENTATION_CONTEXT() REPRESENTATION_CONTEXT('2D SPACE',''
  ) );
#5381 = PCURVE('',#5382,#5387);
#5382 = PLANE('',#5383);
#5383 = AXIS2_PLACEMENT_3D('',#5384,#5385,#5386);
#5384 = CARTESIAN_POINT('',(-10.,19.722419333875,317.21839513858));
#5385 = DIRECTION('',(1.,0.,0.));
#5386 = DIRECTION('',(-0.,0.,1.));
#5387 = DEFINITIONAL_REPRESENTATION('',(#5388),#5392);
#5388 = LINE('',#5389,#5390);
#5389 = CARTESIAN_POINT('',(-2.635875607331,1.712096763074));
#5390 = VECTOR('',#5391,1.);
#5391 = DIRECTION('',(0.649803837849,-0.760101948634));
#5392 = ( GEOMETRIC_REPRESENTATION_CONTEXT(2) 
PARAMETRIC_REPRESENTATION_CONTEXT() REPRESENTATION_CONTEXT('2D SPACE',''
  ) );
#5393 = ORIENTED_EDGE('',*,*,#5394,.T.);
#5394 = EDGE_CURVE('',#5368,#450,#5395,.T.);
#5395 = SURFACE_CURVE('',#5396,(#5400,#5407),.PCURVE_S1.);
#5396 = LINE('',#5397,#5398);
#5397 = CARTESIAN_POINT('',(-10.,18.010322570801,314.58251953125));
#5398 = VECTOR('',#5399,1.);
#5399 = DIRECTION('',(0.,0.999997546108,2.215350313439E-03));
#5400 = PCURVE('',#778,#5401);
#5401 = DEFINITIONAL_REPRESENTATION('',(#5402),#5406);
#5402 = LINE('',#5403,#5404);
#5403 = CARTESIAN_POINT('',(-1.316157908571,3.169364072603));
#5404 = VECTOR('',#5405,1.);
#5405 = DIRECTION('',(2.215350313439E-03,-0.999997546108));
#5406 = ( GEOMETRIC_REPRESENTATION_CONTEXT(2) 
PARAMETRIC_REPRESENTATION_CONTEXT() REPRESENTATION_CONTEXT('2D SPACE',''
  ) );
#5407 = PCURVE('',#5408,#5413);
#5408 = PLANE('',#5409);
#5409 = AXIS2_PLACEMENT_3D('',#5410,#5411,#5412);
#5410 = CARTESIAN_POINT('',(-15.41923294521,21.791080107047,
    314.59089525419));
#5411 = DIRECTION('',(2.011686640766E-20,2.215350313439E-03,
    -0.999997546108));
#5412 = DIRECTION('',(0.,-0.999997546108,-2.215350313439E-03));
#5413 = DEFINITIONAL_REPRESENTATION('',(#5414),#5417);
#5414 = B_SPLINE_CURVE_WITH_KNOTS('',1,(#5415,#5416),.UNSPECIFIED.,.F.,
  .F.,(2,2),(0.,5.399999518103),.PIECEWISE_BEZIER_KNOTS.);
#5415 = CARTESIAN_POINT('',(3.780766813838,-5.419232945213));
#5416 = CARTESIAN_POINT('',(-1.619232704265,-5.419232945213));
#5417 = ( GEOMETRIC_REPRESENTATION_CONTEXT(2) 
PARAMETRIC_REPRESENTATION_CONTEXT() REPRESENTATION_CONTEXT('2D SPACE',''
  ) );
#5418 = ADVANCED_FACE('',(#5419),#5382,.T.);
#5419 = FACE_BOUND('',#5420,.T.);
#5420 = EDGE_LOOP('',(#5421,#5448,#5473));
#5421 = ORIENTED_EDGE('',*,*,#5422,.T.);
#5422 = EDGE_CURVE('',#763,#5423,#5425,.T.);
#5423 = VERTEX_POINT('',#5424);
#5424 = CARTESIAN_POINT('',(-10.,18.001468658447,318.58251953125));
#5425 = SURFACE_CURVE('',#5426,(#5430,#5437),.PCURVE_S1.);
#5426 = LINE('',#5427,#5428);
#5427 = CARTESIAN_POINT('',(-10.,22.701457977295,318.59292602539));
#5428 = VECTOR('',#5429,1.);
#5429 = DIRECTION('',(0.,-0.999997548773,-2.214147293955E-03));
#5430 = PCURVE('',#5382,#5431);
#5431 = DEFINITIONAL_REPRESENTATION('',(#5432),#5436);
#5432 = LINE('',#5433,#5434);
#5433 = CARTESIAN_POINT('',(1.37453088681,-2.97903864342));
#5434 = VECTOR('',#5435,1.);
#5435 = DIRECTION('',(-2.214147293955E-03,0.999997548773));
#5436 = ( GEOMETRIC_REPRESENTATION_CONTEXT(2) 
PARAMETRIC_REPRESENTATION_CONTEXT() REPRESENTATION_CONTEXT('2D SPACE',''
  ) );
#5437 = PCURVE('',#5438,#5443);
#5438 = PLANE('',#5439);
#5439 = AXIS2_PLACEMENT_3D('',#5440,#5441,#5442);
#5440 = CARTESIAN_POINT('',(-15.53088252729,19.382348220694,
    318.58557700949));
#5441 = DIRECTION('',(2.306636646361E-19,-2.214147293955E-03,
    0.999997548773));
#5442 = DIRECTION('',(9.403954806578E-38,0.999997548773,
    2.214147293955E-03));
#5443 = DEFINITIONAL_REPRESENTATION('',(#5444),#5447);
#5444 = B_SPLINE_CURVE_WITH_KNOTS('',1,(#5445,#5446),.UNSPECIFIED.,.F.,
  .F.,(2,2),(0.,4.700000839617),.PIECEWISE_BEZIER_KNOTS.);
#5445 = CARTESIAN_POINT('',(3.319117892513,-5.530882527295));
#5446 = CARTESIAN_POINT('',(-1.380882947104,-5.530882527295));
#5447 = ( GEOMETRIC_REPRESENTATION_CONTEXT(2) 
PARAMETRIC_REPRESENTATION_CONTEXT() REPRESENTATION_CONTEXT('2D SPACE',''
  ) );
#5448 = ORIENTED_EDGE('',*,*,#5449,.T.);
#5449 = EDGE_CURVE('',#5423,#5368,#5450,.T.);
#5450 = SURFACE_CURVE('',#5451,(#5455,#5462),.PCURVE_S1.);
#5451 = LINE('',#5452,#5453);
#5452 = CARTESIAN_POINT('',(-10.,18.001468658447,318.58251953125));
#5453 = VECTOR('',#5454,1.);
#5454 = DIRECTION('',(0.,2.213472665947E-03,-0.999997550266));
#5455 = PCURVE('',#5382,#5456);
#5456 = DEFINITIONAL_REPRESENTATION('',(#5457),#5461);
#5457 = LINE('',#5458,#5459);
#5458 = CARTESIAN_POINT('',(1.364124392669,1.720950675428));
#5459 = VECTOR('',#5460,1.);
#5460 = DIRECTION('',(-0.999997550266,-2.213472665947E-03));
#5461 = ( GEOMETRIC_REPRESENTATION_CONTEXT(2) 
PARAMETRIC_REPRESENTATION_CONTEXT() REPRESENTATION_CONTEXT('2D SPACE',''
  ) );
#5462 = PCURVE('',#5463,#5468);
#5463 = PLANE('',#5464);
#5464 = AXIS2_PLACEMENT_3D('',#5465,#5466,#5467);
#5465 = CARTESIAN_POINT('',(-15.65036589787,18.007776256485,
    315.7328875105));
#5466 = DIRECTION('',(-7.35013932886E-20,-0.999997550266,
    -2.213472665947E-03));
#5467 = DIRECTION('',(0.,2.213472665947E-03,-0.999997550266));
#5468 = DEFINITIONAL_REPRESENTATION('',(#5469),#5472);
#5469 = B_SPLINE_CURVE_WITH_KNOTS('',1,(#5470,#5471),.UNSPECIFIED.,.F.,
  .F.,(2,2),(0.,4.000009798958),.PIECEWISE_BEZIER_KNOTS.);
#5470 = CARTESIAN_POINT('',(-2.8496390016,5.650365897879));
#5471 = CARTESIAN_POINT('',(1.150370797358,5.650365897879));
#5472 = ( GEOMETRIC_REPRESENTATION_CONTEXT(2) 
PARAMETRIC_REPRESENTATION_CONTEXT() REPRESENTATION_CONTEXT('2D SPACE',''
  ) );
#5473 = ORIENTED_EDGE('',*,*,#5367,.T.);
#5474 = ADVANCED_FACE('',(#5475),#5327,.T.);
#5475 = FACE_BOUND('',#5476,.T.);
#5476 = EDGE_LOOP('',(#5477,#5504,#5505));
#5477 = ORIENTED_EDGE('',*,*,#5478,.T.);
#5478 = EDGE_CURVE('',#5479,#5312,#5481,.T.);
#5479 = VERTEX_POINT('',#5480);
#5480 = CARTESIAN_POINT('',(-23.,-18.,318.60000610351));
#5481 = SURFACE_CURVE('',#5482,(#5486,#5493),.PCURVE_S1.);
#5482 = LINE('',#5483,#5484);
#5483 = CARTESIAN_POINT('',(-23.,-18.,318.60000610351));
#5484 = VECTOR('',#5485,1.);
#5485 = DIRECTION('',(1.,0.,0.));
#5486 = PCURVE('',#5327,#5487);
#5487 = DEFINITIONAL_REPRESENTATION('',(#5488),#5492);
#5488 = LINE('',#5489,#5490);
#5489 = CARTESIAN_POINT('',(1.150367627184,-7.349632372816));
#5490 = VECTOR('',#5491,1.);
#5491 = DIRECTION('',(0.,1.));
#5492 = ( GEOMETRIC_REPRESENTATION_CONTEXT(2) 
PARAMETRIC_REPRESENTATION_CONTEXT() REPRESENTATION_CONTEXT('2D SPACE',''
  ) );
#5493 = PCURVE('',#5494,#5499);
#5494 = PLANE('',#5495);
#5495 = AXIS2_PLACEMENT_3D('',#5496,#5497,#5498);
#5496 = CARTESIAN_POINT('',(-17.46911746005,-19.38088292141,
    318.60000610351));
#5497 = DIRECTION('',(0.,0.,1.));
#5498 = DIRECTION('',(1.,0.,-0.));
#5499 = DEFINITIONAL_REPRESENTATION('',(#5500),#5503);
#5500 = B_SPLINE_CURVE_WITH_KNOTS('',1,(#5501,#5502),.UNSPECIFIED.,.F.,
  .F.,(2,2),(0.,13.),.PIECEWISE_BEZIER_KNOTS.);
#5501 = CARTESIAN_POINT('',(-5.530882539947,1.380882921417));
#5502 = CARTESIAN_POINT('',(7.469117460053,1.380882921417));
#5503 = ( GEOMETRIC_REPRESENTATION_CONTEXT(2) 
PARAMETRIC_REPRESENTATION_CONTEXT() REPRESENTATION_CONTEXT('2D SPACE',''
  ) );
#5504 = ORIENTED_EDGE('',*,*,#5311,.F.);
#5505 = ORIENTED_EDGE('',*,*,#5506,.T.);
#5506 = EDGE_CURVE('',#4975,#5479,#5507,.T.);
#5507 = SURFACE_CURVE('',#5508,(#5512,#5519),.PCURVE_S1.);
#5508 = LINE('',#5509,#5510);
#5509 = CARTESIAN_POINT('',(-10.,-18.,314.60000610351));
#5510 = VECTOR('',#5511,1.);
#5511 = DIRECTION('',(-0.955779008722,0.,0.294085848838));
#5512 = PCURVE('',#5327,#5513);
#5513 = DEFINITIONAL_REPRESENTATION('',(#5514),#5518);
#5514 = LINE('',#5515,#5516);
#5515 = CARTESIAN_POINT('',(-2.849632372816,5.650367627184));
#5516 = VECTOR('',#5517,1.);
#5517 = DIRECTION('',(0.294085848838,-0.955779008722));
#5518 = ( GEOMETRIC_REPRESENTATION_CONTEXT(2) 
PARAMETRIC_REPRESENTATION_CONTEXT() REPRESENTATION_CONTEXT('2D SPACE',''
  ) );
#5519 = PCURVE('',#5520,#5525);
#5520 = PLANE('',#5521);
#5521 = AXIS2_PLACEMENT_3D('',#5522,#5523,#5524);
#5522 = CARTESIAN_POINT('',(-17.34963237281,-18.,315.75037373069));
#5523 = DIRECTION('',(1.201562730818E-29,1.,7.709080403334E-29));
#5524 = DIRECTION('',(0.,-7.709080403334E-29,1.));
#5525 = DEFINITIONAL_REPRESENTATION('',(#5526),#5529);
#5526 = B_SPLINE_CURVE_WITH_KNOTS('',1,(#5527,#5528),.UNSPECIFIED.,.F.,
  .F.,(2,2),(0.,13.601470508735),.PIECEWISE_BEZIER_KNOTS.);
#5527 = CARTESIAN_POINT('',(-1.150367627184,7.349632372816));
#5528 = CARTESIAN_POINT('',(2.849632372816,-5.650367627184));
#5529 = ( GEOMETRIC_REPRESENTATION_CONTEXT(2) 
PARAMETRIC_REPRESENTATION_CONTEXT() REPRESENTATION_CONTEXT('2D SPACE',''
  ) );
#5530 = ADVANCED_FACE('',(#5531),#5520,.T.);
#5531 = FACE_BOUND('',#5532,.T.);
#5532 = EDGE_LOOP('',(#5533,#5560,#5561));
#5533 = ORIENTED_EDGE('',*,*,#5534,.T.);
#5534 = EDGE_CURVE('',#5535,#5479,#5537,.T.);
#5535 = VERTEX_POINT('',#5536);
#5536 = CARTESIAN_POINT('',(-23.,-18.,314.60000610351));
#5537 = SURFACE_CURVE('',#5538,(#5542,#5549),.PCURVE_S1.);
#5538 = LINE('',#5539,#5540);
#5539 = CARTESIAN_POINT('',(-23.,-18.,314.60000610351));
#5540 = VECTOR('',#5541,1.);
#5541 = DIRECTION('',(0.,0.,1.));
#5542 = PCURVE('',#5520,#5543);
#5543 = DEFINITIONAL_REPRESENTATION('',(#5544),#5548);
#5544 = LINE('',#5545,#5546);
#5545 = CARTESIAN_POINT('',(-1.150367627184,-5.650367627184));
#5546 = VECTOR('',#5547,1.);
#5547 = DIRECTION('',(1.,-9.262943701526E-58));
#5548 = ( GEOMETRIC_REPRESENTATION_CONTEXT(2) 
PARAMETRIC_REPRESENTATION_CONTEXT() REPRESENTATION_CONTEXT('2D SPACE',''
  ) );
#5549 = PCURVE('',#5550,#5555);
#5550 = PLANE('',#5551);
#5551 = AXIS2_PLACEMENT_3D('',#5552,#5553,#5554);
#5552 = CARTESIAN_POINT('',(-23.,-21.10070617073,316.46679345248));
#5553 = DIRECTION('',(-1.,-0.,-0.));
#5554 = DIRECTION('',(0.,0.,-1.));
#5555 = DEFINITIONAL_REPRESENTATION('',(#5556),#5559);
#5556 = B_SPLINE_CURVE_WITH_KNOTS('',1,(#5557,#5558),.UNSPECIFIED.,.F.,
  .F.,(2,2),(0.,4.),.PIECEWISE_BEZIER_KNOTS.);
#5557 = CARTESIAN_POINT('',(1.866787348966,-3.100706170739));
#5558 = CARTESIAN_POINT('',(-2.133212651034,-3.100706170739));
#5559 = ( GEOMETRIC_REPRESENTATION_CONTEXT(2) 
PARAMETRIC_REPRESENTATION_CONTEXT() REPRESENTATION_CONTEXT('2D SPACE',''
  ) );
#5560 = ORIENTED_EDGE('',*,*,#5506,.F.);
#5561 = ORIENTED_EDGE('',*,*,#5562,.T.);
#5562 = EDGE_CURVE('',#4975,#5535,#5563,.T.);
#5563 = SURFACE_CURVE('',#5564,(#5568,#5575),.PCURVE_S1.);
#5564 = LINE('',#5565,#5566);
#5565 = CARTESIAN_POINT('',(-10.,-18.,314.60000610351));
#5566 = VECTOR('',#5567,1.);
#5567 = DIRECTION('',(-1.,0.,0.));
#5568 = PCURVE('',#5520,#5569);
#5569 = DEFINITIONAL_REPRESENTATION('',(#5570),#5574);
#5570 = LINE('',#5571,#5572);
#5571 = CARTESIAN_POINT('',(-1.150367627184,7.349632372816));
#5572 = VECTOR('',#5573,1.);
#5573 = DIRECTION('',(0.,-1.));
#5574 = ( GEOMETRIC_REPRESENTATION_CONTEXT(2) 
PARAMETRIC_REPRESENTATION_CONTEXT() REPRESENTATION_CONTEXT('2D SPACE',''
  ) );
#5575 = PCURVE('',#5016,#5576);
#5576 = DEFINITIONAL_REPRESENTATION('',(#5577),#5580);
#5577 = B_SPLINE_CURVE_WITH_KNOTS('',1,(#5578,#5579),.UNSPECIFIED.,.F.,
  .F.,(2,2),(0.,13.),.PIECEWISE_BEZIER_KNOTS.);
#5578 = CARTESIAN_POINT('',(-1.61937656688,-5.419168856614));
#5579 = CARTESIAN_POINT('',(-1.61937656688,7.580831143386));
#5580 = ( GEOMETRIC_REPRESENTATION_CONTEXT(2) 
PARAMETRIC_REPRESENTATION_CONTEXT() REPRESENTATION_CONTEXT('2D SPACE',''
  ) );
#5581 = ADVANCED_FACE('',(#5582),#5016,.T.);
#5582 = FACE_BOUND('',#5583,.T.);
#5583 = EDGE_LOOP('',(#5584,#5585,#5586));
#5584 = ORIENTED_EDGE('',*,*,#5562,.F.);
#5585 = ORIENTED_EDGE('',*,*,#5002,.F.);
#5586 = ORIENTED_EDGE('',*,*,#5587,.T.);
#5587 = EDGE_CURVE('',#4919,#5535,#5588,.T.);
#5588 = SURFACE_CURVE('',#5589,(#5593,#5600),.PCURVE_S1.);
#5589 = LINE('',#5590,#5591);
#5590 = CARTESIAN_POINT('',(-10.,-23.40041542053,314.60000610351));
#5591 = VECTOR('',#5592,1.);
#5592 = DIRECTION('',(-0.923486261565,0.38363149597,0.));
#5593 = PCURVE('',#5016,#5594);
#5594 = DEFINITIONAL_REPRESENTATION('',(#5595),#5599);
#5595 = LINE('',#5596,#5597);
#5596 = CARTESIAN_POINT('',(3.781038853652,-5.419168856614));
#5597 = VECTOR('',#5598,1.);
#5598 = DIRECTION('',(-0.38363149597,0.923486261565));
#5599 = ( GEOMETRIC_REPRESENTATION_CONTEXT(2) 
PARAMETRIC_REPRESENTATION_CONTEXT() REPRESENTATION_CONTEXT('2D SPACE',''
  ) );
#5600 = PCURVE('',#5601,#5606);
#5601 = PLANE('',#5602);
#5602 = AXIS2_PLACEMENT_3D('',#5603,#5604,#5605);
#5603 = CARTESIAN_POINT('',(-17.58083114338,-21.78103885365,
    314.60000610351));
#5604 = DIRECTION('',(6.154338710716E-30,2.132961435549E-29,-1.));
#5605 = DIRECTION('',(0.,-1.,-2.132961435549E-29));
#5606 = DEFINITIONAL_REPRESENTATION('',(#5607),#5610);
#5607 = B_SPLINE_CURVE_WITH_KNOTS('',1,(#5608,#5609),.UNSPECIFIED.,.F.,
  .F.,(2,2),(0.,14.077090846987),.PIECEWISE_BEZIER_KNOTS.);
#5608 = CARTESIAN_POINT('',(1.61937656688,-7.580831143386));
#5609 = CARTESIAN_POINT('',(-3.781038853652,5.419168856614));
#5610 = ( GEOMETRIC_REPRESENTATION_CONTEXT(2) 
PARAMETRIC_REPRESENTATION_CONTEXT() REPRESENTATION_CONTEXT('2D SPACE',''
  ) );
#5611 = ADVANCED_FACE('',(#5612),#5601,.T.);
#5612 = FACE_BOUND('',#5613,.T.);
#5613 = EDGE_LOOP('',(#5614,#5641,#5642));
#5614 = ORIENTED_EDGE('',*,*,#5615,.T.);
#5615 = EDGE_CURVE('',#5616,#5535,#5618,.T.);
#5616 = VERTEX_POINT('',#5617);
#5617 = CARTESIAN_POINT('',(-23.,-23.40041542053,314.60000610351));
#5618 = SURFACE_CURVE('',#5619,(#5623,#5630),.PCURVE_S1.);
#5619 = LINE('',#5620,#5621);
#5620 = CARTESIAN_POINT('',(-23.,-23.40041542053,314.60000610351));
#5621 = VECTOR('',#5622,1.);
#5622 = DIRECTION('',(0.,1.,0.));
#5623 = PCURVE('',#5601,#5624);
#5624 = DEFINITIONAL_REPRESENTATION('',(#5625),#5629);
#5625 = LINE('',#5626,#5627);
#5626 = CARTESIAN_POINT('',(1.61937656688,5.419168856614));
#5627 = VECTOR('',#5628,1.);
#5628 = DIRECTION('',(-1.,1.312696713126E-58));
#5629 = ( GEOMETRIC_REPRESENTATION_CONTEXT(2) 
PARAMETRIC_REPRESENTATION_CONTEXT() REPRESENTATION_CONTEXT('2D SPACE',''
  ) );
#5630 = PCURVE('',#5631,#5636);
#5631 = PLANE('',#5632);
#5632 = AXIS2_PLACEMENT_3D('',#5633,#5634,#5635);
#5633 = CARTESIAN_POINT('',(-23.,-21.52338153937,314.78077058814));
#5634 = DIRECTION('',(-1.,-0.,-0.));
#5635 = DIRECTION('',(0.,0.,-1.));
#5636 = DEFINITIONAL_REPRESENTATION('',(#5637),#5640);
#5637 = B_SPLINE_CURVE_WITH_KNOTS('',1,(#5638,#5639),.UNSPECIFIED.,.F.,
  .F.,(2,2),(0.,5.400415420532),.PIECEWISE_BEZIER_KNOTS.);
#5638 = CARTESIAN_POINT('',(0.180764484628,1.877033881161));
#5639 = CARTESIAN_POINT('',(0.180764484628,-3.523381539371));
#5640 = ( GEOMETRIC_REPRESENTATION_CONTEXT(2) 
PARAMETRIC_REPRESENTATION_CONTEXT() REPRESENTATION_CONTEXT('2D SPACE',''
  ) );
#5641 = ORIENTED_EDGE('',*,*,#5587,.F.);
#5642 = ORIENTED_EDGE('',*,*,#5643,.T.);
#5643 = EDGE_CURVE('',#4919,#5616,#5644,.T.);
#5644 = SURFACE_CURVE('',#5645,(#5649,#5656),.PCURVE_S1.);
#5645 = LINE('',#5646,#5647);
#5646 = CARTESIAN_POINT('',(-10.,-23.40041542053,314.60000610351));
#5647 = VECTOR('',#5648,1.);
#5648 = DIRECTION('',(-1.,0.,0.));
#5649 = PCURVE('',#5601,#5650);
#5650 = DEFINITIONAL_REPRESENTATION('',(#5651),#5655);
#5651 = LINE('',#5652,#5653);
#5652 = CARTESIAN_POINT('',(1.61937656688,-7.580831143386));
#5653 = VECTOR('',#5654,1.);
#5654 = DIRECTION('',(0.,1.));
#5655 = ( GEOMETRIC_REPRESENTATION_CONTEXT(2) 
PARAMETRIC_REPRESENTATION_CONTEXT() REPRESENTATION_CONTEXT('2D SPACE',''
  ) );
#5656 = PCURVE('',#5657,#5662);
#5657 = PLANE('',#5658);
#5658 = AXIS2_PLACEMENT_3D('',#5659,#5660,#5661);
#5659 = CARTESIAN_POINT('',(-16.5,-23.5090671446,314.6095077112));
#5660 = DIRECTION('',(1.145933827036E-19,-8.711764990994E-02,
    -0.996198030049));
#5661 = DIRECTION('',(1.504632769053E-36,-0.996198030049,
    8.711764990994E-02));
#5662 = DEFINITIONAL_REPRESENTATION('',(#5663),#5666);
#5663 = B_SPLINE_CURVE_WITH_KNOTS('',1,(#5664,#5665),.UNSPECIFIED.,.F.,
  .F.,(2,2),(0.,13.),.PIECEWISE_BEZIER_KNOTS.);
#5664 = CARTESIAN_POINT('',(-0.109066391219,-6.5));
#5665 = CARTESIAN_POINT('',(-0.109066391219,6.5));
#5666 = ( GEOMETRIC_REPRESENTATION_CONTEXT(2) 
PARAMETRIC_REPRESENTATION_CONTEXT() REPRESENTATION_CONTEXT('2D SPACE',''
  ) );
#5667 = ADVANCED_FACE('',(#5668),#5657,.T.);
#5668 = FACE_BOUND('',#5669,.T.);
#5669 = EDGE_LOOP('',(#5670,#5697,#5698));
#5670 = ORIENTED_EDGE('',*,*,#5671,.T.);
#5671 = EDGE_CURVE('',#5672,#5616,#5674,.T.);
#5672 = VERTEX_POINT('',#5673);
#5673 = CARTESIAN_POINT('',(-16.5,-23.83453559875,314.6379699707));
#5674 = SURFACE_CURVE('',#5675,(#5679,#5686),.PCURVE_S1.);
#5675 = LINE('',#5676,#5677);
#5676 = CARTESIAN_POINT('',(-16.5,-23.83453559875,314.6379699707));
#5677 = VECTOR('',#5678,1.);
#5678 = DIRECTION('',(-0.997760191621,6.663812803228E-02,
    -5.82751313841E-03));
#5679 = PCURVE('',#5657,#5680);
#5680 = DEFINITIONAL_REPRESENTATION('',(#5681),#5685);
#5681 = LINE('',#5682,#5683);
#5682 = CARTESIAN_POINT('',(0.326710598022,3.552713678801E-15));
#5683 = VECTOR('',#5684,1.);
#5684 = DIRECTION('',(-6.689245112137E-02,0.997760191621));
#5685 = ( GEOMETRIC_REPRESENTATION_CONTEXT(2) 
PARAMETRIC_REPRESENTATION_CONTEXT() REPRESENTATION_CONTEXT('2D SPACE',''
  ) );
#5686 = PCURVE('',#5687,#5692);
#5687 = PLANE('',#5688);
#5688 = AXIS2_PLACEMENT_3D('',#5689,#5690,#5691);
#5689 = CARTESIAN_POINT('',(-19.85529638818,-23.72237156412,
    314.62816121099));
#5690 = DIRECTION('',(6.727304534723E-19,-8.711764990994E-02,
    -0.996198030049));
#5691 = DIRECTION('',(-1.203706215242E-35,-0.996198030049,
    8.711764990994E-02));
#5692 = DEFINITIONAL_REPRESENTATION('',(#5693),#5696);
#5693 = B_SPLINE_CURVE_WITH_KNOTS('',1,(#5694,#5695),.UNSPECIFIED.,.F.,
  .F.,(2,2),(0.,6.514591436487),.PIECEWISE_BEZIER_KNOTS.);
#5694 = CARTESIAN_POINT('',(0.112592106432,-3.355296388188));
#5695 = CARTESIAN_POINT('',(-0.323184882809,3.144703611812));
#5696 = ( GEOMETRIC_REPRESENTATION_CONTEXT(2) 
PARAMETRIC_REPRESENTATION_CONTEXT() REPRESENTATION_CONTEXT('2D SPACE',''
  ) );
#5697 = ORIENTED_EDGE('',*,*,#5643,.F.);
#5698 = ORIENTED_EDGE('',*,*,#5699,.T.);
#5699 = EDGE_CURVE('',#4919,#5672,#5700,.T.);
#5700 = SURFACE_CURVE('',#5701,(#5705,#5712),.PCURVE_S1.);
#5701 = LINE('',#5702,#5703);
#5702 = CARTESIAN_POINT('',(-10.,-23.40041542053,314.60000610351));
#5703 = VECTOR('',#5704,1.);
#5704 = DIRECTION('',(-0.997760191621,-6.663812803228E-02,
    5.82751313841E-03));
#5705 = PCURVE('',#5657,#5706);
#5706 = DEFINITIONAL_REPRESENTATION('',(#5707),#5711);
#5707 = LINE('',#5708,#5709);
#5708 = CARTESIAN_POINT('',(-0.109066391219,-6.5));
#5709 = VECTOR('',#5710,1.);
#5710 = DIRECTION('',(6.689245112137E-02,0.997760191621));
#5711 = ( GEOMETRIC_REPRESENTATION_CONTEXT(2) 
PARAMETRIC_REPRESENTATION_CONTEXT() REPRESENTATION_CONTEXT('2D SPACE',''
  ) );
#5712 = PCURVE('',#5270,#5713);
#5713 = DEFINITIONAL_REPRESENTATION('',(#5714),#5717);
#5714 = B_SPLINE_CURVE_WITH_KNOTS('',1,(#5715,#5716),.UNSPECIFIED.,.F.,
  .F.,(2,2),(0.,6.514591436487),.PIECEWISE_BEZIER_KNOTS.);
#5715 = CARTESIAN_POINT('',(-0.323184882809,-3.144703611812));
#5716 = CARTESIAN_POINT('',(0.112592106432,3.355296388188));
#5717 = ( GEOMETRIC_REPRESENTATION_CONTEXT(2) 
PARAMETRIC_REPRESENTATION_CONTEXT() REPRESENTATION_CONTEXT('2D SPACE',''
  ) );
#5718 = ADVANCED_FACE('',(#5719),#5270,.T.);
#5719 = FACE_BOUND('',#5720,.T.);
#5720 = EDGE_LOOP('',(#5721,#5746,#5747));
#5721 = ORIENTED_EDGE('',*,*,#5722,.T.);
#5722 = EDGE_CURVE('',#5255,#5672,#5723,.T.);
#5723 = SURFACE_CURVE('',#5724,(#5728,#5735),.PCURVE_S1.);
#5724 = LINE('',#5725,#5726);
#5725 = CARTESIAN_POINT('',(-10.,-23.83453559875,314.6379699707));
#5726 = VECTOR('',#5727,1.);
#5727 = DIRECTION('',(-1.,0.,0.));
#5728 = PCURVE('',#5270,#5729);
#5729 = DEFINITIONAL_REPRESENTATION('',(#5730),#5734);
#5730 = LINE('',#5731,#5732);
#5731 = CARTESIAN_POINT('',(0.112592106432,-3.144703611812));
#5732 = VECTOR('',#5733,1.);
#5733 = DIRECTION('',(0.,1.));
#5734 = ( GEOMETRIC_REPRESENTATION_CONTEXT(2) 
PARAMETRIC_REPRESENTATION_CONTEXT() REPRESENTATION_CONTEXT('2D SPACE',''
  ) );
#5735 = PCURVE('',#5736,#5741);
#5736 = PLANE('',#5737);
#5737 = AXIS2_PLACEMENT_3D('',#5738,#5739,#5740);
#5738 = CARTESIAN_POINT('',(-13.3552968846,-23.94329142194,
    314.66711239965));
#5739 = DIRECTION('',(1.705387631875E-18,-0.258830596253,-0.965922731094
    ));
#5740 = DIRECTION('',(0.,-0.965922731094,0.258830596253));
#5741 = DEFINITIONAL_REPRESENTATION('',(#5742),#5745);
#5742 = B_SPLINE_CURVE_WITH_KNOTS('',1,(#5743,#5744),.UNSPECIFIED.,.F.,
  .F.,(2,2),(0.,6.5),.PIECEWISE_BEZIER_KNOTS.);
#5743 = CARTESIAN_POINT('',(-0.112592674019,-3.355296884601));
#5744 = CARTESIAN_POINT('',(-0.112592674019,3.144703115399));
#5745 = ( GEOMETRIC_REPRESENTATION_CONTEXT(2) 
PARAMETRIC_REPRESENTATION_CONTEXT() REPRESENTATION_CONTEXT('2D SPACE',''
  ) );
#5746 = ORIENTED_EDGE('',*,*,#5699,.F.);
#5747 = ORIENTED_EDGE('',*,*,#5254,.F.);
#5748 = ADVANCED_FACE('',(#5749),#5736,.T.);
#5749 = FACE_BOUND('',#5750,.T.);
#5750 = EDGE_LOOP('',(#5751,#5778,#5779));
#5751 = ORIENTED_EDGE('',*,*,#5752,.T.);
#5752 = EDGE_CURVE('',#5753,#5672,#5755,.T.);
#5753 = VERTEX_POINT('',#5754);
#5754 = CARTESIAN_POINT('',(-16.5,-24.25546455383,314.75076293945));
#5755 = SURFACE_CURVE('',#5756,(#5760,#5767),.PCURVE_S1.);
#5756 = LINE('',#5757,#5758);
#5757 = CARTESIAN_POINT('',(-16.5,-24.25546455383,314.75076293945));
#5758 = VECTOR('',#5759,1.);
#5759 = DIRECTION('',(0.,0.965922731094,-0.258830596253));
#5760 = PCURVE('',#5736,#5761);
#5761 = DEFINITIONAL_REPRESENTATION('',(#5762),#5766);
#5762 = LINE('',#5763,#5764);
#5763 = CARTESIAN_POINT('',(0.323186443221,3.144703115399));
#5764 = VECTOR('',#5765,1.);
#5765 = DIRECTION('',(-1.,-9.629649721936E-35));
#5766 = ( GEOMETRIC_REPRESENTATION_CONTEXT(2) 
PARAMETRIC_REPRESENTATION_CONTEXT() REPRESENTATION_CONTEXT('2D SPACE',''
  ) );
#5767 = PCURVE('',#5768,#5773);
#5768 = PLANE('',#5769);
#5769 = AXIS2_PLACEMENT_3D('',#5770,#5771,#5772);
#5770 = CARTESIAN_POINT('',(-19.64470311539,-24.14670873064,
    314.7216205105));
#5771 = DIRECTION('',(-1.764906469348E-18,-0.258830596253,
    -0.965922731094));
#5772 = DIRECTION('',(0.,-0.965922731094,0.258830596253));
#5773 = DEFINITIONAL_REPRESENTATION('',(#5774),#5777);
#5774 = B_SPLINE_CURVE_WITH_KNOTS('',1,(#5775,#5776),.UNSPECIFIED.,.F.,
  .F.,(2,2),(0.,0.43577911724),.PIECEWISE_BEZIER_KNOTS.);
#5775 = CARTESIAN_POINT('',(0.112592674019,-3.144703115399));
#5776 = CARTESIAN_POINT('',(-0.323186443221,-3.144703115399));
#5777 = ( GEOMETRIC_REPRESENTATION_CONTEXT(2) 
PARAMETRIC_REPRESENTATION_CONTEXT() REPRESENTATION_CONTEXT('2D SPACE',''
  ) );
#5778 = ORIENTED_EDGE('',*,*,#5722,.F.);
#5779 = ORIENTED_EDGE('',*,*,#5780,.T.);
#5780 = EDGE_CURVE('',#5255,#5753,#5781,.T.);
#5781 = SURFACE_CURVE('',#5782,(#5786,#5793),.PCURVE_S1.);
#5782 = LINE('',#5783,#5784);
#5783 = CARTESIAN_POINT('',(-10.,-23.83453559875,314.6379699707));
#5784 = VECTOR('',#5785,1.);
#5785 = DIRECTION('',(-0.997760169819,-6.46132531847E-02,
    1.73138971776E-02));
#5786 = PCURVE('',#5736,#5787);
#5787 = DEFINITIONAL_REPRESENTATION('',(#5788),#5792);
#5788 = LINE('',#5789,#5790);
#5789 = CARTESIAN_POINT('',(-0.112592674019,-3.355296884601));
#5790 = VECTOR('',#5791,1.);
#5791 = DIRECTION('',(6.689277631094E-02,0.997760169819));
#5792 = ( GEOMETRIC_REPRESENTATION_CONTEXT(2) 
PARAMETRIC_REPRESENTATION_CONTEXT() REPRESENTATION_CONTEXT('2D SPACE',''
  ) );
#5793 = PCURVE('',#5296,#5794);
#5794 = DEFINITIONAL_REPRESENTATION('',(#5795),#5798);
#5795 = B_SPLINE_CURVE_WITH_KNOTS('',1,(#5796,#5797),.UNSPECIFIED.,.F.,
  .F.,(2,2),(0.,6.514591578835),.PIECEWISE_BEZIER_KNOTS.);
#5796 = CARTESIAN_POINT('',(-0.323186443221,-3.144703115399));
#5797 = CARTESIAN_POINT('',(0.112592674019,3.355296884601));
#5798 = ( GEOMETRIC_REPRESENTATION_CONTEXT(2) 
PARAMETRIC_REPRESENTATION_CONTEXT() REPRESENTATION_CONTEXT('2D SPACE',''
  ) );
#5799 = ADVANCED_FACE('',(#5800),#5296,.T.);
#5800 = FACE_BOUND('',#5801,.T.);
#5801 = EDGE_LOOP('',(#5802,#5827,#5828));
#5802 = ORIENTED_EDGE('',*,*,#5803,.T.);
#5803 = EDGE_CURVE('',#5200,#5753,#5804,.T.);
#5804 = SURFACE_CURVE('',#5805,(#5809,#5816),.PCURVE_S1.);
#5805 = LINE('',#5806,#5807);
#5806 = CARTESIAN_POINT('',(-10.,-24.25546455383,314.75076293945));
#5807 = VECTOR('',#5808,1.);
#5808 = DIRECTION('',(-1.,0.,0.));
#5809 = PCURVE('',#5296,#5810);
#5810 = DEFINITIONAL_REPRESENTATION('',(#5811),#5815);
#5811 = LINE('',#5812,#5813);
#5812 = CARTESIAN_POINT('',(0.112592674019,-3.144703115399));
#5813 = VECTOR('',#5814,1.);
#5814 = DIRECTION('',(0.,1.));
#5815 = ( GEOMETRIC_REPRESENTATION_CONTEXT(2) 
PARAMETRIC_REPRESENTATION_CONTEXT() REPRESENTATION_CONTEXT('2D SPACE',''
  ) );
#5816 = PCURVE('',#5817,#5822);
#5817 = PLANE('',#5818);
#5818 = AXIS2_PLACEMENT_3D('',#5819,#5820,#5821);
#5819 = CARTESIAN_POINT('',(-13.35529759579,-24.35750841616,
    314.79834805809));
#5820 = DIRECTION('',(-5.359759482236E-18,-0.422627630001,
    -0.906303418486));
#5821 = DIRECTION('',(-3.851859888774E-34,-0.906303418486,0.422627630001
    ));
#5822 = DEFINITIONAL_REPRESENTATION('',(#5823),#5826);
#5823 = B_SPLINE_CURVE_WITH_KNOTS('',1,(#5824,#5825),.UNSPECIFIED.,.F.,
  .F.,(2,2),(0.,6.5),.PIECEWISE_BEZIER_KNOTS.);
#5824 = CARTESIAN_POINT('',(-0.112593487176,-3.35529759579));
#5825 = CARTESIAN_POINT('',(-0.112593487176,3.14470240421));
#5826 = ( GEOMETRIC_REPRESENTATION_CONTEXT(2) 
PARAMETRIC_REPRESENTATION_CONTEXT() REPRESENTATION_CONTEXT('2D SPACE',''
  ) );
#5827 = ORIENTED_EDGE('',*,*,#5780,.F.);
#5828 = ORIENTED_EDGE('',*,*,#5282,.F.);
#5829 = ADVANCED_FACE('',(#5830),#5817,.T.);
#5830 = FACE_BOUND('',#5831,.T.);
#5831 = EDGE_LOOP('',(#5832,#5859,#5860));
#5832 = ORIENTED_EDGE('',*,*,#5833,.T.);
#5833 = EDGE_CURVE('',#5834,#5753,#5836,.T.);
#5834 = VERTEX_POINT('',#5835);
#5835 = CARTESIAN_POINT('',(-16.5,-24.65041542053,314.93493652343));
#5836 = SURFACE_CURVE('',#5837,(#5841,#5848),.PCURVE_S1.);
#5837 = LINE('',#5838,#5839);
#5838 = CARTESIAN_POINT('',(-16.5,-24.65041542053,314.93493652343));
#5839 = VECTOR('',#5840,1.);
#5840 = DIRECTION('',(0.,0.906303418486,-0.422627630001));
#5841 = PCURVE('',#5817,#5842);
#5842 = DEFINITIONAL_REPRESENTATION('',(#5843),#5847);
#5843 = LINE('',#5844,#5845);
#5844 = CARTESIAN_POINT('',(0.323188678756,3.14470240421));
#5845 = VECTOR('',#5846,1.);
#5846 = DIRECTION('',(-1.,-3.851859888774E-34));
#5847 = ( GEOMETRIC_REPRESENTATION_CONTEXT(2) 
PARAMETRIC_REPRESENTATION_CONTEXT() REPRESENTATION_CONTEXT('2D SPACE',''
  ) );
#5848 = PCURVE('',#5849,#5854);
#5849 = PLANE('',#5850);
#5850 = AXIS2_PLACEMENT_3D('',#5851,#5852,#5853);
#5851 = CARTESIAN_POINT('',(-19.64470240421,-24.5483715582,
    314.88735140479));
#5852 = DIRECTION('',(-1.896243001685E-18,-0.422627630001,
    -0.906303418486));
#5853 = DIRECTION('',(0.,-0.906303418486,0.422627630001));
#5854 = DEFINITIONAL_REPRESENTATION('',(#5855),#5858);
#5855 = B_SPLINE_CURVE_WITH_KNOTS('',1,(#5856,#5857),.UNSPECIFIED.,.F.,
  .F.,(2,2),(0.,0.435782165932),.PIECEWISE_BEZIER_KNOTS.);
#5856 = CARTESIAN_POINT('',(0.112593487176,-3.14470240421));
#5857 = CARTESIAN_POINT('',(-0.323188678756,-3.14470240421));
#5858 = ( GEOMETRIC_REPRESENTATION_CONTEXT(2) 
PARAMETRIC_REPRESENTATION_CONTEXT() REPRESENTATION_CONTEXT('2D SPACE',''
  ) );
#5859 = ORIENTED_EDGE('',*,*,#5803,.F.);
#5860 = ORIENTED_EDGE('',*,*,#5861,.T.);
#5861 = EDGE_CURVE('',#5200,#5834,#5862,.T.);
#5862 = SURFACE_CURVE('',#5863,(#5867,#5874),.PCURVE_S1.);
#5863 = LINE('',#5864,#5865);
#5864 = CARTESIAN_POINT('',(-10.,-24.25546455383,314.75076293945));
#5865 = VECTOR('',#5866,1.);
#5866 = DIRECTION('',(-0.997760138585,-6.062557407569E-02,
    2.827093241229E-02));
#5867 = PCURVE('',#5817,#5868);
#5868 = DEFINITIONAL_REPRESENTATION('',(#5869),#5873);
#5869 = LINE('',#5870,#5871);
#5870 = CARTESIAN_POINT('',(-0.112593487176,-3.35529759579));
#5871 = VECTOR('',#5872,1.);
#5872 = DIRECTION('',(6.689324219581E-02,0.997760138585));
#5873 = ( GEOMETRIC_REPRESENTATION_CONTEXT(2) 
PARAMETRIC_REPRESENTATION_CONTEXT() REPRESENTATION_CONTEXT('2D SPACE',''
  ) );
#5874 = PCURVE('',#5215,#5875);
#5875 = DEFINITIONAL_REPRESENTATION('',(#5876),#5879);
#5876 = B_SPLINE_CURVE_WITH_KNOTS('',1,(#5877,#5878),.UNSPECIFIED.,.F.,
  .F.,(2,2),(0.,6.514591782771),.PIECEWISE_BEZIER_KNOTS.);
#5877 = CARTESIAN_POINT('',(-0.323188678756,-3.14470240421));
#5878 = CARTESIAN_POINT('',(0.112593487176,3.35529759579));
#5879 = ( GEOMETRIC_REPRESENTATION_CONTEXT(2) 
PARAMETRIC_REPRESENTATION_CONTEXT() REPRESENTATION_CONTEXT('2D SPACE',''
  ) );
#5880 = ADVANCED_FACE('',(#5881),#5215,.T.);
#5881 = FACE_BOUND('',#5882,.T.);
#5882 = EDGE_LOOP('',(#5883,#5908,#5909));
#5883 = ORIENTED_EDGE('',*,*,#5884,.T.);
#5884 = EDGE_CURVE('',#5143,#5834,#5885,.T.);
#5885 = SURFACE_CURVE('',#5886,(#5890,#5897),.PCURVE_S1.);
#5886 = LINE('',#5887,#5888);
#5887 = CARTESIAN_POINT('',(-10.,-24.65041542053,314.93493652343));
#5888 = VECTOR('',#5889,1.);
#5889 = DIRECTION('',(-1.,0.,0.));
#5890 = PCURVE('',#5215,#5891);
#5891 = DEFINITIONAL_REPRESENTATION('',(#5892),#5896);
#5892 = LINE('',#5893,#5894);
#5893 = CARTESIAN_POINT('',(0.112593487176,-3.14470240421));
#5894 = VECTOR('',#5895,1.);
#5895 = DIRECTION('',(0.,1.));
#5896 = ( GEOMETRIC_REPRESENTATION_CONTEXT(2) 
PARAMETRIC_REPRESENTATION_CONTEXT() REPRESENTATION_CONTEXT('2D SPACE',''
  ) );
#5897 = PCURVE('',#5898,#5903);
#5898 = PLANE('',#5899);
#5899 = AXIS2_PLACEMENT_3D('',#5900,#5901,#5902);
#5900 = CARTESIAN_POINT('',(-13.35529478277,-24.74264550884,
    314.99951345351));
#5901 = DIRECTION('',(9.926738031186E-18,-0.573556929893,-0.819165702512
    ));
#5902 = DIRECTION('',(-7.703719777549E-34,-0.819165702512,0.573556929893
    ));
#5903 = DEFINITIONAL_REPRESENTATION('',(#5904),#5907);
#5904 = B_SPLINE_CURVE_WITH_KNOTS('',1,(#5905,#5906),.UNSPECIFIED.,.F.,
  .F.,(2,2),(0.,6.5),.PIECEWISE_BEZIER_KNOTS.);
#5905 = CARTESIAN_POINT('',(-0.112590270842,-3.355294782774));
#5906 = CARTESIAN_POINT('',(-0.112590270842,3.144705217226));
#5907 = ( GEOMETRIC_REPRESENTATION_CONTEXT(2) 
PARAMETRIC_REPRESENTATION_CONTEXT() REPRESENTATION_CONTEXT('2D SPACE',''
  ) );
#5908 = ORIENTED_EDGE('',*,*,#5861,.F.);
#5909 = ORIENTED_EDGE('',*,*,#5199,.F.);
#5910 = ADVANCED_FACE('',(#5911),#5898,.T.);
#5911 = FACE_BOUND('',#5912,.T.);
#5912 = EDGE_LOOP('',(#5913,#5940,#5941));
#5913 = ORIENTED_EDGE('',*,*,#5914,.T.);
#5914 = EDGE_CURVE('',#5915,#5834,#5917,.T.);
#5915 = VERTEX_POINT('',#5916);
#5916 = CARTESIAN_POINT('',(-16.5,-25.00738334655,315.18487548828));
#5917 = SURFACE_CURVE('',#5918,(#5922,#5929),.PCURVE_S1.);
#5918 = LINE('',#5919,#5920);
#5919 = CARTESIAN_POINT('',(-16.5,-25.00738334655,315.18487548828));
#5920 = VECTOR('',#5921,1.);
#5921 = DIRECTION('',(0.,0.819165702512,-0.573556929893));
#5922 = PCURVE('',#5898,#5923);
#5923 = DEFINITIONAL_REPRESENTATION('',(#5924),#5928);
#5924 = LINE('',#5925,#5926);
#5925 = CARTESIAN_POINT('',(0.323179836391,3.144705217226));
#5926 = VECTOR('',#5927,1.);
#5927 = DIRECTION('',(-1.,1.54074395551E-33));
#5928 = ( GEOMETRIC_REPRESENTATION_CONTEXT(2) 
PARAMETRIC_REPRESENTATION_CONTEXT() REPRESENTATION_CONTEXT('2D SPACE',''
  ) );
#5929 = PCURVE('',#5930,#5935);
#5930 = PLANE('',#5931);
#5931 = AXIS2_PLACEMENT_3D('',#5932,#5933,#5934);
#5932 = CARTESIAN_POINT('',(-19.64470521722,-24.91515325824,
    315.1202985582));
#5933 = DIRECTION('',(9.928432924261E-18,-0.573556929893,-0.819165702512
    ));
#5934 = DIRECTION('',(-7.703719777549E-34,-0.819165702512,0.573556929893
    ));
#5935 = DEFINITIONAL_REPRESENTATION('',(#5936),#5939);
#5936 = B_SPLINE_CURVE_WITH_KNOTS('',1,(#5937,#5938),.UNSPECIFIED.,.F.,
  .F.,(2,2),(0.,0.435770107233),.PIECEWISE_BEZIER_KNOTS.);
#5937 = CARTESIAN_POINT('',(0.112590270842,-3.144705217226));
#5938 = CARTESIAN_POINT('',(-0.323179836391,-3.144705217226));
#5939 = ( GEOMETRIC_REPRESENTATION_CONTEXT(2) 
PARAMETRIC_REPRESENTATION_CONTEXT() REPRESENTATION_CONTEXT('2D SPACE',''
  ) );
#5940 = ORIENTED_EDGE('',*,*,#5884,.F.);
#5941 = ORIENTED_EDGE('',*,*,#5942,.T.);
#5942 = EDGE_CURVE('',#5143,#5915,#5943,.T.);
#5943 = SURFACE_CURVE('',#5944,(#5948,#5955),.PCURVE_S1.);
#5944 = LINE('',#5945,#5946);
#5945 = CARTESIAN_POINT('',(-10.,-24.65041542053,314.93493652343));
#5946 = VECTOR('',#5947,1.);
#5947 = DIRECTION('',(-0.997760262127,-5.479514022185E-02,
    3.836602570435E-02));
#5948 = PCURVE('',#5898,#5949);
#5949 = DEFINITIONAL_REPRESENTATION('',(#5950),#5954);
#5950 = LINE('',#5951,#5952);
#5951 = CARTESIAN_POINT('',(-0.112590270842,-3.355294782774));
#5952 = VECTOR('',#5953,1.);
#5953 = DIRECTION('',(6.689139944925E-02,0.997760262127));
#5954 = ( GEOMETRIC_REPRESENTATION_CONTEXT(2) 
PARAMETRIC_REPRESENTATION_CONTEXT() REPRESENTATION_CONTEXT('2D SPACE',''
  ) );
#5955 = PCURVE('',#5184,#5956);
#5956 = DEFINITIONAL_REPRESENTATION('',(#5957),#5960);
#5957 = B_SPLINE_CURVE_WITH_KNOTS('',1,(#5958,#5959),.UNSPECIFIED.,.F.,
  .F.,(2,2),(0.,6.514590976136),.PIECEWISE_BEZIER_KNOTS.);
#5958 = CARTESIAN_POINT('',(-0.323179836391,-3.144705217226));
#5959 = CARTESIAN_POINT('',(0.112590270842,3.355294782774));
#5960 = ( GEOMETRIC_REPRESENTATION_CONTEXT(2) 
PARAMETRIC_REPRESENTATION_CONTEXT() REPRESENTATION_CONTEXT('2D SPACE',''
  ) );
#5961 = ADVANCED_FACE('',(#5962),#5184,.T.);
#5962 = FACE_BOUND('',#5963,.T.);
#5963 = EDGE_LOOP('',(#5964,#5989,#5990));
#5964 = ORIENTED_EDGE('',*,*,#5965,.T.);
#5965 = EDGE_CURVE('',#5087,#5915,#5966,.T.);
#5966 = SURFACE_CURVE('',#5967,(#5971,#5978),.PCURVE_S1.);
#5967 = LINE('',#5968,#5969);
#5968 = CARTESIAN_POINT('',(-10.,-25.00738334655,315.18487548828));
#5969 = VECTOR('',#5970,1.);
#5970 = DIRECTION('',(-1.,0.,0.));
#5971 = PCURVE('',#5184,#5972);
#5972 = DEFINITIONAL_REPRESENTATION('',(#5973),#5977);
#5973 = LINE('',#5974,#5975);
#5974 = CARTESIAN_POINT('',(0.112590270842,-3.144705217226));
#5975 = VECTOR('',#5976,1.);
#5976 = DIRECTION('',(0.,1.));
#5977 = ( GEOMETRIC_REPRESENTATION_CONTEXT(2) 
PARAMETRIC_REPRESENTATION_CONTEXT() REPRESENTATION_CONTEXT('2D SPACE',''
  ) );
#5978 = PCURVE('',#5979,#5984);
#5979 = PLANE('',#5980);
#5980 = AXIS2_PLACEMENT_3D('',#5981,#5982,#5983);
#5981 = CARTESIAN_POINT('',(-13.35529603745,-25.08699869056,
    315.26448886107));
#5982 = DIRECTION('',(2.688341223195E-18,-0.707098027319,-0.707115534946
    ));
#5983 = DIRECTION('',(0.,-0.707115534946,0.707098027319));
#5984 = DEFINITIONAL_REPRESENTATION('',(#5985),#5988);
#5985 = B_SPLINE_CURVE_WITH_KNOTS('',1,(#5986,#5987),.UNSPECIFIED.,.F.,
  .F.,(2,2),(0.,6.5),.PIECEWISE_BEZIER_KNOTS.);
#5986 = CARTESIAN_POINT('',(-0.112591705416,-3.355296037459));
#5987 = CARTESIAN_POINT('',(-0.112591705416,3.144703962541));
#5988 = ( GEOMETRIC_REPRESENTATION_CONTEXT(2) 
PARAMETRIC_REPRESENTATION_CONTEXT() REPRESENTATION_CONTEXT('2D SPACE',''
  ) );
#5989 = ORIENTED_EDGE('',*,*,#5942,.F.);
#5990 = ORIENTED_EDGE('',*,*,#5170,.F.);
#5991 = ADVANCED_FACE('',(#5992),#5979,.T.);
#5992 = FACE_BOUND('',#5993,.T.);
#5993 = EDGE_LOOP('',(#5994,#6021,#6022));
#5994 = ORIENTED_EDGE('',*,*,#5995,.T.);
#5995 = EDGE_CURVE('',#5996,#5915,#5998,.T.);
#5996 = VERTEX_POINT('',#5997);
#5997 = CARTESIAN_POINT('',(-16.5,-25.31552696228,315.4930114746));
#5998 = SURFACE_CURVE('',#5999,(#6003,#6010),.PCURVE_S1.);
#5999 = LINE('',#6000,#6001);
#6000 = CARTESIAN_POINT('',(-16.5,-25.31552696228,315.4930114746));
#6001 = VECTOR('',#6002,1.);
#6002 = DIRECTION('',(0.,0.707115534946,-0.707098027319));
#6003 = PCURVE('',#5979,#6004);
#6004 = DEFINITIONAL_REPRESENTATION('',(#6005),#6009);
#6005 = LINE('',#6006,#6007);
#6006 = CARTESIAN_POINT('',(0.323183780334,3.144703962541));
#6007 = VECTOR('',#6008,1.);
#6008 = DIRECTION('',(-1.,0.));
#6009 = ( GEOMETRIC_REPRESENTATION_CONTEXT(2) 
PARAMETRIC_REPRESENTATION_CONTEXT() REPRESENTATION_CONTEXT('2D SPACE',''
  ) );
#6010 = PCURVE('',#6011,#6016);
#6011 = PLANE('',#6012);
#6012 = AXIS2_PLACEMENT_3D('',#6013,#6014,#6015);
#6013 = CARTESIAN_POINT('',(-19.64470396254,-25.23591161827,
    315.41339810181));
#6014 = DIRECTION('',(2.678169383202E-18,-0.707098027319,-0.707115534946
    ));
#6015 = DIRECTION('',(0.,-0.707115534946,0.707098027319));
#6016 = DEFINITIONAL_REPRESENTATION('',(#6017),#6020);
#6017 = B_SPLINE_CURVE_WITH_KNOTS('',1,(#6018,#6019),.UNSPECIFIED.,.F.,
  .F.,(2,2),(0.,0.43577548575),.PIECEWISE_BEZIER_KNOTS.);
#6018 = CARTESIAN_POINT('',(0.112591705416,-3.144703962541));
#6019 = CARTESIAN_POINT('',(-0.323183780334,-3.144703962541));
#6020 = ( GEOMETRIC_REPRESENTATION_CONTEXT(2) 
PARAMETRIC_REPRESENTATION_CONTEXT() REPRESENTATION_CONTEXT('2D SPACE',''
  ) );
#6021 = ORIENTED_EDGE('',*,*,#5965,.F.);
#6022 = ORIENTED_EDGE('',*,*,#6023,.T.);
#6023 = EDGE_CURVE('',#5087,#5996,#6024,.T.);
#6024 = SURFACE_CURVE('',#6025,(#6029,#6036),.PCURVE_S1.);
#6025 = LINE('',#6026,#6027);
#6026 = CARTESIAN_POINT('',(-10.,-25.00738334655,315.18487548828));
#6027 = VECTOR('',#6028,1.);
#6028 = DIRECTION('',(-0.997760207024,-4.730052889486E-02,
    4.729935777082E-02));
#6029 = PCURVE('',#5979,#6030);
#6030 = DEFINITIONAL_REPRESENTATION('',(#6031),#6035);
#6031 = LINE('',#6032,#6033);
#6032 = CARTESIAN_POINT('',(-0.112591705416,-3.355296037459));
#6033 = VECTOR('',#6034,1.);
#6034 = DIRECTION('',(6.689222136591E-02,0.997760207024));
#6035 = ( GEOMETRIC_REPRESENTATION_CONTEXT(2) 
PARAMETRIC_REPRESENTATION_CONTEXT() REPRESENTATION_CONTEXT('2D SPACE',''
  ) );
#6036 = PCURVE('',#5128,#6037);
#6037 = DEFINITIONAL_REPRESENTATION('',(#6038),#6041);
#6038 = B_SPLINE_CURVE_WITH_KNOTS('',1,(#6039,#6040),.UNSPECIFIED.,.F.,
  .F.,(2,2),(0.,6.514591335915),.PIECEWISE_BEZIER_KNOTS.);
#6039 = CARTESIAN_POINT('',(-0.323183780334,-3.144703962541));
#6040 = CARTESIAN_POINT('',(0.112591705416,3.355296037459));
#6041 = ( GEOMETRIC_REPRESENTATION_CONTEXT(2) 
PARAMETRIC_REPRESENTATION_CONTEXT() REPRESENTATION_CONTEXT('2D SPACE',''
  ) );
#6042 = ADVANCED_FACE('',(#6043),#5128,.T.);
#6043 = FACE_BOUND('',#6044,.T.);
#6044 = EDGE_LOOP('',(#6045,#6070,#6071));
#6045 = ORIENTED_EDGE('',*,*,#6046,.T.);
#6046 = EDGE_CURVE('',#5032,#5996,#6047,.T.);
#6047 = SURFACE_CURVE('',#6048,(#6052,#6059),.PCURVE_S1.);
#6048 = LINE('',#6049,#6050);
#6049 = CARTESIAN_POINT('',(-10.,-25.31552696228,315.4930114746));
#6050 = VECTOR('',#6051,1.);
#6051 = DIRECTION('',(-1.,0.,0.));
#6052 = PCURVE('',#5128,#6053);
#6053 = DEFINITIONAL_REPRESENTATION('',(#6054),#6058);
#6054 = LINE('',#6055,#6056);
#6055 = CARTESIAN_POINT('',(0.112591705416,-3.144703962541));
#6056 = VECTOR('',#6057,1.);
#6057 = DIRECTION('',(0.,1.));
#6058 = ( GEOMETRIC_REPRESENTATION_CONTEXT(2) 
PARAMETRIC_REPRESENTATION_CONTEXT() REPRESENTATION_CONTEXT('2D SPACE',''
  ) );
#6059 = PCURVE('',#6060,#6065);
#6060 = PLANE('',#6061);
#6061 = AXIS2_PLACEMENT_3D('',#6062,#6063,#6064);
#6062 = CARTESIAN_POINT('',(-13.35530167187,-25.38010748345,
    315.58524866422));
#6063 = DIRECTION('',(4.274425458243E-18,-0.81917146513,-0.573548699516)
  );
#6064 = DIRECTION('',(0.,0.573548699516,-0.81917146513));
#6065 = DEFINITIONAL_REPRESENTATION('',(#6066),#6069);
#6066 = B_SPLINE_CURVE_WITH_KNOTS('',1,(#6067,#6068),.UNSPECIFIED.,.F.,
  .F.,(2,2),(0.,6.5),.PIECEWISE_BEZIER_KNOTS.);
#6067 = CARTESIAN_POINT('',(0.112598147696,3.355301671879));
#6068 = CARTESIAN_POINT('',(0.112598147696,-3.144698328121));
#6069 = ( GEOMETRIC_REPRESENTATION_CONTEXT(2) 
PARAMETRIC_REPRESENTATION_CONTEXT() REPRESENTATION_CONTEXT('2D SPACE',''
  ) );
#6070 = ORIENTED_EDGE('',*,*,#6023,.F.);
#6071 = ORIENTED_EDGE('',*,*,#5114,.F.);
#6072 = ADVANCED_FACE('',(#6073),#6060,.T.);
#6073 = FACE_BOUND('',#6074,.T.);
#6074 = EDGE_LOOP('',(#6075,#6102,#6103));
#6075 = ORIENTED_EDGE('',*,*,#6076,.T.);
#6076 = EDGE_CURVE('',#6077,#5996,#6079,.T.);
#6077 = VERTEX_POINT('',#6078);
#6078 = CARTESIAN_POINT('',(-16.5,-25.56547927856,315.85000610351));
#6079 = SURFACE_CURVE('',#6080,(#6084,#6091),.PCURVE_S1.);
#6080 = LINE('',#6081,#6082);
#6081 = CARTESIAN_POINT('',(-16.5,-25.56547927856,315.85000610351));
#6082 = VECTOR('',#6083,1.);
#6083 = DIRECTION('',(0.,0.573548699516,-0.81917146513));
#6084 = PCURVE('',#6060,#6085);
#6085 = DEFINITIONAL_REPRESENTATION('',(#6086),#6090);
#6086 = LINE('',#6087,#6088);
#6087 = CARTESIAN_POINT('',(-0.323201491454,-3.144698328121));
#6088 = VECTOR('',#6089,1.);
#6089 = DIRECTION('',(1.,7.703719777549E-34));
#6090 = ( GEOMETRIC_REPRESENTATION_CONTEXT(2) 
PARAMETRIC_REPRESENTATION_CONTEXT() REPRESENTATION_CONTEXT('2D SPACE',''
  ) );
#6091 = PCURVE('',#6092,#6097);
#6092 = PLANE('',#6093);
#6093 = AXIS2_PLACEMENT_3D('',#6094,#6095,#6096);
#6094 = CARTESIAN_POINT('',(-19.64469832812,-25.50089875738,
    315.75776891389));
#6095 = DIRECTION('',(8.049776791083E-19,-0.81917146513,-0.573548699516)
  );
#6096 = DIRECTION('',(0.,0.573548699516,-0.81917146513));
#6097 = DEFINITIONAL_REPRESENTATION('',(#6098),#6101);
#6098 = B_SPLINE_CURVE_WITH_KNOTS('',1,(#6099,#6100),.UNSPECIFIED.,.F.,
  .F.,(2,2),(0.,0.435799639151),.PIECEWISE_BEZIER_KNOTS.);
#6099 = CARTESIAN_POINT('',(-0.112598147696,3.144698328121));
#6100 = CARTESIAN_POINT('',(0.323201491454,3.144698328121));
#6101 = ( GEOMETRIC_REPRESENTATION_CONTEXT(2) 
PARAMETRIC_REPRESENTATION_CONTEXT() REPRESENTATION_CONTEXT('2D SPACE',''
  ) );
#6102 = ORIENTED_EDGE('',*,*,#6046,.F.);
#6103 = ORIENTED_EDGE('',*,*,#6104,.T.);
#6104 = EDGE_CURVE('',#5032,#6077,#6105,.T.);
#6105 = SURFACE_CURVE('',#6106,(#6110,#6117),.PCURVE_S1.);
#6106 = LINE('',#6107,#6108);
#6107 = CARTESIAN_POINT('',(-10.,-25.31552696228,315.4930114746));
#6108 = VECTOR('',#6109,1.);
#6109 = DIRECTION('',(-0.997759959564,-3.836806353672E-02,
    5.479922253879E-02));
#6110 = PCURVE('',#6060,#6111);
#6111 = DEFINITIONAL_REPRESENTATION('',(#6112),#6116);
#6112 = LINE('',#6113,#6114);
#6113 = CARTESIAN_POINT('',(0.112598147696,3.355301671879));
#6114 = VECTOR('',#6115,1.);
#6115 = DIRECTION('',(-6.689591235953E-02,-0.997759959564));
#6116 = ( GEOMETRIC_REPRESENTATION_CONTEXT(2) 
PARAMETRIC_REPRESENTATION_CONTEXT() REPRESENTATION_CONTEXT('2D SPACE',''
  ) );
#6117 = PCURVE('',#5047,#6118);
#6118 = DEFINITIONAL_REPRESENTATION('',(#6119),#6122);
#6119 = B_SPLINE_CURVE_WITH_KNOTS('',1,(#6120,#6121),.UNSPECIFIED.,.F.,
  .F.,(2,2),(0.,6.514592951634),.PIECEWISE_BEZIER_KNOTS.);
#6120 = CARTESIAN_POINT('',(0.323201491454,3.144698328121));
#6121 = CARTESIAN_POINT('',(-0.112598147696,-3.355301671879));
#6122 = ( GEOMETRIC_REPRESENTATION_CONTEXT(2) 
PARAMETRIC_REPRESENTATION_CONTEXT() REPRESENTATION_CONTEXT('2D SPACE',''
  ) );
#6123 = ADVANCED_FACE('',(#6124),#5047,.T.);
#6124 = FACE_BOUND('',#6125,.T.);
#6125 = EDGE_LOOP('',(#6126,#6151,#6152));
#6126 = ORIENTED_EDGE('',*,*,#6127,.T.);
#6127 = EDGE_CURVE('',#4864,#6077,#6128,.T.);
#6128 = SURFACE_CURVE('',#6129,(#6133,#6140),.PCURVE_S1.);
#6129 = LINE('',#6130,#6131);
#6130 = CARTESIAN_POINT('',(-10.,-25.56547927856,315.85000610351));
#6131 = VECTOR('',#6132,1.);
#6132 = DIRECTION('',(-1.,0.,0.));
#6133 = PCURVE('',#5047,#6134);
#6134 = DEFINITIONAL_REPRESENTATION('',(#6135),#6139);
#6135 = LINE('',#6136,#6137);
#6136 = CARTESIAN_POINT('',(-0.112598147696,3.144698328121));
#6137 = VECTOR('',#6138,1.);
#6138 = DIRECTION('',(0.,-1.));
#6139 = ( GEOMETRIC_REPRESENTATION_CONTEXT(2) 
PARAMETRIC_REPRESENTATION_CONTEXT() REPRESENTATION_CONTEXT('2D SPACE',''
  ) );
#6140 = PCURVE('',#6141,#6146);
#6141 = PLANE('',#6142);
#6142 = AXIS2_PLACEMENT_3D('',#6143,#6144,#6145);
#6143 = CARTESIAN_POINT('',(-13.35529219264,-25.61306283703,
    315.95204387688));
#6144 = DIRECTION('',(-5.317094603542E-20,-0.906299066391,
    -0.422636962723));
#6145 = DIRECTION('',(0.,0.422636962723,-0.906299066391));
#6146 = DEFINITIONAL_REPRESENTATION('',(#6147),#6150);
#6147 = B_SPLINE_CURVE_WITH_KNOTS('',1,(#6148,#6149),.UNSPECIFIED.,.F.,
  .F.,(2,2),(0.,6.5),.PIECEWISE_BEZIER_KNOTS.);
#6148 = CARTESIAN_POINT('',(0.112587309364,3.355292192646));
#6149 = CARTESIAN_POINT('',(0.112587309364,-3.144707807354));
#6150 = ( GEOMETRIC_REPRESENTATION_CONTEXT(2) 
PARAMETRIC_REPRESENTATION_CONTEXT() REPRESENTATION_CONTEXT('2D SPACE',''
  ) );
#6151 = ORIENTED_EDGE('',*,*,#6104,.F.);
#6152 = ORIENTED_EDGE('',*,*,#5031,.F.);
#6153 = ADVANCED_FACE('',(#6154),#6141,.T.);
#6154 = FACE_BOUND('',#6155,.T.);
#6155 = EDGE_LOOP('',(#6156,#6183,#6184));
#6156 = ORIENTED_EDGE('',*,*,#6157,.T.);
#6157 = EDGE_CURVE('',#6158,#6077,#6160,.T.);
#6158 = VERTEX_POINT('',#6159);
#6159 = CARTESIAN_POINT('',(-16.5,-25.7496471405,316.24493408203));
#6160 = SURFACE_CURVE('',#6161,(#6165,#6172),.PCURVE_S1.);
#6161 = LINE('',#6162,#6163);
#6162 = CARTESIAN_POINT('',(-16.5,-25.7496471405,316.24493408203));
#6163 = VECTOR('',#6164,1.);
#6164 = DIRECTION('',(0.,0.422636962723,-0.906299066391));
#6165 = PCURVE('',#6141,#6166);
#6166 = DEFINITIONAL_REPRESENTATION('',(#6167),#6171);
#6167 = LINE('',#6168,#6169);
#6168 = CARTESIAN_POINT('',(-0.323171694657,-3.144707807354));
#6169 = VECTOR('',#6170,1.);
#6170 = DIRECTION('',(1.,6.01853107621E-36));
#6171 = ( GEOMETRIC_REPRESENTATION_CONTEXT(2) 
PARAMETRIC_REPRESENTATION_CONTEXT() REPRESENTATION_CONTEXT('2D SPACE',''
  ) );
#6172 = PCURVE('',#6173,#6178);
#6173 = PLANE('',#6174);
#6174 = AXIS2_PLACEMENT_3D('',#6175,#6176,#6177);
#6175 = CARTESIAN_POINT('',(-19.64470780735,-25.70206358203,
    316.14289630866));
#6176 = DIRECTION('',(-5.317094603542E-20,-0.906299066391,
    -0.422636962723));
#6177 = DIRECTION('',(0.,0.422636962723,-0.906299066391));
#6178 = DEFINITIONAL_REPRESENTATION('',(#6179),#6182);
#6179 = B_SPLINE_CURVE_WITH_KNOTS('',1,(#6180,#6181),.UNSPECIFIED.,.F.,
  .F.,(2,2),(0.,0.435759004021),.PIECEWISE_BEZIER_KNOTS.);
#6180 = CARTESIAN_POINT('',(-0.112587309364,3.144707807354));
#6181 = CARTESIAN_POINT('',(0.323171694657,3.144707807354));
#6182 = ( GEOMETRIC_REPRESENTATION_CONTEXT(2) 
PARAMETRIC_REPRESENTATION_CONTEXT() REPRESENTATION_CONTEXT('2D SPACE',''
  ) );
#6183 = ORIENTED_EDGE('',*,*,#6127,.F.);
#6184 = ORIENTED_EDGE('',*,*,#6185,.T.);
#6185 = EDGE_CURVE('',#4864,#6158,#6186,.T.);
#6186 = SURFACE_CURVE('',#6187,(#6191,#6198),.PCURVE_S1.);
#6187 = LINE('',#6188,#6189);
#6188 = CARTESIAN_POINT('',(-10.,-25.56547927856,315.85000610351));
#6189 = VECTOR('',#6190,1.);
#6190 = DIRECTION('',(-0.997760375877,-2.827006079265E-02,
    6.062207512126E-02));
#6191 = PCURVE('',#6141,#6192);
#6192 = DEFINITIONAL_REPRESENTATION('',(#6193),#6197);
#6193 = LINE('',#6194,#6195);
#6194 = CARTESIAN_POINT('',(0.112587309364,3.355292192646));
#6195 = VECTOR('',#6196,1.);
#6196 = DIRECTION('',(-6.688970271446E-02,-0.997760375877));
#6197 = ( GEOMETRIC_REPRESENTATION_CONTEXT(2) 
PARAMETRIC_REPRESENTATION_CONTEXT() REPRESENTATION_CONTEXT('2D SPACE',''
  ) );
#6198 = PCURVE('',#4879,#6199);
#6199 = DEFINITIONAL_REPRESENTATION('',(#6200),#6203);
#6200 = B_SPLINE_CURVE_WITH_KNOTS('',1,(#6201,#6202),.UNSPECIFIED.,.F.,
  .F.,(2,2),(0.,6.514590233436),.PIECEWISE_BEZIER_KNOTS.);
#6201 = CARTESIAN_POINT('',(0.323171694657,3.144707807354));
#6202 = CARTESIAN_POINT('',(-0.112587309364,-3.355292192646));
#6203 = ( GEOMETRIC_REPRESENTATION_CONTEXT(2) 
PARAMETRIC_REPRESENTATION_CONTEXT() REPRESENTATION_CONTEXT('2D SPACE',''
  ) );
#6204 = ADVANCED_FACE('',(#6205),#4879,.T.);
#6205 = FACE_BOUND('',#6206,.T.);
#6206 = EDGE_LOOP('',(#6207,#6232,#6233));
#6207 = ORIENTED_EDGE('',*,*,#6208,.T.);
#6208 = EDGE_CURVE('',#4807,#6158,#6209,.T.);
#6209 = SURFACE_CURVE('',#6210,(#6214,#6221),.PCURVE_S1.);
#6210 = LINE('',#6211,#6212);
#6211 = CARTESIAN_POINT('',(-10.,-25.7496471405,316.24493408203));
#6212 = VECTOR('',#6213,1.);
#6213 = DIRECTION('',(-1.,0.,0.));
#6214 = PCURVE('',#4879,#6215);
#6215 = DEFINITIONAL_REPRESENTATION('',(#6216),#6220);
#6216 = LINE('',#6217,#6218);
#6217 = CARTESIAN_POINT('',(-0.112587309364,3.144707807354));
#6218 = VECTOR('',#6219,1.);
#6219 = DIRECTION('',(0.,-1.));
#6220 = ( GEOMETRIC_REPRESENTATION_CONTEXT(2) 
PARAMETRIC_REPRESENTATION_CONTEXT() REPRESENTATION_CONTEXT('2D SPACE',''
  ) );
#6221 = PCURVE('',#6222,#6227);
#6222 = PLANE('',#6223);
#6223 = AXIS2_PLACEMENT_3D('',#6224,#6225,#6226);
#6224 = CARTESIAN_POINT('',(-13.35529653911,-25.77878808784,
    316.35368989327));
#6225 = DIRECTION('',(6.087236890073E-19,-0.965926013816,-0.258818345243
    ));
#6226 = DIRECTION('',(2.407412430484E-35,0.258818345243,-0.965926013816)
  );
#6227 = DEFINITIONAL_REPRESENTATION('',(#6228),#6231);
#6228 = B_SPLINE_CURVE_WITH_KNOTS('',1,(#6229,#6230),.UNSPECIFIED.,.F.,
  .F.,(2,2),(0.,6.5),.PIECEWISE_BEZIER_KNOTS.);
#6229 = CARTESIAN_POINT('',(0.112592279,3.355296539117));
#6230 = CARTESIAN_POINT('',(0.112592279,-3.144703460883));
#6231 = ( GEOMETRIC_REPRESENTATION_CONTEXT(2) 
PARAMETRIC_REPRESENTATION_CONTEXT() REPRESENTATION_CONTEXT('2D SPACE',''
  ) );
#6232 = ORIENTED_EDGE('',*,*,#6185,.F.);
#6233 = ORIENTED_EDGE('',*,*,#4863,.F.);
#6234 = ADVANCED_FACE('',(#6235),#6222,.T.);
#6235 = FACE_BOUND('',#6236,.T.);
#6236 = EDGE_LOOP('',(#6237,#6264,#6265));
#6237 = ORIENTED_EDGE('',*,*,#6238,.T.);
#6238 = EDGE_CURVE('',#6239,#6158,#6241,.T.);
#6239 = VERTEX_POINT('',#6240);
#6240 = CARTESIAN_POINT('',(-16.5,-25.8624343872,316.6658630371));
#6241 = SURFACE_CURVE('',#6242,(#6246,#6253),.PCURVE_S1.);
#6242 = LINE('',#6243,#6244);
#6243 = CARTESIAN_POINT('',(-16.5,-25.8624343872,316.6658630371));
#6244 = VECTOR('',#6245,1.);
#6245 = DIRECTION('',(0.,0.258818345243,-0.965926013816));
#6246 = PCURVE('',#6222,#6247);
#6247 = DEFINITIONAL_REPRESENTATION('',(#6248),#6252);
#6248 = LINE('',#6249,#6250);
#6249 = CARTESIAN_POINT('',(-0.323185357234,-3.144703460883));
#6250 = VECTOR('',#6251,1.);
#6251 = DIRECTION('',(1.,-4.814824860968E-35));
#6252 = ( GEOMETRIC_REPRESENTATION_CONTEXT(2) 
PARAMETRIC_REPRESENTATION_CONTEXT() REPRESENTATION_CONTEXT('2D SPACE',''
  ) );
#6253 = PCURVE('',#6254,#6259);
#6254 = PLANE('',#6255);
#6255 = AXIS2_PLACEMENT_3D('',#6256,#6257,#6258);
#6256 = CARTESIAN_POINT('',(-19.64470346088,-25.83329343986,
    316.55710722586));
#6257 = DIRECTION('',(-1.126001854922E-18,-0.965926013816,
    -0.258818345243));
#6258 = DIRECTION('',(0.,0.258818345243,-0.965926013816));
#6259 = DEFINITIONAL_REPRESENTATION('',(#6260),#6263);
#6260 = B_SPLINE_CURVE_WITH_KNOTS('',1,(#6261,#6262),.UNSPECIFIED.,.F.,
  .F.,(2,2),(0.,0.435777636235),.PIECEWISE_BEZIER_KNOTS.);
#6261 = CARTESIAN_POINT('',(-0.112592279,3.144703460883));
#6262 = CARTESIAN_POINT('',(0.323185357234,3.144703460883));
#6263 = ( GEOMETRIC_REPRESENTATION_CONTEXT(2) 
PARAMETRIC_REPRESENTATION_CONTEXT() REPRESENTATION_CONTEXT('2D SPACE',''
  ) );
#6264 = ORIENTED_EDGE('',*,*,#6208,.F.);
#6265 = ORIENTED_EDGE('',*,*,#6266,.T.);
#6266 = EDGE_CURVE('',#4807,#6239,#6267,.T.);
#6267 = SURFACE_CURVE('',#6268,(#6272,#6279),.PCURVE_S1.);
#6268 = LINE('',#6269,#6270);
#6269 = CARTESIAN_POINT('',(-10.,-25.7496471405,316.24493408203));
#6270 = VECTOR('',#6271,1.);
#6271 = DIRECTION('',(-0.997760184992,-1.731301909788E-02,
    6.461325416728E-02));
#6272 = PCURVE('',#6222,#6273);
#6273 = DEFINITIONAL_REPRESENTATION('',(#6274),#6278);
#6274 = LINE('',#6275,#6276);
#6275 = CARTESIAN_POINT('',(0.112592279,3.355296539117));
#6276 = VECTOR('',#6277,1.);
#6277 = DIRECTION('',(-6.689254999153E-02,-0.997760184992));
#6278 = ( GEOMETRIC_REPRESENTATION_CONTEXT(2) 
PARAMETRIC_REPRESENTATION_CONTEXT() REPRESENTATION_CONTEXT('2D SPACE',''
  ) );
#6279 = PCURVE('',#4848,#6280);
#6280 = DEFINITIONAL_REPRESENTATION('',(#6281),#6284);
#6281 = B_SPLINE_CURVE_WITH_KNOTS('',1,(#6282,#6283),.UNSPECIFIED.,.F.,
  .F.,(2,2),(0.,6.514591479766),.PIECEWISE_BEZIER_KNOTS.);
#6282 = CARTESIAN_POINT('',(0.323185357234,3.144703460883));
#6283 = CARTESIAN_POINT('',(-0.112592279,-3.355296539117));
#6284 = ( GEOMETRIC_REPRESENTATION_CONTEXT(2) 
PARAMETRIC_REPRESENTATION_CONTEXT() REPRESENTATION_CONTEXT('2D SPACE',''
  ) );
#6285 = ADVANCED_FACE('',(#6286),#4848,.T.);
#6286 = FACE_BOUND('',#6287,.T.);
#6287 = EDGE_LOOP('',(#6288,#6308,#6309));
#6288 = ORIENTED_EDGE('',*,*,#6289,.T.);
#6289 = EDGE_CURVE('',#4751,#6239,#6290,.T.);
#6290 = SURFACE_CURVE('',#6291,(#6295,#6302),.PCURVE_S1.);
#6291 = LINE('',#6292,#6293);
#6292 = CARTESIAN_POINT('',(-10.,-25.8624343872,316.6658630371));
#6293 = VECTOR('',#6294,1.);
#6294 = DIRECTION('',(-1.,0.,0.));
#6295 = PCURVE('',#4848,#6296);
#6296 = DEFINITIONAL_REPRESENTATION('',(#6297),#6301);
#6297 = LINE('',#6298,#6299);
#6298 = CARTESIAN_POINT('',(-0.112592279,3.144703460883));
#6299 = VECTOR('',#6300,1.);
#6300 = DIRECTION('',(0.,-1.));
#6301 = ( GEOMETRIC_REPRESENTATION_CONTEXT(2) 
PARAMETRIC_REPRESENTATION_CONTEXT() REPRESENTATION_CONTEXT('2D SPACE',''
  ) );
#6302 = PCURVE('',#4792,#6303);
#6303 = DEFINITIONAL_REPRESENTATION('',(#6304),#6307);
#6304 = B_SPLINE_CURVE_WITH_KNOTS('',1,(#6305,#6306),.UNSPECIFIED.,.F.,
  .F.,(2,2),(0.,6.5),.PIECEWISE_BEZIER_KNOTS.);
#6305 = CARTESIAN_POINT('',(0.112598586988,3.144697943918));
#6306 = CARTESIAN_POINT('',(0.112598586988,-3.355302056082));
#6307 = ( GEOMETRIC_REPRESENTATION_CONTEXT(2) 
PARAMETRIC_REPRESENTATION_CONTEXT() REPRESENTATION_CONTEXT('2D SPACE',''
  ) );
#6308 = ORIENTED_EDGE('',*,*,#6266,.F.);
#6309 = ORIENTED_EDGE('',*,*,#4834,.F.);
#6310 = ADVANCED_FACE('',(#6311),#4792,.T.);
#6311 = FACE_BOUND('',#6312,.T.);
#6312 = EDGE_LOOP('',(#6313,#6333,#6334));
#6313 = ORIENTED_EDGE('',*,*,#6314,.T.);
#6314 = EDGE_CURVE('',#2269,#6239,#6315,.T.);
#6315 = SURFACE_CURVE('',#6316,(#6320,#6327),.PCURVE_S1.);
#6316 = LINE('',#6317,#6318);
#6317 = CARTESIAN_POINT('',(-10.,-25.90041542053,317.10000610351));
#6318 = VECTOR('',#6319,1.);
#6319 = DIRECTION('',(-0.99775994269,5.830146712899E-03,
    -6.664162477795E-02));
#6320 = PCURVE('',#4792,#6321);
#6321 = DEFINITIONAL_REPRESENTATION('',(#6322),#6326);
#6322 = LINE('',#6323,#6324);
#6323 = CARTESIAN_POINT('',(-0.323202699152,3.144697943918));
#6324 = VECTOR('',#6325,1.);
#6325 = DIRECTION('',(6.689616404353E-02,-0.99775994269));
#6326 = ( GEOMETRIC_REPRESENTATION_CONTEXT(2) 
PARAMETRIC_REPRESENTATION_CONTEXT() REPRESENTATION_CONTEXT('2D SPACE',''
  ) );
#6327 = PCURVE('',#3564,#6328);
#6328 = DEFINITIONAL_REPRESENTATION('',(#6329),#6332);
#6329 = B_SPLINE_CURVE_WITH_KNOTS('',1,(#6330,#6331),.UNSPECIFIED.,.F.,
  .F.,(2,2),(0.,6.514593061811),.PIECEWISE_BEZIER_KNOTS.);
#6330 = CARTESIAN_POINT('',(-0.109072485845,6.5));
#6331 = CARTESIAN_POINT('',(0.326728800295,-3.552713678801E-15));
#6332 = ( GEOMETRIC_REPRESENTATION_CONTEXT(2) 
PARAMETRIC_REPRESENTATION_CONTEXT() REPRESENTATION_CONTEXT('2D SPACE',''
  ) );
#6333 = ORIENTED_EDGE('',*,*,#6289,.F.);
#6334 = ORIENTED_EDGE('',*,*,#4778,.F.);
#6335 = ADVANCED_FACE('',(#6336),#3564,.T.);
#6336 = FACE_BOUND('',#6337,.T.);
#6337 = EDGE_LOOP('',(#6338,#6339,#6340));
#6338 = ORIENTED_EDGE('',*,*,#6314,.F.);
#6339 = ORIENTED_EDGE('',*,*,#3550,.F.);
#6340 = ORIENTED_EDGE('',*,*,#6341,.T.);
#6341 = EDGE_CURVE('',#56,#6239,#6342,.T.);
#6342 = SURFACE_CURVE('',#6343,(#6347,#6354),.PCURVE_S1.);
#6343 = LINE('',#6344,#6345);
#6344 = CARTESIAN_POINT('',(-23.,-25.90041542053,317.10000610351));
#6345 = VECTOR('',#6346,1.);
#6346 = DIRECTION('',(0.99775994269,5.830146712899E-03,
    -6.664162477795E-02));
#6347 = PCURVE('',#3564,#6348);
#6348 = DEFINITIONAL_REPRESENTATION('',(#6349),#6353);
#6349 = LINE('',#6350,#6351);
#6350 = CARTESIAN_POINT('',(-0.109072485845,-6.5));
#6351 = VECTOR('',#6352,1.);
#6352 = DIRECTION('',(6.689616404353E-02,0.99775994269));
#6353 = ( GEOMETRIC_REPRESENTATION_CONTEXT(2) 
PARAMETRIC_REPRESENTATION_CONTEXT() REPRESENTATION_CONTEXT('2D SPACE',''
  ) );
#6354 = PCURVE('',#6355,#6360);
#6355 = PLANE('',#6356);
#6356 = AXIS2_PLACEMENT_3D('',#6357,#6358,#6359);
#6357 = CARTESIAN_POINT('',(-19.85530205608,-25.87224759983,
    316.77803318754));
#6358 = DIRECTION('',(-8.502727326898E-19,-0.996195009546,
    -8.715218273361E-02));
#6359 = DIRECTION('',(0.,8.715218273361E-02,-0.996195009546));
#6360 = DEFINITIONAL_REPRESENTATION('',(#6361),#6364);
#6361 = B_SPLINE_CURVE_WITH_KNOTS('',1,(#6362,#6363),.UNSPECIFIED.,.F.,
  .F.,(2,2),(0.,6.514593061811),.PIECEWISE_BEZIER_KNOTS.);
#6362 = CARTESIAN_POINT('',(-0.323202699152,-3.144697943918));
#6363 = CARTESIAN_POINT('',(0.112598586988,3.355302056082));
#6364 = ( GEOMETRIC_REPRESENTATION_CONTEXT(2) 
PARAMETRIC_REPRESENTATION_CONTEXT() REPRESENTATION_CONTEXT('2D SPACE',''
  ) );
#6365 = ADVANCED_FACE('',(#6366),#6355,.T.);
#6366 = FACE_BOUND('',#6367,.T.);
#6367 = EDGE_LOOP('',(#6368,#6390,#6391));
#6368 = ORIENTED_EDGE('',*,*,#6369,.T.);
#6369 = EDGE_CURVE('',#6370,#6239,#6372,.T.);
#6370 = VERTEX_POINT('',#6371);
#6371 = CARTESIAN_POINT('',(-23.,-25.8624343872,316.6658630371));
#6372 = SURFACE_CURVE('',#6373,(#6377,#6384),.PCURVE_S1.);
#6373 = LINE('',#6374,#6375);
#6374 = CARTESIAN_POINT('',(-23.,-25.8624343872,316.6658630371));
#6375 = VECTOR('',#6376,1.);
#6376 = DIRECTION('',(1.,0.,0.));
#6377 = PCURVE('',#6355,#6378);
#6378 = DEFINITIONAL_REPRESENTATION('',(#6379),#6383);
#6379 = LINE('',#6380,#6381);
#6380 = CARTESIAN_POINT('',(0.112598586988,-3.144697943918));
#6381 = VECTOR('',#6382,1.);
#6382 = DIRECTION('',(0.,1.));
#6383 = ( GEOMETRIC_REPRESENTATION_CONTEXT(2) 
PARAMETRIC_REPRESENTATION_CONTEXT() REPRESENTATION_CONTEXT('2D SPACE',''
  ) );
#6384 = PCURVE('',#6254,#6385);
#6385 = DEFINITIONAL_REPRESENTATION('',(#6386),#6389);
#6386 = B_SPLINE_CURVE_WITH_KNOTS('',1,(#6387,#6388),.UNSPECIFIED.,.F.,
  .F.,(2,2),(0.,6.5),.PIECEWISE_BEZIER_KNOTS.);
#6387 = CARTESIAN_POINT('',(-0.112592279,-3.355296539117));
#6388 = CARTESIAN_POINT('',(-0.112592279,3.144703460883));
#6389 = ( GEOMETRIC_REPRESENTATION_CONTEXT(2) 
PARAMETRIC_REPRESENTATION_CONTEXT() REPRESENTATION_CONTEXT('2D SPACE',''
  ) );
#6390 = ORIENTED_EDGE('',*,*,#6341,.F.);
#6391 = ORIENTED_EDGE('',*,*,#6392,.T.);
#6392 = EDGE_CURVE('',#56,#6370,#6393,.T.);
#6393 = SURFACE_CURVE('',#6394,(#6398,#6405),.PCURVE_S1.);
#6394 = LINE('',#6395,#6396);
#6395 = CARTESIAN_POINT('',(-23.,-25.90041542053,317.10000610351));
#6396 = VECTOR('',#6397,1.);
#6397 = DIRECTION('',(0.,8.715218273361E-02,-0.996195009546));
#6398 = PCURVE('',#6355,#6399);
#6399 = DEFINITIONAL_REPRESENTATION('',(#6400),#6404);
#6400 = LINE('',#6401,#6402);
#6401 = CARTESIAN_POINT('',(-0.323202699152,-3.144697943918));
#6402 = VECTOR('',#6403,1.);
#6403 = DIRECTION('',(1.,1.203706215242E-35));
#6404 = ( GEOMETRIC_REPRESENTATION_CONTEXT(2) 
PARAMETRIC_REPRESENTATION_CONTEXT() REPRESENTATION_CONTEXT('2D SPACE',''
  ) );
#6405 = PCURVE('',#6406,#6411);
#6406 = PLANE('',#6407);
#6407 = AXIS2_PLACEMENT_3D('',#6408,#6409,#6410);
#6408 = CARTESIAN_POINT('',(-23.,-22.04429775221,317.71853398718));
#6409 = DIRECTION('',(-1.,-0.,-0.));
#6410 = DIRECTION('',(0.,0.,-1.));
#6411 = DEFINITIONAL_REPRESENTATION('',(#6412),#6415);
#6412 = B_SPLINE_CURVE_WITH_KNOTS('',1,(#6413,#6414),.UNSPECIFIED.,.F.,
  .F.,(2,2),(0.,0.43580128614),.PIECEWISE_BEZIER_KNOTS.);
#6413 = CARTESIAN_POINT('',(0.618527883672,3.856117668322));
#6414 = CARTESIAN_POINT('',(1.052670950079,3.818136634997));
#6415 = ( GEOMETRIC_REPRESENTATION_CONTEXT(2) 
PARAMETRIC_REPRESENTATION_CONTEXT() REPRESENTATION_CONTEXT('2D SPACE',''
  ) );
#6416 = ADVANCED_FACE('',(#6417),#6254,.T.);
#6417 = FACE_BOUND('',#6418,.T.);
#6418 = EDGE_LOOP('',(#6419,#6420,#6421));
#6419 = ORIENTED_EDGE('',*,*,#6238,.F.);
#6420 = ORIENTED_EDGE('',*,*,#6369,.F.);
#6421 = ORIENTED_EDGE('',*,*,#6422,.T.);
#6422 = EDGE_CURVE('',#6370,#6158,#6423,.T.);
#6423 = SURFACE_CURVE('',#6424,(#6428,#6435),.PCURVE_S1.);
#6424 = LINE('',#6425,#6426);
#6425 = CARTESIAN_POINT('',(-23.,-25.8624343872,316.6658630371));
#6426 = VECTOR('',#6427,1.);
#6427 = DIRECTION('',(0.997760184992,1.731301909788E-02,
    -6.461325416728E-02));
#6428 = PCURVE('',#6254,#6429);
#6429 = DEFINITIONAL_REPRESENTATION('',(#6430),#6434);
#6430 = LINE('',#6431,#6432);
#6431 = CARTESIAN_POINT('',(-0.112592279,-3.355296539117));
#6432 = VECTOR('',#6433,1.);
#6433 = DIRECTION('',(6.689254999153E-02,0.997760184992));
#6434 = ( GEOMETRIC_REPRESENTATION_CONTEXT(2) 
PARAMETRIC_REPRESENTATION_CONTEXT() REPRESENTATION_CONTEXT('2D SPACE',''
  ) );
#6435 = PCURVE('',#6436,#6441);
#6436 = PLANE('',#6437);
#6437 = AXIS2_PLACEMENT_3D('',#6438,#6439,#6440);
#6438 = CARTESIAN_POINT('',(-19.85529653911,-25.77878808784,
    316.35368989327));
#6439 = DIRECTION('',(6.087249297786E-19,-0.965926013816,-0.258818345243
    ));
#6440 = DIRECTION('',(0.,0.258818345243,-0.965926013816));
#6441 = DEFINITIONAL_REPRESENTATION('',(#6442),#6445);
#6442 = B_SPLINE_CURVE_WITH_KNOTS('',1,(#6443,#6444),.UNSPECIFIED.,.F.,
  .F.,(2,2),(0.,6.514591479766),.PIECEWISE_BEZIER_KNOTS.);
#6443 = CARTESIAN_POINT('',(-0.323185357234,-3.144703460883));
#6444 = CARTESIAN_POINT('',(0.112592279,3.355296539117));
#6445 = ( GEOMETRIC_REPRESENTATION_CONTEXT(2) 
PARAMETRIC_REPRESENTATION_CONTEXT() REPRESENTATION_CONTEXT('2D SPACE',''
  ) );
#6446 = ADVANCED_FACE('',(#6447),#6436,.T.);
#6447 = FACE_BOUND('',#6448,.T.);
#6448 = EDGE_LOOP('',(#6449,#6471,#6472));
#6449 = ORIENTED_EDGE('',*,*,#6450,.T.);
#6450 = EDGE_CURVE('',#6451,#6158,#6453,.T.);
#6451 = VERTEX_POINT('',#6452);
#6452 = CARTESIAN_POINT('',(-23.,-25.7496471405,316.24493408203));
#6453 = SURFACE_CURVE('',#6454,(#6458,#6465),.PCURVE_S1.);
#6454 = LINE('',#6455,#6456);
#6455 = CARTESIAN_POINT('',(-23.,-25.7496471405,316.24493408203));
#6456 = VECTOR('',#6457,1.);
#6457 = DIRECTION('',(1.,0.,0.));
#6458 = PCURVE('',#6436,#6459);
#6459 = DEFINITIONAL_REPRESENTATION('',(#6460),#6464);
#6460 = LINE('',#6461,#6462);
#6461 = CARTESIAN_POINT('',(0.112592279,-3.144703460883));
#6462 = VECTOR('',#6463,1.);
#6463 = DIRECTION('',(0.,1.));
#6464 = ( GEOMETRIC_REPRESENTATION_CONTEXT(2) 
PARAMETRIC_REPRESENTATION_CONTEXT() REPRESENTATION_CONTEXT('2D SPACE',''
  ) );
#6465 = PCURVE('',#6173,#6466);
#6466 = DEFINITIONAL_REPRESENTATION('',(#6467),#6470);
#6467 = B_SPLINE_CURVE_WITH_KNOTS('',1,(#6468,#6469),.UNSPECIFIED.,.F.,
  .F.,(2,2),(0.,6.5),.PIECEWISE_BEZIER_KNOTS.);
#6468 = CARTESIAN_POINT('',(-0.112587309364,-3.355292192646));
#6469 = CARTESIAN_POINT('',(-0.112587309364,3.144707807354));
#6470 = ( GEOMETRIC_REPRESENTATION_CONTEXT(2) 
PARAMETRIC_REPRESENTATION_CONTEXT() REPRESENTATION_CONTEXT('2D SPACE',''
  ) );
#6471 = ORIENTED_EDGE('',*,*,#6422,.F.);
#6472 = ORIENTED_EDGE('',*,*,#6473,.T.);
#6473 = EDGE_CURVE('',#6370,#6451,#6474,.T.);
#6474 = SURFACE_CURVE('',#6475,(#6479,#6486),.PCURVE_S1.);
#6475 = LINE('',#6476,#6477);
#6476 = CARTESIAN_POINT('',(-23.,-25.8624343872,316.6658630371));
#6477 = VECTOR('',#6478,1.);
#6478 = DIRECTION('',(0.,0.258818345243,-0.965926013816));
#6479 = PCURVE('',#6436,#6480);
#6480 = DEFINITIONAL_REPRESENTATION('',(#6481),#6485);
#6481 = LINE('',#6482,#6483);
#6482 = CARTESIAN_POINT('',(-0.323185357234,-3.144703460883));
#6483 = VECTOR('',#6484,1.);
#6484 = DIRECTION('',(1.,4.814824860968E-35));
#6485 = ( GEOMETRIC_REPRESENTATION_CONTEXT(2) 
PARAMETRIC_REPRESENTATION_CONTEXT() REPRESENTATION_CONTEXT('2D SPACE',''
  ) );
#6486 = PCURVE('',#6487,#6492);
#6487 = PLANE('',#6488);
#6488 = AXIS2_PLACEMENT_3D('',#6489,#6490,#6491);
#6489 = CARTESIAN_POINT('',(-23.,-22.00527808284,317.49958965653));
#6490 = DIRECTION('',(-1.,-8.744182939972E-28,3.185100704707E-27));
#6491 = DIRECTION('',(-3.185100704707E-27,0.,-1.));
#6492 = DEFINITIONAL_REPRESENTATION('',(#6493),#6496);
#6493 = B_SPLINE_CURVE_WITH_KNOTS('',1,(#6494,#6495),.UNSPECIFIED.,.F.,
  .F.,(2,2),(0.,0.435777636235),.PIECEWISE_BEZIER_KNOTS.);
#6494 = CARTESIAN_POINT('',(0.833726619426,3.857156304363));
#6495 = CARTESIAN_POINT('',(1.254655574504,3.744369057659));
#6496 = ( GEOMETRIC_REPRESENTATION_CONTEXT(2) 
PARAMETRIC_REPRESENTATION_CONTEXT() REPRESENTATION_CONTEXT('2D SPACE',''
  ) );
#6497 = ADVANCED_FACE('',(#6498),#6173,.T.);
#6498 = FACE_BOUND('',#6499,.T.);
#6499 = EDGE_LOOP('',(#6500,#6501,#6502));
#6500 = ORIENTED_EDGE('',*,*,#6157,.F.);
#6501 = ORIENTED_EDGE('',*,*,#6450,.F.);
#6502 = ORIENTED_EDGE('',*,*,#6503,.T.);
#6503 = EDGE_CURVE('',#6451,#6077,#6504,.T.);
#6504 = SURFACE_CURVE('',#6505,(#6509,#6516),.PCURVE_S1.);
#6505 = LINE('',#6506,#6507);
#6506 = CARTESIAN_POINT('',(-23.,-25.7496471405,316.24493408203));
#6507 = VECTOR('',#6508,1.);
#6508 = DIRECTION('',(0.997760375877,2.827006079265E-02,
    -6.062207512126E-02));
#6509 = PCURVE('',#6173,#6510);
#6510 = DEFINITIONAL_REPRESENTATION('',(#6511),#6515);
#6511 = LINE('',#6512,#6513);
#6512 = CARTESIAN_POINT('',(-0.112587309364,-3.355292192646));
#6513 = VECTOR('',#6514,1.);
#6514 = DIRECTION('',(6.688970271446E-02,0.997760375877));
#6515 = ( GEOMETRIC_REPRESENTATION_CONTEXT(2) 
PARAMETRIC_REPRESENTATION_CONTEXT() REPRESENTATION_CONTEXT('2D SPACE',''
  ) );
#6516 = PCURVE('',#6517,#6522);
#6517 = PLANE('',#6518);
#6518 = AXIS2_PLACEMENT_3D('',#6519,#6520,#6521);
#6519 = CARTESIAN_POINT('',(-19.85529219264,-25.61306283703,
    315.95204387688));
#6520 = DIRECTION('',(-5.317094603542E-20,-0.906299066391,
    -0.422636962723));
#6521 = DIRECTION('',(0.,0.422636962723,-0.906299066391));
#6522 = DEFINITIONAL_REPRESENTATION('',(#6523),#6526);
#6523 = B_SPLINE_CURVE_WITH_KNOTS('',1,(#6524,#6525),.UNSPECIFIED.,.F.,
  .F.,(2,2),(0.,6.514590233436),.PIECEWISE_BEZIER_KNOTS.);
#6524 = CARTESIAN_POINT('',(-0.323171694657,-3.144707807354));
#6525 = CARTESIAN_POINT('',(0.112587309364,3.355292192646));
#6526 = ( GEOMETRIC_REPRESENTATION_CONTEXT(2) 
PARAMETRIC_REPRESENTATION_CONTEXT() REPRESENTATION_CONTEXT('2D SPACE',''
  ) );
#6527 = ADVANCED_FACE('',(#6528),#6517,.T.);
#6528 = FACE_BOUND('',#6529,.T.);
#6529 = EDGE_LOOP('',(#6530,#6552,#6553));
#6530 = ORIENTED_EDGE('',*,*,#6531,.T.);
#6531 = EDGE_CURVE('',#6532,#6077,#6534,.T.);
#6532 = VERTEX_POINT('',#6533);
#6533 = CARTESIAN_POINT('',(-23.,-25.56547927856,315.85000610351));
#6534 = SURFACE_CURVE('',#6535,(#6539,#6546),.PCURVE_S1.);
#6535 = LINE('',#6536,#6537);
#6536 = CARTESIAN_POINT('',(-23.,-25.56547927856,315.85000610351));
#6537 = VECTOR('',#6538,1.);
#6538 = DIRECTION('',(1.,0.,0.));
#6539 = PCURVE('',#6517,#6540);
#6540 = DEFINITIONAL_REPRESENTATION('',(#6541),#6545);
#6541 = LINE('',#6542,#6543);
#6542 = CARTESIAN_POINT('',(0.112587309364,-3.144707807354));
#6543 = VECTOR('',#6544,1.);
#6544 = DIRECTION('',(0.,1.));
#6545 = ( GEOMETRIC_REPRESENTATION_CONTEXT(2) 
PARAMETRIC_REPRESENTATION_CONTEXT() REPRESENTATION_CONTEXT('2D SPACE',''
  ) );
#6546 = PCURVE('',#6092,#6547);
#6547 = DEFINITIONAL_REPRESENTATION('',(#6548),#6551);
#6548 = B_SPLINE_CURVE_WITH_KNOTS('',1,(#6549,#6550),.UNSPECIFIED.,.F.,
  .F.,(2,2),(0.,6.5),.PIECEWISE_BEZIER_KNOTS.);
#6549 = CARTESIAN_POINT('',(-0.112598147696,-3.355301671879));
#6550 = CARTESIAN_POINT('',(-0.112598147696,3.144698328121));
#6551 = ( GEOMETRIC_REPRESENTATION_CONTEXT(2) 
PARAMETRIC_REPRESENTATION_CONTEXT() REPRESENTATION_CONTEXT('2D SPACE',''
  ) );
#6552 = ORIENTED_EDGE('',*,*,#6503,.F.);
#6553 = ORIENTED_EDGE('',*,*,#6554,.T.);
#6554 = EDGE_CURVE('',#6451,#6532,#6555,.T.);
#6555 = SURFACE_CURVE('',#6556,(#6560,#6567),.PCURVE_S1.);
#6556 = LINE('',#6557,#6558);
#6557 = CARTESIAN_POINT('',(-23.,-25.7496471405,316.24493408203));
#6558 = VECTOR('',#6559,1.);
#6559 = DIRECTION('',(0.,0.422636962723,-0.906299066391));
#6560 = PCURVE('',#6517,#6561);
#6561 = DEFINITIONAL_REPRESENTATION('',(#6562),#6566);
#6562 = LINE('',#6563,#6564);
#6563 = CARTESIAN_POINT('',(-0.323171694657,-3.144707807354));
#6564 = VECTOR('',#6565,1.);
#6565 = DIRECTION('',(1.,6.01853107621E-36));
#6566 = ( GEOMETRIC_REPRESENTATION_CONTEXT(2) 
PARAMETRIC_REPRESENTATION_CONTEXT() REPRESENTATION_CONTEXT('2D SPACE',''
  ) );
#6567 = PCURVE('',#6568,#6573);
#6568 = PLANE('',#6569);
#6569 = AXIS2_PLACEMENT_3D('',#6570,#6571,#6572);
#6570 = CARTESIAN_POINT('',(-23.,-21.93361880729,315.34498314039));
#6571 = DIRECTION('',(-1.,-0.,-0.));
#6572 = DIRECTION('',(0.,0.,-1.));
#6573 = DEFINITIONAL_REPRESENTATION('',(#6574),#6577);
#6574 = B_SPLINE_CURVE_WITH_KNOTS('',1,(#6575,#6576),.UNSPECIFIED.,.F.,
  .F.,(2,2),(0.,0.435759004021),.PIECEWISE_BEZIER_KNOTS.);
#6575 = CARTESIAN_POINT('',(-0.899950941639,3.816028333205));
#6576 = CARTESIAN_POINT('',(-0.505022963123,3.631860471267));
#6577 = ( GEOMETRIC_REPRESENTATION_CONTEXT(2) 
PARAMETRIC_REPRESENTATION_CONTEXT() REPRESENTATION_CONTEXT('2D SPACE',''
  ) );
#6578 = ADVANCED_FACE('',(#6579),#6092,.T.);
#6579 = FACE_BOUND('',#6580,.T.);
#6580 = EDGE_LOOP('',(#6581,#6582,#6583));
#6581 = ORIENTED_EDGE('',*,*,#6076,.F.);
#6582 = ORIENTED_EDGE('',*,*,#6531,.F.);
#6583 = ORIENTED_EDGE('',*,*,#6584,.T.);
#6584 = EDGE_CURVE('',#6532,#5996,#6585,.T.);
#6585 = SURFACE_CURVE('',#6586,(#6590,#6597),.PCURVE_S1.);
#6586 = LINE('',#6587,#6588);
#6587 = CARTESIAN_POINT('',(-23.,-25.56547927856,315.85000610351));
#6588 = VECTOR('',#6589,1.);
#6589 = DIRECTION('',(0.997759959564,3.836806353672E-02,
    -5.479922253879E-02));
#6590 = PCURVE('',#6092,#6591);
#6591 = DEFINITIONAL_REPRESENTATION('',(#6592),#6596);
#6592 = LINE('',#6593,#6594);
#6593 = CARTESIAN_POINT('',(-0.112598147696,-3.355301671879));
#6594 = VECTOR('',#6595,1.);
#6595 = DIRECTION('',(6.689591235953E-02,0.997759959564));
#6596 = ( GEOMETRIC_REPRESENTATION_CONTEXT(2) 
PARAMETRIC_REPRESENTATION_CONTEXT() REPRESENTATION_CONTEXT('2D SPACE',''
  ) );
#6597 = PCURVE('',#6598,#6603);
#6598 = PLANE('',#6599);
#6599 = AXIS2_PLACEMENT_3D('',#6600,#6601,#6602);
#6600 = CARTESIAN_POINT('',(-19.85530167187,-25.38010748345,
    315.58524866422));
#6601 = DIRECTION('',(1.122009645291E-17,-0.81917146513,-0.573548699516)
  );
#6602 = DIRECTION('',(7.703719777549E-34,0.573548699516,-0.81917146513)
  );
#6603 = DEFINITIONAL_REPRESENTATION('',(#6604),#6607);
#6604 = B_SPLINE_CURVE_WITH_KNOTS('',1,(#6605,#6606),.UNSPECIFIED.,.F.,
  .F.,(2,2),(0.,6.514592951634),.PIECEWISE_BEZIER_KNOTS.);
#6605 = CARTESIAN_POINT('',(-0.323201491454,-3.144698328121));
#6606 = CARTESIAN_POINT('',(0.112598147696,3.355301671879));
#6607 = ( GEOMETRIC_REPRESENTATION_CONTEXT(2) 
PARAMETRIC_REPRESENTATION_CONTEXT() REPRESENTATION_CONTEXT('2D SPACE',''
  ) );
#6608 = ADVANCED_FACE('',(#6609),#6598,.T.);
#6609 = FACE_BOUND('',#6610,.T.);
#6610 = EDGE_LOOP('',(#6611,#6633,#6634));
#6611 = ORIENTED_EDGE('',*,*,#6612,.T.);
#6612 = EDGE_CURVE('',#6613,#5996,#6615,.T.);
#6613 = VERTEX_POINT('',#6614);
#6614 = CARTESIAN_POINT('',(-23.,-25.31552696228,315.4930114746));
#6615 = SURFACE_CURVE('',#6616,(#6620,#6627),.PCURVE_S1.);
#6616 = LINE('',#6617,#6618);
#6617 = CARTESIAN_POINT('',(-23.,-25.31552696228,315.4930114746));
#6618 = VECTOR('',#6619,1.);
#6619 = DIRECTION('',(1.,0.,0.));
#6620 = PCURVE('',#6598,#6621);
#6621 = DEFINITIONAL_REPRESENTATION('',(#6622),#6626);
#6622 = LINE('',#6623,#6624);
#6623 = CARTESIAN_POINT('',(0.112598147696,-3.144698328121));
#6624 = VECTOR('',#6625,1.);
#6625 = DIRECTION('',(0.,1.));
#6626 = ( GEOMETRIC_REPRESENTATION_CONTEXT(2) 
PARAMETRIC_REPRESENTATION_CONTEXT() REPRESENTATION_CONTEXT('2D SPACE',''
  ) );
#6627 = PCURVE('',#6011,#6628);
#6628 = DEFINITIONAL_REPRESENTATION('',(#6629),#6632);
#6629 = B_SPLINE_CURVE_WITH_KNOTS('',1,(#6630,#6631),.UNSPECIFIED.,.F.,
  .F.,(2,2),(0.,6.5),.PIECEWISE_BEZIER_KNOTS.);
#6630 = CARTESIAN_POINT('',(0.112591705416,3.355296037459));
#6631 = CARTESIAN_POINT('',(0.112591705416,-3.144703962541));
#6632 = ( GEOMETRIC_REPRESENTATION_CONTEXT(2) 
PARAMETRIC_REPRESENTATION_CONTEXT() REPRESENTATION_CONTEXT('2D SPACE',''
  ) );
#6633 = ORIENTED_EDGE('',*,*,#6584,.F.);
#6634 = ORIENTED_EDGE('',*,*,#6635,.T.);
#6635 = EDGE_CURVE('',#6532,#6613,#6636,.T.);
#6636 = SURFACE_CURVE('',#6637,(#6641,#6648),.PCURVE_S1.);
#6637 = LINE('',#6638,#6639);
#6638 = CARTESIAN_POINT('',(-23.,-25.56547927856,315.85000610351));
#6639 = VECTOR('',#6640,1.);
#6640 = DIRECTION('',(0.,0.573548699516,-0.81917146513));
#6641 = PCURVE('',#6598,#6642);
#6642 = DEFINITIONAL_REPRESENTATION('',(#6643),#6647);
#6643 = LINE('',#6644,#6645);
#6644 = CARTESIAN_POINT('',(-0.323201491454,-3.144698328121));
#6645 = VECTOR('',#6646,1.);
#6646 = DIRECTION('',(1.,0.));
#6647 = ( GEOMETRIC_REPRESENTATION_CONTEXT(2) 
PARAMETRIC_REPRESENTATION_CONTEXT() REPRESENTATION_CONTEXT('2D SPACE',''
  ) );
#6648 = PCURVE('',#6649,#6654);
#6649 = PLANE('',#6650);
#6650 = AXIS2_PLACEMENT_3D('',#6651,#6652,#6653);
#6651 = CARTESIAN_POINT('',(-23.,-21.82623278581,315.15256637101));
#6652 = DIRECTION('',(-1.,-0.,-0.));
#6653 = DIRECTION('',(0.,0.,-1.));
#6654 = DEFINITIONAL_REPRESENTATION('',(#6655),#6658);
#6655 = B_SPLINE_CURVE_WITH_KNOTS('',1,(#6656,#6657),.UNSPECIFIED.,.F.,
  .F.,(2,2),(0.,0.435799639151),.PIECEWISE_BEZIER_KNOTS.);
#6656 = CARTESIAN_POINT('',(-0.697439732497,3.739246492755));
#6657 = CARTESIAN_POINT('',(-0.340445103591,3.489294176471));
#6658 = ( GEOMETRIC_REPRESENTATION_CONTEXT(2) 
PARAMETRIC_REPRESENTATION_CONTEXT() REPRESENTATION_CONTEXT('2D SPACE',''
  ) );
#6659 = ADVANCED_FACE('',(#6660),#6011,.T.);
#6660 = FACE_BOUND('',#6661,.T.);
#6661 = EDGE_LOOP('',(#6662,#6663,#6664));
#6662 = ORIENTED_EDGE('',*,*,#5995,.F.);
#6663 = ORIENTED_EDGE('',*,*,#6612,.F.);
#6664 = ORIENTED_EDGE('',*,*,#6665,.T.);
#6665 = EDGE_CURVE('',#6613,#5915,#6666,.T.);
#6666 = SURFACE_CURVE('',#6667,(#6671,#6678),.PCURVE_S1.);
#6667 = LINE('',#6668,#6669);
#6668 = CARTESIAN_POINT('',(-23.,-25.31552696228,315.4930114746));
#6669 = VECTOR('',#6670,1.);
#6670 = DIRECTION('',(0.997760207024,4.730052889486E-02,
    -4.729935777082E-02));
#6671 = PCURVE('',#6011,#6672);
#6672 = DEFINITIONAL_REPRESENTATION('',(#6673),#6677);
#6673 = LINE('',#6674,#6675);
#6674 = CARTESIAN_POINT('',(0.112591705416,3.355296037459));
#6675 = VECTOR('',#6676,1.);
#6676 = DIRECTION('',(-6.689222136591E-02,-0.997760207024));
#6677 = ( GEOMETRIC_REPRESENTATION_CONTEXT(2) 
PARAMETRIC_REPRESENTATION_CONTEXT() REPRESENTATION_CONTEXT('2D SPACE',''
  ) );
#6678 = PCURVE('',#6679,#6684);
#6679 = PLANE('',#6680);
#6680 = AXIS2_PLACEMENT_3D('',#6681,#6682,#6683);
#6681 = CARTESIAN_POINT('',(-19.85529603745,-25.08699869056,
    315.26448886107));
#6682 = DIRECTION('',(2.684953091406E-18,-0.707098027319,-0.707115534946
    ));
#6683 = DIRECTION('',(0.,-0.707115534946,0.707098027319));
#6684 = DEFINITIONAL_REPRESENTATION('',(#6685),#6688);
#6685 = B_SPLINE_CURVE_WITH_KNOTS('',1,(#6686,#6687),.UNSPECIFIED.,.F.,
  .F.,(2,2),(0.,6.514591335915),.PIECEWISE_BEZIER_KNOTS.);
#6686 = CARTESIAN_POINT('',(0.323183780334,3.144703962541));
#6687 = CARTESIAN_POINT('',(-0.112591705416,-3.355296037459));
#6688 = ( GEOMETRIC_REPRESENTATION_CONTEXT(2) 
PARAMETRIC_REPRESENTATION_CONTEXT() REPRESENTATION_CONTEXT('2D SPACE',''
  ) );
#6689 = ADVANCED_FACE('',(#6690),#6679,.T.);
#6690 = FACE_BOUND('',#6691,.T.);
#6691 = EDGE_LOOP('',(#6692,#6714,#6715));
#6692 = ORIENTED_EDGE('',*,*,#6693,.T.);
#6693 = EDGE_CURVE('',#6694,#5915,#6696,.T.);
#6694 = VERTEX_POINT('',#6695);
#6695 = CARTESIAN_POINT('',(-23.,-25.00738334655,315.18487548828));
#6696 = SURFACE_CURVE('',#6697,(#6701,#6708),.PCURVE_S1.);
#6697 = LINE('',#6698,#6699);
#6698 = CARTESIAN_POINT('',(-23.,-25.00738334655,315.18487548828));
#6699 = VECTOR('',#6700,1.);
#6700 = DIRECTION('',(1.,0.,0.));
#6701 = PCURVE('',#6679,#6702);
#6702 = DEFINITIONAL_REPRESENTATION('',(#6703),#6707);
#6703 = LINE('',#6704,#6705);
#6704 = CARTESIAN_POINT('',(-0.112591705416,3.144703962541));
#6705 = VECTOR('',#6706,1.);
#6706 = DIRECTION('',(0.,-1.));
#6707 = ( GEOMETRIC_REPRESENTATION_CONTEXT(2) 
PARAMETRIC_REPRESENTATION_CONTEXT() REPRESENTATION_CONTEXT('2D SPACE',''
  ) );
#6708 = PCURVE('',#5930,#6709);
#6709 = DEFINITIONAL_REPRESENTATION('',(#6710),#6713);
#6710 = B_SPLINE_CURVE_WITH_KNOTS('',1,(#6711,#6712),.UNSPECIFIED.,.F.,
  .F.,(2,2),(0.,6.5),.PIECEWISE_BEZIER_KNOTS.);
#6711 = CARTESIAN_POINT('',(0.112590270842,3.355294782774));
#6712 = CARTESIAN_POINT('',(0.112590270842,-3.144705217226));
#6713 = ( GEOMETRIC_REPRESENTATION_CONTEXT(2) 
PARAMETRIC_REPRESENTATION_CONTEXT() REPRESENTATION_CONTEXT('2D SPACE',''
  ) );
#6714 = ORIENTED_EDGE('',*,*,#6665,.F.);
#6715 = ORIENTED_EDGE('',*,*,#6716,.T.);
#6716 = EDGE_CURVE('',#6613,#6694,#6717,.T.);
#6717 = SURFACE_CURVE('',#6718,(#6722,#6729),.PCURVE_S1.);
#6718 = LINE('',#6719,#6720);
#6719 = CARTESIAN_POINT('',(-23.,-25.31552696228,315.4930114746));
#6720 = VECTOR('',#6721,1.);
#6721 = DIRECTION('',(0.,0.707115534946,-0.707098027319));
#6722 = PCURVE('',#6679,#6723);
#6723 = DEFINITIONAL_REPRESENTATION('',(#6724),#6728);
#6724 = LINE('',#6725,#6726);
#6725 = CARTESIAN_POINT('',(0.323183780334,3.144703962541));
#6726 = VECTOR('',#6727,1.);
#6727 = DIRECTION('',(-1.,0.));
#6728 = ( GEOMETRIC_REPRESENTATION_CONTEXT(2) 
PARAMETRIC_REPRESENTATION_CONTEXT() REPRESENTATION_CONTEXT('2D SPACE',''
  ) );
#6729 = PCURVE('',#6730,#6735);
#6730 = PLANE('',#6731);
#6731 = AXIS2_PLACEMENT_3D('',#6732,#6733,#6734);
#6732 = CARTESIAN_POINT('',(-23.,-21.68764944685,314.98208142845));
#6733 = DIRECTION('',(-1.,-1.338732501709E-27,-1.282598342769E-26));
#6734 = DIRECTION('',(1.282598342769E-26,0.,-1.));
#6735 = DEFINITIONAL_REPRESENTATION('',(#6736),#6739);
#6736 = B_SPLINE_CURVE_WITH_KNOTS('',1,(#6737,#6738),.UNSPECIFIED.,.F.,
  .F.,(2,2),(0.,0.43577548575),.PIECEWISE_BEZIER_KNOTS.);
#6737 = CARTESIAN_POINT('',(-0.510930046153,3.627877515422));
#6738 = CARTESIAN_POINT('',(-0.202794059825,3.319733899699));
#6739 = ( GEOMETRIC_REPRESENTATION_CONTEXT(2) 
PARAMETRIC_REPRESENTATION_CONTEXT() REPRESENTATION_CONTEXT('2D SPACE',''
  ) );
#6740 = ADVANCED_FACE('',(#6741),#5930,.T.);
#6741 = FACE_BOUND('',#6742,.T.);
#6742 = EDGE_LOOP('',(#6743,#6744,#6745));
#6743 = ORIENTED_EDGE('',*,*,#5914,.F.);
#6744 = ORIENTED_EDGE('',*,*,#6693,.F.);
#6745 = ORIENTED_EDGE('',*,*,#6746,.T.);
#6746 = EDGE_CURVE('',#6694,#5834,#6747,.T.);
#6747 = SURFACE_CURVE('',#6748,(#6752,#6759),.PCURVE_S1.);
#6748 = LINE('',#6749,#6750);
#6749 = CARTESIAN_POINT('',(-23.,-25.00738334655,315.18487548828));
#6750 = VECTOR('',#6751,1.);
#6751 = DIRECTION('',(0.997760262127,5.479514022185E-02,
    -3.836602570435E-02));
#6752 = PCURVE('',#5930,#6753);
#6753 = DEFINITIONAL_REPRESENTATION('',(#6754),#6758);
#6754 = LINE('',#6755,#6756);
#6755 = CARTESIAN_POINT('',(0.112590270842,3.355294782774));
#6756 = VECTOR('',#6757,1.);
#6757 = DIRECTION('',(-6.689139944925E-02,-0.997760262127));
#6758 = ( GEOMETRIC_REPRESENTATION_CONTEXT(2) 
PARAMETRIC_REPRESENTATION_CONTEXT() REPRESENTATION_CONTEXT('2D SPACE',''
  ) );
#6759 = PCURVE('',#6760,#6765);
#6760 = PLANE('',#6761);
#6761 = AXIS2_PLACEMENT_3D('',#6762,#6763,#6764);
#6762 = CARTESIAN_POINT('',(-19.85529478277,-24.74264550884,
    314.99951345351));
#6763 = DIRECTION('',(9.926738858367E-18,-0.573556929893,-0.819165702512
    ));
#6764 = DIRECTION('',(7.703719777549E-34,-0.819165702512,0.573556929893)
  );
#6765 = DEFINITIONAL_REPRESENTATION('',(#6766),#6769);
#6766 = B_SPLINE_CURVE_WITH_KNOTS('',1,(#6767,#6768),.UNSPECIFIED.,.F.,
  .F.,(2,2),(0.,6.514590976136),.PIECEWISE_BEZIER_KNOTS.);
#6767 = CARTESIAN_POINT('',(0.323179836391,3.144705217226));
#6768 = CARTESIAN_POINT('',(-0.112590270842,-3.355294782774));
#6769 = ( GEOMETRIC_REPRESENTATION_CONTEXT(2) 
PARAMETRIC_REPRESENTATION_CONTEXT() REPRESENTATION_CONTEXT('2D SPACE',''
  ) );
#6770 = ADVANCED_FACE('',(#6771),#6760,.T.);
#6771 = FACE_BOUND('',#6772,.T.);
#6772 = EDGE_LOOP('',(#6773,#6795,#6796));
#6773 = ORIENTED_EDGE('',*,*,#6774,.T.);
#6774 = EDGE_CURVE('',#6775,#5834,#6777,.T.);
#6775 = VERTEX_POINT('',#6776);
#6776 = CARTESIAN_POINT('',(-23.,-24.65041542053,314.93493652343));
#6777 = SURFACE_CURVE('',#6778,(#6782,#6789),.PCURVE_S1.);
#6778 = LINE('',#6779,#6780);
#6779 = CARTESIAN_POINT('',(-23.,-24.65041542053,314.93493652343));
#6780 = VECTOR('',#6781,1.);
#6781 = DIRECTION('',(1.,0.,0.));
#6782 = PCURVE('',#6760,#6783);
#6783 = DEFINITIONAL_REPRESENTATION('',(#6784),#6788);
#6784 = LINE('',#6785,#6786);
#6785 = CARTESIAN_POINT('',(-0.112590270842,3.144705217226));
#6786 = VECTOR('',#6787,1.);
#6787 = DIRECTION('',(0.,-1.));
#6788 = ( GEOMETRIC_REPRESENTATION_CONTEXT(2) 
PARAMETRIC_REPRESENTATION_CONTEXT() REPRESENTATION_CONTEXT('2D SPACE',''
  ) );
#6789 = PCURVE('',#5849,#6790);
#6790 = DEFINITIONAL_REPRESENTATION('',(#6791),#6794);
#6791 = B_SPLINE_CURVE_WITH_KNOTS('',1,(#6792,#6793),.UNSPECIFIED.,.F.,
  .F.,(2,2),(0.,6.5),.PIECEWISE_BEZIER_KNOTS.);
#6792 = CARTESIAN_POINT('',(0.112593487176,3.35529759579));
#6793 = CARTESIAN_POINT('',(0.112593487176,-3.14470240421));
#6794 = ( GEOMETRIC_REPRESENTATION_CONTEXT(2) 
PARAMETRIC_REPRESENTATION_CONTEXT() REPRESENTATION_CONTEXT('2D SPACE',''
  ) );
#6795 = ORIENTED_EDGE('',*,*,#6746,.F.);
#6796 = ORIENTED_EDGE('',*,*,#6797,.T.);
#6797 = EDGE_CURVE('',#6694,#6775,#6798,.T.);
#6798 = SURFACE_CURVE('',#6799,(#6803,#6810),.PCURVE_S1.);
#6799 = LINE('',#6800,#6801);
#6800 = CARTESIAN_POINT('',(-23.,-25.00738334655,315.18487548828));
#6801 = VECTOR('',#6802,1.);
#6802 = DIRECTION('',(0.,0.819165702512,-0.573556929893));
#6803 = PCURVE('',#6760,#6804);
#6804 = DEFINITIONAL_REPRESENTATION('',(#6805),#6809);
#6805 = LINE('',#6806,#6807);
#6806 = CARTESIAN_POINT('',(0.323179836391,3.144705217226));
#6807 = VECTOR('',#6808,1.);
#6808 = DIRECTION('',(-1.,-7.703719777549E-34));
#6809 = ( GEOMETRIC_REPRESENTATION_CONTEXT(2) 
PARAMETRIC_REPRESENTATION_CONTEXT() REPRESENTATION_CONTEXT('2D SPACE',''
  ) );
#6810 = PCURVE('',#6811,#6816);
#6811 = PLANE('',#6812);
#6812 = AXIS2_PLACEMENT_3D('',#6813,#6814,#6815);
#6813 = CARTESIAN_POINT('',(-23.,-24.21592899781,314.8666422503));
#6814 = DIRECTION('',(-1.,-0.,-0.));
#6815 = DIRECTION('',(0.,0.,-1.));
#6816 = DEFINITIONAL_REPRESENTATION('',(#6817),#6820);
#6817 = B_SPLINE_CURVE_WITH_KNOTS('',1,(#6818,#6819),.UNSPECIFIED.,.F.,
  .F.,(2,2),(0.,0.435770107233),.PIECEWISE_BEZIER_KNOTS.);
#6818 = CARTESIAN_POINT('',(-0.318233237977,0.791454348747));
#6819 = CARTESIAN_POINT('',(-6.829427313289E-02,0.434486422722));
#6820 = ( GEOMETRIC_REPRESENTATION_CONTEXT(2) 
PARAMETRIC_REPRESENTATION_CONTEXT() REPRESENTATION_CONTEXT('2D SPACE',''
  ) );
#6821 = ADVANCED_FACE('',(#6822),#5849,.T.);
#6822 = FACE_BOUND('',#6823,.T.);
#6823 = EDGE_LOOP('',(#6824,#6825,#6826));
#6824 = ORIENTED_EDGE('',*,*,#5833,.F.);
#6825 = ORIENTED_EDGE('',*,*,#6774,.F.);
#6826 = ORIENTED_EDGE('',*,*,#6827,.T.);
#6827 = EDGE_CURVE('',#6775,#5753,#6828,.T.);
#6828 = SURFACE_CURVE('',#6829,(#6833,#6840),.PCURVE_S1.);
#6829 = LINE('',#6830,#6831);
#6830 = CARTESIAN_POINT('',(-23.,-24.65041542053,314.93493652343));
#6831 = VECTOR('',#6832,1.);
#6832 = DIRECTION('',(0.997760138585,6.062557407569E-02,
    -2.827093241229E-02));
#6833 = PCURVE('',#5849,#6834);
#6834 = DEFINITIONAL_REPRESENTATION('',(#6835),#6839);
#6835 = LINE('',#6836,#6837);
#6836 = CARTESIAN_POINT('',(0.112593487176,3.35529759579));
#6837 = VECTOR('',#6838,1.);
#6838 = DIRECTION('',(-6.689324219581E-02,-0.997760138585));
#6839 = ( GEOMETRIC_REPRESENTATION_CONTEXT(2) 
PARAMETRIC_REPRESENTATION_CONTEXT() REPRESENTATION_CONTEXT('2D SPACE',''
  ) );
#6840 = PCURVE('',#6841,#6846);
#6841 = PLANE('',#6842);
#6842 = AXIS2_PLACEMENT_3D('',#6843,#6844,#6845);
#6843 = CARTESIAN_POINT('',(-19.85529759579,-24.35750841616,
    314.79834805809));
#6844 = DIRECTION('',(-7.097024057055E-18,-0.422627630001,
    -0.906303418486));
#6845 = DIRECTION('',(0.,-0.906303418486,0.422627630001));
#6846 = DEFINITIONAL_REPRESENTATION('',(#6847),#6850);
#6847 = B_SPLINE_CURVE_WITH_KNOTS('',1,(#6848,#6849),.UNSPECIFIED.,.F.,
  .F.,(2,2),(0.,6.514591782771),.PIECEWISE_BEZIER_KNOTS.);
#6848 = CARTESIAN_POINT('',(0.323188678756,3.14470240421));
#6849 = CARTESIAN_POINT('',(-0.112593487176,-3.35529759579));
#6850 = ( GEOMETRIC_REPRESENTATION_CONTEXT(2) 
PARAMETRIC_REPRESENTATION_CONTEXT() REPRESENTATION_CONTEXT('2D SPACE',''
  ) );
#6851 = ADVANCED_FACE('',(#6852),#6841,.T.);
#6852 = FACE_BOUND('',#6853,.T.);
#6853 = EDGE_LOOP('',(#6854,#6876,#6877));
#6854 = ORIENTED_EDGE('',*,*,#6855,.T.);
#6855 = EDGE_CURVE('',#6856,#5753,#6858,.T.);
#6856 = VERTEX_POINT('',#6857);
#6857 = CARTESIAN_POINT('',(-23.,-24.25546455383,314.75076293945));
#6858 = SURFACE_CURVE('',#6859,(#6863,#6870),.PCURVE_S1.);
#6859 = LINE('',#6860,#6861);
#6860 = CARTESIAN_POINT('',(-23.,-24.25546455383,314.75076293945));
#6861 = VECTOR('',#6862,1.);
#6862 = DIRECTION('',(1.,0.,0.));
#6863 = PCURVE('',#6841,#6864);
#6864 = DEFINITIONAL_REPRESENTATION('',(#6865),#6869);
#6865 = LINE('',#6866,#6867);
#6866 = CARTESIAN_POINT('',(-0.112593487176,3.14470240421));
#6867 = VECTOR('',#6868,1.);
#6868 = DIRECTION('',(0.,-1.));
#6869 = ( GEOMETRIC_REPRESENTATION_CONTEXT(2) 
PARAMETRIC_REPRESENTATION_CONTEXT() REPRESENTATION_CONTEXT('2D SPACE',''
  ) );
#6870 = PCURVE('',#5768,#6871);
#6871 = DEFINITIONAL_REPRESENTATION('',(#6872),#6875);
#6872 = B_SPLINE_CURVE_WITH_KNOTS('',1,(#6873,#6874),.UNSPECIFIED.,.F.,
  .F.,(2,2),(0.,6.5),.PIECEWISE_BEZIER_KNOTS.);
#6873 = CARTESIAN_POINT('',(0.112592674019,3.355296884601));
#6874 = CARTESIAN_POINT('',(0.112592674019,-3.144703115399));
#6875 = ( GEOMETRIC_REPRESENTATION_CONTEXT(2) 
PARAMETRIC_REPRESENTATION_CONTEXT() REPRESENTATION_CONTEXT('2D SPACE',''
  ) );
#6876 = ORIENTED_EDGE('',*,*,#6827,.F.);
#6877 = ORIENTED_EDGE('',*,*,#6878,.T.);
#6878 = EDGE_CURVE('',#6775,#6856,#6879,.T.);
#6879 = SURFACE_CURVE('',#6880,(#6884,#6891),.PCURVE_S1.);
#6880 = LINE('',#6881,#6882);
#6881 = CARTESIAN_POINT('',(-23.,-24.65041542053,314.93493652343));
#6882 = VECTOR('',#6883,1.);
#6883 = DIRECTION('',(0.,0.906303418486,-0.422627630001));
#6884 = PCURVE('',#6841,#6885);
#6885 = DEFINITIONAL_REPRESENTATION('',(#6886),#6890);
#6886 = LINE('',#6887,#6888);
#6887 = CARTESIAN_POINT('',(0.323188678756,3.14470240421));
#6888 = VECTOR('',#6889,1.);
#6889 = DIRECTION('',(-1.,-1.155557966632E-33));
#6890 = ( GEOMETRIC_REPRESENTATION_CONTEXT(2) 
PARAMETRIC_REPRESENTATION_CONTEXT() REPRESENTATION_CONTEXT('2D SPACE',''
  ) );
#6891 = PCURVE('',#6892,#6897);
#6892 = PLANE('',#6893);
#6893 = AXIS2_PLACEMENT_3D('',#6894,#6895,#6896);
#6894 = CARTESIAN_POINT('',(-23.,-24.03113186535,314.74934098494));
#6895 = DIRECTION('',(-1.,-0.,-0.));
#6896 = DIRECTION('',(0.,0.,-1.));
#6897 = DEFINITIONAL_REPRESENTATION('',(#6898),#6901);
#6898 = B_SPLINE_CURVE_WITH_KNOTS('',1,(#6899,#6900),.UNSPECIFIED.,.F.,
  .F.,(2,2),(0.,0.435782165932),.PIECEWISE_BEZIER_KNOTS.);
#6899 = CARTESIAN_POINT('',(-0.185595538494,0.619283555178));
#6900 = CARTESIAN_POINT('',(-1.421954509169E-03,0.224332688479));
#6901 = ( GEOMETRIC_REPRESENTATION_CONTEXT(2) 
PARAMETRIC_REPRESENTATION_CONTEXT() REPRESENTATION_CONTEXT('2D SPACE',''
  ) );
#6902 = ADVANCED_FACE('',(#6903),#5768,.T.);
#6903 = FACE_BOUND('',#6904,.T.);
#6904 = EDGE_LOOP('',(#6905,#6906,#6907));
#6905 = ORIENTED_EDGE('',*,*,#5752,.F.);
#6906 = ORIENTED_EDGE('',*,*,#6855,.F.);
#6907 = ORIENTED_EDGE('',*,*,#6908,.T.);
#6908 = EDGE_CURVE('',#6856,#5672,#6909,.T.);
#6909 = SURFACE_CURVE('',#6910,(#6914,#6921),.PCURVE_S1.);
#6910 = LINE('',#6911,#6912);
#6911 = CARTESIAN_POINT('',(-23.,-24.25546455383,314.75076293945));
#6912 = VECTOR('',#6913,1.);
#6913 = DIRECTION('',(0.997760169819,6.46132531847E-02,
    -1.73138971776E-02));
#6914 = PCURVE('',#5768,#6915);
#6915 = DEFINITIONAL_REPRESENTATION('',(#6916),#6920);
#6916 = LINE('',#6917,#6918);
#6917 = CARTESIAN_POINT('',(0.112592674019,3.355296884601));
#6918 = VECTOR('',#6919,1.);
#6919 = DIRECTION('',(-6.689277631094E-02,-0.997760169819));
#6920 = ( GEOMETRIC_REPRESENTATION_CONTEXT(2) 
PARAMETRIC_REPRESENTATION_CONTEXT() REPRESENTATION_CONTEXT('2D SPACE',''
  ) );
#6921 = PCURVE('',#6922,#6927);
#6922 = PLANE('',#6923);
#6923 = AXIS2_PLACEMENT_3D('',#6924,#6925,#6926);
#6924 = CARTESIAN_POINT('',(-19.8552968846,-23.94329142194,
    314.66711239965));
#6925 = DIRECTION('',(3.43968748798E-18,-0.258830596253,-0.965922731094)
  );
#6926 = DIRECTION('',(0.,-0.965922731094,0.258830596253));
#6927 = DEFINITIONAL_REPRESENTATION('',(#6928),#6931);
#6928 = B_SPLINE_CURVE_WITH_KNOTS('',1,(#6929,#6930),.UNSPECIFIED.,.F.,
  .F.,(2,2),(0.,6.514591578835),.PIECEWISE_BEZIER_KNOTS.);
#6929 = CARTESIAN_POINT('',(0.323186443221,3.144703115399));
#6930 = CARTESIAN_POINT('',(-0.112592674019,-3.355296884601));
#6931 = ( GEOMETRIC_REPRESENTATION_CONTEXT(2) 
PARAMETRIC_REPRESENTATION_CONTEXT() REPRESENTATION_CONTEXT('2D SPACE',''
  ) );
#6932 = ADVANCED_FACE('',(#6933),#6922,.T.);
#6933 = FACE_BOUND('',#6934,.T.);
#6934 = EDGE_LOOP('',(#6935,#6957,#6958));
#6935 = ORIENTED_EDGE('',*,*,#6936,.T.);
#6936 = EDGE_CURVE('',#6937,#5672,#6939,.T.);
#6937 = VERTEX_POINT('',#6938);
#6938 = CARTESIAN_POINT('',(-23.,-23.83453559875,314.6379699707));
#6939 = SURFACE_CURVE('',#6940,(#6944,#6951),.PCURVE_S1.);
#6940 = LINE('',#6941,#6942);
#6941 = CARTESIAN_POINT('',(-23.,-23.83453559875,314.6379699707));
#6942 = VECTOR('',#6943,1.);
#6943 = DIRECTION('',(1.,0.,0.));
#6944 = PCURVE('',#6922,#6945);
#6945 = DEFINITIONAL_REPRESENTATION('',(#6946),#6950);
#6946 = LINE('',#6947,#6948);
#6947 = CARTESIAN_POINT('',(-0.112592674019,3.144703115399));
#6948 = VECTOR('',#6949,1.);
#6949 = DIRECTION('',(0.,-1.));
#6950 = ( GEOMETRIC_REPRESENTATION_CONTEXT(2) 
PARAMETRIC_REPRESENTATION_CONTEXT() REPRESENTATION_CONTEXT('2D SPACE',''
  ) );
#6951 = PCURVE('',#5687,#6952);
#6952 = DEFINITIONAL_REPRESENTATION('',(#6953),#6956);
#6953 = B_SPLINE_CURVE_WITH_KNOTS('',1,(#6954,#6955),.UNSPECIFIED.,.F.,
  .F.,(2,2),(0.,6.5),.PIECEWISE_BEZIER_KNOTS.);
#6954 = CARTESIAN_POINT('',(0.112592106432,3.144703611812));
#6955 = CARTESIAN_POINT('',(0.112592106432,-3.355296388188));
#6956 = ( GEOMETRIC_REPRESENTATION_CONTEXT(2) 
PARAMETRIC_REPRESENTATION_CONTEXT() REPRESENTATION_CONTEXT('2D SPACE',''
  ) );
#6957 = ORIENTED_EDGE('',*,*,#6908,.F.);
#6958 = ORIENTED_EDGE('',*,*,#6959,.T.);
#6959 = EDGE_CURVE('',#6856,#6937,#6960,.T.);
#6960 = SURFACE_CURVE('',#6961,(#6965,#6972),.PCURVE_S1.);
#6961 = LINE('',#6962,#6963);
#6962 = CARTESIAN_POINT('',(-23.,-24.25546455383,314.75076293945));
#6963 = VECTOR('',#6964,1.);
#6964 = DIRECTION('',(0.,0.965922731094,-0.258830596253));
#6965 = PCURVE('',#6922,#6966);
#6966 = DEFINITIONAL_REPRESENTATION('',(#6967),#6971);
#6967 = LINE('',#6968,#6969);
#6968 = CARTESIAN_POINT('',(0.323186443221,3.144703115399));
#6969 = VECTOR('',#6970,1.);
#6970 = DIRECTION('',(-1.,-1.925929944387E-34));
#6971 = ( GEOMETRIC_REPRESENTATION_CONTEXT(2) 
PARAMETRIC_REPRESENTATION_CONTEXT() REPRESENTATION_CONTEXT('2D SPACE',''
  ) );
#6972 = PCURVE('',#6973,#6978);
#6973 = PLANE('',#6974);
#6974 = AXIS2_PLACEMENT_3D('',#6975,#6976,#6977);
#6975 = CARTESIAN_POINT('',(-23.,-23.82959229661,314.66601308898));
#6976 = DIRECTION('',(-1.,5.339880154289E-26,3.036098100246E-25));
#6977 = DIRECTION('',(-3.036098100246E-25,0.,-1.));
#6978 = DEFINITIONAL_REPRESENTATION('',(#6979),#6982);
#6979 = B_SPLINE_CURVE_WITH_KNOTS('',1,(#6980,#6981),.UNSPECIFIED.,.F.,
  .F.,(2,2),(0.,0.43577911724),.PIECEWISE_BEZIER_KNOTS.);
#6980 = CARTESIAN_POINT('',(-8.474985046928E-02,0.42587225722));
#6981 = CARTESIAN_POINT('',(2.804311828072E-02,4.94330214168E-03));
#6982 = ( GEOMETRIC_REPRESENTATION_CONTEXT(2) 
PARAMETRIC_REPRESENTATION_CONTEXT() REPRESENTATION_CONTEXT('2D SPACE',''
  ) );
#6983 = ADVANCED_FACE('',(#6984),#5687,.T.);
#6984 = FACE_BOUND('',#6985,.T.);
#6985 = EDGE_LOOP('',(#6986,#6987,#6988));
#6986 = ORIENTED_EDGE('',*,*,#5671,.F.);
#6987 = ORIENTED_EDGE('',*,*,#6936,.F.);
#6988 = ORIENTED_EDGE('',*,*,#6989,.T.);
#6989 = EDGE_CURVE('',#6937,#5616,#6990,.T.);
#6990 = SURFACE_CURVE('',#6991,(#6995,#7002),.PCURVE_S1.);
#6991 = LINE('',#6992,#6993);
#6992 = CARTESIAN_POINT('',(-23.,-23.83453559875,314.6379699707));
#6993 = VECTOR('',#6994,1.);
#6994 = DIRECTION('',(0.,0.996198030049,-8.711764990994E-02));
#6995 = PCURVE('',#5687,#6996);
#6996 = DEFINITIONAL_REPRESENTATION('',(#6997),#7001);
#6997 = LINE('',#6998,#6999);
#6998 = CARTESIAN_POINT('',(0.112592106432,3.144703611812));
#6999 = VECTOR('',#7000,1.);
#7000 = DIRECTION('',(-1.,1.203706215242E-35));
#7001 = ( GEOMETRIC_REPRESENTATION_CONTEXT(2) 
PARAMETRIC_REPRESENTATION_CONTEXT() REPRESENTATION_CONTEXT('2D SPACE',''
  ) );
#7002 = PCURVE('',#6973,#7003);
#7003 = DEFINITIONAL_REPRESENTATION('',(#7004),#7007);
#7004 = B_SPLINE_CURVE_WITH_KNOTS('',1,(#7005,#7006),.UNSPECIFIED.,.F.,
  .F.,(2,2),(0.,0.435776989241),.PIECEWISE_BEZIER_KNOTS.);
#7005 = CARTESIAN_POINT('',(2.804311828072E-02,4.94330214168E-03));
#7006 = CARTESIAN_POINT('',(6.600698546822E-02,-0.429176876081));
#7007 = ( GEOMETRIC_REPRESENTATION_CONTEXT(2) 
PARAMETRIC_REPRESENTATION_CONTEXT() REPRESENTATION_CONTEXT('2D SPACE',''
  ) );
#7008 = ADVANCED_FACE('',(#7009),#2426,.T.);
#7009 = FACE_BOUND('',#7010,.T.);
#7010 = EDGE_LOOP('',(#7011,#7038,#7039));
#7011 = ORIENTED_EDGE('',*,*,#7012,.T.);
#7012 = EDGE_CURVE('',#7013,#2324,#7015,.T.);
#7013 = VERTEX_POINT('',#7014);
#7014 = CARTESIAN_POINT('',(-18.01187515258,-25.8927116394,
    347.69564819335));
#7015 = SURFACE_CURVE('',#7016,(#7020,#7027),.PCURVE_S1.);
#7016 = LINE('',#7017,#7018);
#7017 = CARTESIAN_POINT('',(-18.01187515258,-25.8927116394,
    347.69564819335));
#7018 = VECTOR('',#7019,1.);
#7019 = DIRECTION('',(6.053822221441E-02,-3.92730291558E-02,
    -0.997392978135));
#7020 = PCURVE('',#2426,#7021);
#7021 = DEFINITIONAL_REPRESENTATION('',(#7022),#7026);
#7022 = LINE('',#7023,#7024);
#7023 = CARTESIAN_POINT('',(-0.146214436644,-3.9604645153));
#7024 = VECTOR('',#7025,1.);
#7025 = DIRECTION('',(0.998165879827,6.053822221441E-02));
#7026 = ( GEOMETRIC_REPRESENTATION_CONTEXT(2) 
PARAMETRIC_REPRESENTATION_CONTEXT() REPRESENTATION_CONTEXT('2D SPACE',''
  ) );
#7027 = PCURVE('',#7028,#7033);
#7028 = PLANE('',#7029);
#7029 = AXIS2_PLACEMENT_3D('',#7030,#7031,#7032);
#7030 = CARTESIAN_POINT('',(-18.02049536495,-25.88713107206,
    347.6944142804));
#7031 = DIRECTION('',(-0.543449159681,-0.83944208031,6.816501128578E-05)
  );
#7032 = DIRECTION('',(-0.83944208226,0.543449160944,-6.776263578034E-21)
  );
#7033 = DEFINITIONAL_REPRESENTATION('',(#7034),#7037);
#7034 = B_SPLINE_CURVE_WITH_KNOTS('',1,(#7035,#7036),.UNSPECIFIED.,.F.,
  .F.,(2,2),(0.,0.196159585688),.PIECEWISE_BEZIER_KNOTS.);
#7035 = CARTESIAN_POINT('',(-1.026892366135E-02,-1.23391295514E-03));
#7036 = CARTESIAN_POINT('',(-2.442403986695E-02,0.194414280859));
#7037 = ( GEOMETRIC_REPRESENTATION_CONTEXT(2) 
PARAMETRIC_REPRESENTATION_CONTEXT() REPRESENTATION_CONTEXT('2D SPACE',''
  ) );
#7038 = ORIENTED_EDGE('',*,*,#2412,.F.);
#7039 = ORIENTED_EDGE('',*,*,#7040,.T.);
#7040 = EDGE_CURVE('',#1764,#7013,#7041,.T.);
#7041 = SURFACE_CURVE('',#7042,(#7046,#7053),.PCURVE_S1.);
#7042 = LINE('',#7043,#7044);
#7043 = CARTESIAN_POINT('',(-10.,-25.90041542053,347.5));
#7044 = VECTOR('',#7045,1.);
#7045 = DIRECTION('',(-0.999701508694,9.612583158827E-04,
    2.441248650903E-02));
#7046 = PCURVE('',#2426,#7047);
#7047 = DEFINITIONAL_REPRESENTATION('',(#7048),#7052);
#7048 = LINE('',#7049,#7050);
#7049 = CARTESIAN_POINT('',(4.958536879148E-02,4.051410637288));
#7050 = VECTOR('',#7051,1.);
#7051 = DIRECTION('',(-2.443140428022E-02,-0.999701508694));
#7052 = ( GEOMETRIC_REPRESENTATION_CONTEXT(2) 
PARAMETRIC_REPRESENTATION_CONTEXT() REPRESENTATION_CONTEXT('2D SPACE',''
  ) );
#7053 = PCURVE('',#1835,#7054);
#7054 = DEFINITIONAL_REPRESENTATION('',(#7055),#7058);
#7055 = B_SPLINE_CURVE_WITH_KNOTS('',1,(#7056,#7057),.UNSPECIFIED.,.F.,
  .F.,(2,2),(0.,8.014267341714),.PIECEWISE_BEZIER_KNOTS.);
#7056 = CARTESIAN_POINT('',(0.207033525034,3.899920449444));
#7057 = CARTESIAN_POINT('',(1.145842707526E-02,-4.111960191549));
#7058 = ( GEOMETRIC_REPRESENTATION_CONTEXT(2) 
PARAMETRIC_REPRESENTATION_CONTEXT() REPRESENTATION_CONTEXT('2D SPACE',''
  ) );
#7059 = ADVANCED_FACE('',(#7060),#1835,.T.);
#7060 = FACE_BOUND('',#7061,.T.);
#7061 = EDGE_LOOP('',(#7062,#7087,#7088));
#7062 = ORIENTED_EDGE('',*,*,#7063,.T.);
#7063 = EDGE_CURVE('',#1820,#7013,#7064,.T.);
#7064 = SURFACE_CURVE('',#7065,(#7069,#7076),.PCURVE_S1.);
#7065 = LINE('',#7066,#7067);
#7066 = CARTESIAN_POINT('',(-10.,-25.8624343872,347.93411254882));
#7067 = VECTOR('',#7068,1.);
#7068 = DIRECTION('',(-0.999550219264,-3.777347187283E-03,
    -2.975047591929E-02));
#7069 = PCURVE('',#1835,#7070);
#7070 = DEFINITIONAL_REPRESENTATION('',(#7071),#7075);
#7071 = LINE('',#7072,#7073);
#7072 = CARTESIAN_POINT('',(-0.228737359655,3.899920449444));
#7073 = VECTOR('',#7074,1.);
#7074 = DIRECTION('',(2.996648683608E-02,-0.99955090399));
#7075 = ( GEOMETRIC_REPRESENTATION_CONTEXT(2) 
PARAMETRIC_REPRESENTATION_CONTEXT() REPRESENTATION_CONTEXT('2D SPACE',''
  ) );
#7076 = PCURVE('',#7077,#7082);
#7077 = PLANE('',#7078);
#7078 = AXIS2_PLACEMENT_3D('',#7079,#7080,#7081);
#7079 = CARTESIAN_POINT('',(-14.06322052635,-25.8720321366,
    347.86216217507));
#7080 = DIRECTION('',(2.790178938504E-04,-0.993164197716,0.116725312267)
  );
#7081 = DIRECTION('',(0.,-0.116725316811,-0.993164236376));
#7082 = DEFINITIONAL_REPRESENTATION('',(#7083),#7086);
#7083 = B_SPLINE_CURVE_WITH_KNOTS('',1,(#7084,#7085),.UNSPECIFIED.,.F.,
  .F.,(2,2),(0.,8.015480361244),.PIECEWISE_BEZIER_KNOTS.);
#7084 = CARTESIAN_POINT('',(-7.257883834966E-02,4.063220684516));
#7085 = CARTESIAN_POINT('',(0.167789553007,-3.948654779938));
#7086 = ( GEOMETRIC_REPRESENTATION_CONTEXT(2) 
PARAMETRIC_REPRESENTATION_CONTEXT() REPRESENTATION_CONTEXT('2D SPACE',''
  ) );
#7087 = ORIENTED_EDGE('',*,*,#7040,.F.);
#7088 = ORIENTED_EDGE('',*,*,#1819,.F.);
#7089 = ADVANCED_FACE('',(#7090),#7077,.T.);
#7090 = FACE_BOUND('',#7091,.T.);
#7091 = EDGE_LOOP('',(#7092,#7114,#7115));
#7092 = ORIENTED_EDGE('',*,*,#7093,.T.);
#7093 = EDGE_CURVE('',#7094,#7013,#7096,.T.);
#7094 = VERTEX_POINT('',#7095);
#7095 = CARTESIAN_POINT('',(-18.04672813415,-25.87013244628,
    347.88784790039));
#7096 = SURFACE_CURVE('',#7097,(#7101,#7108),.PCURVE_S1.);
#7097 = LINE('',#7098,#7099);
#7098 = CARTESIAN_POINT('',(-18.04672813415,-25.87013244628,
    347.88784790039));
#7099 = VECTOR('',#7100,1.);
#7100 = DIRECTION('',(0.177247194546,-0.11482801341,-0.9774446068));
#7101 = PCURVE('',#7077,#7102);
#7102 = DEFINITIONAL_REPRESENTATION('',(#7103),#7107);
#7103 = LINE('',#7104,#7105);
#7104 = CARTESIAN_POINT('',(-2.573188572787E-02,-3.983507762862));
#7105 = VECTOR('',#7106,1.);
#7106 = DIRECTION('',(0.984166362756,0.177247201446));
#7107 = ( GEOMETRIC_REPRESENTATION_CONTEXT(2) 
PARAMETRIC_REPRESENTATION_CONTEXT() REPRESENTATION_CONTEXT('2D SPACE',''
  ) );
#7108 = PCURVE('',#7028,#7109);
#7109 = DEFINITIONAL_REPRESENTATION('',(#7110),#7113);
#7110 = B_SPLINE_CURVE_WITH_KNOTS('',1,(#7111,#7112),.UNSPECIFIED.,.F.,
  .F.,(2,2),(0.,0.19663488416),.PIECEWISE_BEZIER_KNOTS.);
#7111 = CARTESIAN_POINT('',(3.125877931182E-02,-0.193433620433));
#7112 = CARTESIAN_POINT('',(-1.026892366135E-02,-1.23391295514E-03));
#7113 = ( GEOMETRIC_REPRESENTATION_CONTEXT(2) 
PARAMETRIC_REPRESENTATION_CONTEXT() REPRESENTATION_CONTEXT('2D SPACE',''
  ) );
#7114 = ORIENTED_EDGE('',*,*,#7063,.F.);
#7115 = ORIENTED_EDGE('',*,*,#7116,.T.);
#7116 = EDGE_CURVE('',#1820,#7094,#7117,.T.);
#7117 = SURFACE_CURVE('',#7118,(#7122,#7129),.PCURVE_S1.);
#7118 = LINE('',#7119,#7120);
#7119 = CARTESIAN_POINT('',(-10.,-25.8624343872,347.93411254882));
#7120 = VECTOR('',#7121,1.);
#7121 = DIRECTION('',(-0.99998301446,-9.566532133311E-04,
    -5.749400481308E-03));
#7122 = PCURVE('',#7077,#7123);
#7123 = DEFINITIONAL_REPRESENTATION('',(#7124),#7128);
#7124 = LINE('',#7125,#7126);
#7125 = CARTESIAN_POINT('',(-7.257883834966E-02,4.063220684516));
#7126 = VECTOR('',#7127,1.);
#7127 = DIRECTION('',(5.82176458804E-03,-0.999983053385));
#7128 = ( GEOMETRIC_REPRESENTATION_CONTEXT(2) 
PARAMETRIC_REPRESENTATION_CONTEXT() REPRESENTATION_CONTEXT('2D SPACE',''
  ) );
#7129 = PCURVE('',#7130,#7135);
#7130 = PLANE('',#7131);
#7131 = AXIS2_PLACEMENT_3D('',#7132,#7133,#7134);
#7132 = CARTESIAN_POINT('',(-14.0865678716,-25.85702898901,
    347.95808420745));
#7133 = DIRECTION('',(-1.683877858823E-04,-0.981284195465,0.192565052323
    ));
#7134 = DIRECTION('',(0.,-0.192565055053,-0.981284209377));
#7135 = DEFINITIONAL_REPRESENTATION('',(#7136),#7139);
#7136 = B_SPLINE_CURVE_WITH_KNOTS('',1,(#7137,#7138),.UNSPECIFIED.,.F.,
  .F.,(2,2),(0.,8.046864814499),.PIECEWISE_BEZIER_KNOTS.);
#7137 = CARTESIAN_POINT('',(2.456390088398E-02,4.086567929539));
#7138 = CARTESIAN_POINT('',(7.1445047019E-02,-3.960160318697));
#7139 = ( GEOMETRIC_REPRESENTATION_CONTEXT(2) 
PARAMETRIC_REPRESENTATION_CONTEXT() REPRESENTATION_CONTEXT('2D SPACE',''
  ) );
#7140 = ADVANCED_FACE('',(#7141),#7130,.T.);
#7141 = FACE_BOUND('',#7142,.T.);
#7142 = EDGE_LOOP('',(#7143,#7170,#7171));
#7143 = ORIENTED_EDGE('',*,*,#7144,.T.);
#7144 = EDGE_CURVE('',#7145,#7094,#7147,.T.);
#7145 = VERTEX_POINT('',#7146);
#7146 = CARTESIAN_POINT('',(-18.10334396362,-25.83350181579,
    348.07446289062));
#7147 = SURFACE_CURVE('',#7148,(#7152,#7159),.PCURVE_S1.);
#7148 = LINE('',#7149,#7150);
#7149 = CARTESIAN_POINT('',(-18.10334396362,-25.83350181579,
    348.07446289062));
#7150 = VECTOR('',#7151,1.);
#7151 = DIRECTION('',(0.285326709212,-0.184607332494,-0.940483280978));
#7152 = PCURVE('',#7130,#7153);
#7153 = DEFINITIONAL_REPRESENTATION('',(#7154),#7158);
#7154 = LINE('',#7155,#7156);
#7155 = CARTESIAN_POINT('',(-0.118731075509,-4.016776148967));
#7156 = VECTOR('',#7157,1.);
#7157 = DIRECTION('',(0.958430313952,0.285326713257));
#7158 = ( GEOMETRIC_REPRESENTATION_CONTEXT(2) 
PARAMETRIC_REPRESENTATION_CONTEXT() REPRESENTATION_CONTEXT('2D SPACE',''
  ) );
#7159 = PCURVE('',#7160,#7165);
#7160 = PLANE('',#7161);
#7161 = AXIS2_PLACEMENT_3D('',#7162,#7163,#7164);
#7162 = CARTESIAN_POINT('',(-18.03787638322,-25.87588424131,
    341.0401430352));
#7163 = DIRECTION('',(-0.54321137741,-0.839595973932,3.039285514307E-06)
  );
#7164 = DIRECTION('',(-0.839595973936,0.543211377413,2.117582368136E-22)
  );
#7165 = DEFINITIONAL_REPRESENTATION('',(#7166),#7169);
#7166 = B_SPLINE_CURVE_WITH_KNOTS('',1,(#7167,#7168),.UNSPECIFIED.,.F.,
  .F.,(2,2),(0.,0.19842456959),.PIECEWISE_BEZIER_KNOTS.);
#7167 = CARTESIAN_POINT('',(7.798893266499E-02,-7.034319855456));
#7168 = CARTESIAN_POINT('',(1.055633493711E-02,-6.847704865221));
#7169 = ( GEOMETRIC_REPRESENTATION_CONTEXT(2) 
PARAMETRIC_REPRESENTATION_CONTEXT() REPRESENTATION_CONTEXT('2D SPACE',''
  ) );
#7170 = ORIENTED_EDGE('',*,*,#7116,.F.);
#7171 = ORIENTED_EDGE('',*,*,#7172,.T.);
#7172 = EDGE_CURVE('',#1820,#7145,#7173,.T.);
#7173 = SURFACE_CURVE('',#7174,(#7178,#7185),.PCURVE_S1.);
#7174 = LINE('',#7175,#7176);
#7175 = CARTESIAN_POINT('',(-10.,-25.8624343872,347.93411254882));
#7176 = VECTOR('',#7177,1.);
#7177 = DIRECTION('',(-0.999843670508,3.569890223938E-03,
    1.731734473191E-02));
#7178 = PCURVE('',#7130,#7179);
#7179 = DEFINITIONAL_REPRESENTATION('',(#7180),#7184);
#7180 = LINE('',#7181,#7182);
#7181 = CARTESIAN_POINT('',(2.456390088398E-02,4.086567929539));
#7182 = VECTOR('',#7183,1.);
#7183 = DIRECTION('',(-1.768067304126E-02,-0.999843684683));
#7184 = ( GEOMETRIC_REPRESENTATION_CONTEXT(2) 
PARAMETRIC_REPRESENTATION_CONTEXT() REPRESENTATION_CONTEXT('2D SPACE',''
  ) );
#7185 = PCURVE('',#1891,#7186);
#7186 = DEFINITIONAL_REPRESENTATION('',(#7187),#7190);
#7187 = B_SPLINE_CURVE_WITH_KNOTS('',1,(#7188,#7189),.UNSPECIFIED.,.F.,
  .F.,(2,2),(0.,8.104610953335),.PIECEWISE_BEZIER_KNOTS.);
#7188 = CARTESIAN_POINT('',(0.181478241633,3.945624136978));
#7189 = CARTESIAN_POINT('',(3.842191518725E-02,-4.157724158164));
#7190 = ( GEOMETRIC_REPRESENTATION_CONTEXT(2) 
PARAMETRIC_REPRESENTATION_CONTEXT() REPRESENTATION_CONTEXT('2D SPACE',''
  ) );
#7191 = ADVANCED_FACE('',(#7192),#1891,.T.);
#7192 = FACE_BOUND('',#7193,.T.);
#7193 = EDGE_LOOP('',(#7194,#7219,#7220));
#7194 = ORIENTED_EDGE('',*,*,#7195,.T.);
#7195 = EDGE_CURVE('',#1876,#7145,#7196,.T.);
#7196 = SURFACE_CURVE('',#7197,(#7201,#7208),.PCURVE_S1.);
#7197 = LINE('',#7198,#7199);
#7198 = CARTESIAN_POINT('',(-10.,-25.7496471405,348.3550415039));
#7199 = VECTOR('',#7200,1.);
#7200 = DIRECTION('',(-0.999347650004,-1.034140634682E-02,
    -3.460245289879E-02));
#7201 = PCURVE('',#1891,#7202);
#7202 = DEFINITIONAL_REPRESENTATION('',(#7203),#7207);
#7203 = LINE('',#7204,#7205);
#7204 = CARTESIAN_POINT('',(-0.254299394602,3.945624136978));
#7205 = VECTOR('',#7206,1.);
#7206 = DIRECTION('',(3.609995507494E-02,-0.99934818419));
#7207 = ( GEOMETRIC_REPRESENTATION_CONTEXT(2) 
PARAMETRIC_REPRESENTATION_CONTEXT() REPRESENTATION_CONTEXT('2D SPACE',''
  ) );
#7208 = PCURVE('',#7209,#7214);
#7209 = PLANE('',#7210);
#7210 = AXIS2_PLACEMENT_3D('',#7211,#7212,#7213);
#7211 = CARTESIAN_POINT('',(-14.12047738057,-25.77953431851,
    348.25856059753));
#7212 = DIRECTION('',(7.605618678058E-04,-0.96393945509,0.266120552507)
  );
#7213 = DIRECTION('',(-2.710505431214E-20,-0.266120629477,
    -0.963939733887));
#7214 = DEFINITIONAL_REPRESENTATION('',(#7215),#7218);
#7215 = B_SPLINE_CURVE_WITH_KNOTS('',1,(#7216,#7217),.UNSPECIFIED.,.F.,
  .F.,(2,2),(0.,8.108633630741),.PIECEWISE_BEZIER_KNOTS.);
#7216 = CARTESIAN_POINT('',(-0.100955373836,4.120478572327));
#7217 = CARTESIAN_POINT('',(0.191820958958,-3.982867735005));
#7218 = ( GEOMETRIC_REPRESENTATION_CONTEXT(2) 
PARAMETRIC_REPRESENTATION_CONTEXT() REPRESENTATION_CONTEXT('2D SPACE',''
  ) );
#7219 = ORIENTED_EDGE('',*,*,#7172,.F.);
#7220 = ORIENTED_EDGE('',*,*,#1875,.F.);
#7221 = ADVANCED_FACE('',(#7222),#7209,.T.);
#7222 = FACE_BOUND('',#7223,.T.);
#7223 = EDGE_LOOP('',(#7224,#7251,#7252));
#7224 = ORIENTED_EDGE('',*,*,#7225,.T.);
#7225 = EDGE_CURVE('',#7226,#7145,#7228,.T.);
#7226 = VERTEX_POINT('',#7227);
#7227 = CARTESIAN_POINT('',(-18.17983245849,-25.78411483764,
    348.25357055664));
#7228 = SURFACE_CURVE('',#7229,(#7233,#7240),.PCURVE_S1.);
#7229 = LINE('',#7230,#7231);
#7230 = CARTESIAN_POINT('',(-18.17983245849,-25.78411483764,
    348.25357055664));
#7231 = VECTOR('',#7232,1.);
#7232 = DIRECTION('',(0.380690006781,-0.245803360071,-0.891434701431));
#7233 = PCURVE('',#7209,#7234);
#7234 = DEFINITIONAL_REPRESENTATION('',(#7235),#7239);
#7235 = LINE('',#7236,#7237);
#7236 = CARTESIAN_POINT('',(6.029069329087E-03,-4.059356252));
#7237 = VECTOR('',#7238,1.);
#7238 = DIRECTION('',(0.924702673785,0.380690116887));
#7239 = ( GEOMETRIC_REPRESENTATION_CONTEXT(2) 
PARAMETRIC_REPRESENTATION_CONTEXT() REPRESENTATION_CONTEXT('2D SPACE',''
  ) );
#7240 = PCURVE('',#7241,#7246);
#7241 = PLANE('',#7242);
#7242 = AXIS2_PLACEMENT_3D('',#7243,#7244,#7245);
#7243 = CARTESIAN_POINT('',(-18.07141340816,-25.85421134608,
    341.13216379496));
#7244 = DIRECTION('',(-0.542414917796,-0.84011074081,1.133474955276E-05)
  );
#7245 = DIRECTION('',(-0.840110740864,0.542414917831,8.470329472543E-22)
  );
#7246 = DEFINITIONAL_REPRESENTATION('',(#7247),#7250);
#7247 = B_SPLINE_CURVE_WITH_KNOTS('',1,(#7248,#7249),.UNSPECIFIED.,.F.,
  .F.,(2,2),(0.,0.200920679583),.PIECEWISE_BEZIER_KNOTS.);
#7248 = CARTESIAN_POINT('',(0.129105400562,-7.121406762138));
#7249 = CARTESIAN_POINT('',(3.805836077211E-02,-6.942299096111));
#7250 = ( GEOMETRIC_REPRESENTATION_CONTEXT(2) 
PARAMETRIC_REPRESENTATION_CONTEXT() REPRESENTATION_CONTEXT('2D SPACE',''
  ) );
#7251 = ORIENTED_EDGE('',*,*,#7195,.F.);
#7252 = ORIENTED_EDGE('',*,*,#7253,.T.);
#7253 = EDGE_CURVE('',#1876,#7226,#7254,.T.);
#7254 = SURFACE_CURVE('',#7255,(#7259,#7266),.PCURVE_S1.);
#7255 = LINE('',#7256,#7257);
#7256 = CARTESIAN_POINT('',(-10.,-25.7496471405,348.3550415039));
#7257 = VECTOR('',#7258,1.);
#7258 = DIRECTION('',(-0.999914191036,-4.213379635955E-03,
    -1.240395089551E-02));
#7259 = PCURVE('',#7209,#7260);
#7260 = DEFINITIONAL_REPRESENTATION('',(#7261),#7265);
#7261 = LINE('',#7262,#7263);
#7262 = CARTESIAN_POINT('',(-0.100955373836,4.120478572327));
#7263 = VECTOR('',#7264,1.);
#7264 = DIRECTION('',(1.307792836632E-02,-0.999914480238));
#7265 = ( GEOMETRIC_REPRESENTATION_CONTEXT(2) 
PARAMETRIC_REPRESENTATION_CONTEXT() REPRESENTATION_CONTEXT('2D SPACE',''
  ) );
#7266 = PCURVE('',#7267,#7272);
#7267 = PLANE('',#7268);
#7268 = AXIS2_PLACEMENT_3D('',#7269,#7270,#7271);
#7269 = CARTESIAN_POINT('',(-14.16376751519,-25.75168965923,
    348.34691668869));
#7270 = DIRECTION('',(-1.92584732006E-04,-0.942034663599,0.335515507078)
  );
#7271 = DIRECTION('',(-6.776263578034E-21,-0.3355155133,-0.942034681068)
  );
#7272 = DEFINITIONAL_REPRESENTATION('',(#7273),#7276);
#7273 = B_SPLINE_CURVE_WITH_KNOTS('',1,(#7274,#7275),.UNSPECIFIED.,.F.,
  .F.,(2,2),(0.,8.180534421684),.PIECEWISE_BEZIER_KNOTS.);
#7274 = CARTESIAN_POINT('',(-8.339154431623E-03,4.163767592411));
#7275 = CARTESIAN_POINT('',(9.881444411281E-02,-4.016065017775));
#7276 = ( GEOMETRIC_REPRESENTATION_CONTEXT(2) 
PARAMETRIC_REPRESENTATION_CONTEXT() REPRESENTATION_CONTEXT('2D SPACE',''
  ) );
#7277 = ADVANCED_FACE('',(#7278),#7267,.T.);
#7278 = FACE_BOUND('',#7279,.T.);
#7279 = EDGE_LOOP('',(#7280,#7307,#7308));
#7280 = ORIENTED_EDGE('',*,*,#7281,.T.);
#7281 = EDGE_CURVE('',#7282,#7226,#7284,.T.);
#7282 = VERTEX_POINT('',#7283);
#7283 = CARTESIAN_POINT('',(-18.27382850647,-25.72358703613,
    348.42346191406));
#7284 = SURFACE_CURVE('',#7285,(#7289,#7296),.PCURVE_S1.);
#7285 = LINE('',#7286,#7287);
#7286 = CARTESIAN_POINT('',(-18.27382850647,-25.72358703613,
    348.42346191406));
#7287 = VECTOR('',#7288,1.);
#7288 = DIRECTION('',(0.462177838587,-0.297614730418,-0.835354486285));
#7289 = PCURVE('',#7267,#7290);
#7290 = DEFINITIONAL_REPRESENTATION('',(#7291),#7295);
#7291 = LINE('',#7292,#7293);
#7292 = CARTESIAN_POINT('',(-8.15371229861E-02,-4.110061067492));
#7293 = VECTOR('',#7294,1.);
#7294 = DIRECTION('',(0.886787256108,0.462177847158));
#7295 = ( GEOMETRIC_REPRESENTATION_CONTEXT(2) 
PARAMETRIC_REPRESENTATION_CONTEXT() REPRESENTATION_CONTEXT('2D SPACE',''
  ) );
#7296 = PCURVE('',#7297,#7302);
#7297 = PLANE('',#7298);
#7298 = AXIS2_PLACEMENT_3D('',#7299,#7300,#7301);
#7299 = CARTESIAN_POINT('',(-18.11435366384,-25.82652713329,
    341.21998776854));
#7300 = DIRECTION('',(-0.541363039303,-0.840788950194,3.013972484962E-05
    ));
#7301 = DIRECTION('',(-0.840788950576,0.541363039549,1.694065894509E-21)
  );
#7302 = DEFINITIONAL_REPRESENTATION('',(#7303),#7306);
#7303 = B_SPLINE_CURVE_WITH_KNOTS('',1,(#7304,#7305),.UNSPECIFIED.,.F.,
  .F.,(2,2),(0.,0.203376363222),.PIECEWISE_BEZIER_KNOTS.);
#7304 = CARTESIAN_POINT('',(0.189812649465,-7.203474148793));
#7305 = CARTESIAN_POINT('',(7.801429632588E-02,-7.033582791294));
#7306 = ( GEOMETRIC_REPRESENTATION_CONTEXT(2) 
PARAMETRIC_REPRESENTATION_CONTEXT() REPRESENTATION_CONTEXT('2D SPACE',''
  ) );
#7307 = ORIENTED_EDGE('',*,*,#7253,.F.);
#7308 = ORIENTED_EDGE('',*,*,#7309,.T.);
#7309 = EDGE_CURVE('',#1876,#7282,#7310,.T.);
#7310 = SURFACE_CURVE('',#7311,(#7315,#7322),.PCURVE_S1.);
#7311 = LINE('',#7312,#7313);
#7312 = CARTESIAN_POINT('',(-10.,-25.7496471405,348.3550415039));
#7313 = VECTOR('',#7314,1.);
#7314 = DIRECTION('',(-0.999960849684,3.14957991798E-03,8.2691744725E-03
    ));
#7315 = PCURVE('',#7267,#7316);
#7316 = DEFINITIONAL_REPRESENTATION('',(#7317),#7321);
#7317 = LINE('',#7318,#7319);
#7318 = CARTESIAN_POINT('',(-8.339154431623E-03,4.163767592411));
#7319 = VECTOR('',#7320,1.);
#7320 = DIRECTION('',(-8.846582059758E-03,-0.999960868227));
#7321 = ( GEOMETRIC_REPRESENTATION_CONTEXT(2) 
PARAMETRIC_REPRESENTATION_CONTEXT() REPRESENTATION_CONTEXT('2D SPACE',''
  ) );
#7322 = PCURVE('',#7323,#7328);
#7323 = PLANE('',#7324);
#7324 = AXIS2_PLACEMENT_3D('',#7325,#7326,#7327);
#7325 = CARTESIAN_POINT('',(-14.21507507743,-25.71863502811,
    348.43028311859));
#7326 = DIRECTION('',(4.413225843954E-04,-0.915595107945,0.40210123544)
  );
#7327 = DIRECTION('',(-2.710505431214E-20,-0.402101274598,
    -0.915595197108));
#7328 = DEFINITIONAL_REPRESENTATION('',(#7329),#7332);
#7329 = B_SPLINE_CURVE_WITH_KNOTS('',1,(#7330,#7331),.UNSPECIFIED.,.F.,
  .F.,(2,2),(0.,8.274152442156),.PIECEWISE_BEZIER_KNOTS.);
#7330 = CARTESIAN_POINT('',(8.136087094836E-02,4.215075487909));
#7331 = CARTESIAN_POINT('',(8.236670841776E-03,-4.05875382429));
#7332 = ( GEOMETRIC_REPRESENTATION_CONTEXT(2) 
PARAMETRIC_REPRESENTATION_CONTEXT() REPRESENTATION_CONTEXT('2D SPACE',''
  ) );
#7333 = ADVANCED_FACE('',(#7334),#7323,.T.);
#7334 = FACE_BOUND('',#7335,.T.);
#7335 = EDGE_LOOP('',(#7336,#7363,#7364));
#7336 = ORIENTED_EDGE('',*,*,#7337,.T.);
#7337 = EDGE_CURVE('',#7338,#7282,#7340,.T.);
#7338 = VERTEX_POINT('',#7339);
#7339 = CARTESIAN_POINT('',(-18.38285064697,-25.65361213684,
    348.58291625976));
#7340 = SURFACE_CURVE('',#7341,(#7345,#7352),.PCURVE_S1.);
#7341 = LINE('',#7342,#7343);
#7342 = CARTESIAN_POINT('',(-18.38285064697,-25.65361213684,
    348.58291625976));
#7343 = VECTOR('',#7344,1.);
#7344 = DIRECTION('',(0.530661166392,-0.340600189147,-0.776138027439));
#7345 = PCURVE('',#7323,#7346);
#7346 = DEFINITIONAL_REPRESENTATION('',(#7347),#7351);
#7347 = LINE('',#7348,#7349);
#7348 = CARTESIAN_POINT('',(-0.165895958437,-4.167775975409));
#7349 = VECTOR('',#7350,1.);
#7350 = DIRECTION('',(0.8475840204,0.530661218069));
#7351 = ( GEOMETRIC_REPRESENTATION_CONTEXT(2) 
PARAMETRIC_REPRESENTATION_CONTEXT() REPRESENTATION_CONTEXT('2D SPACE',''
  ) );
#7352 = PCURVE('',#7353,#7358);
#7353 = PLANE('',#7354);
#7354 = AXIS2_PLACEMENT_3D('',#7355,#7356,#7357);
#7355 = CARTESIAN_POINT('',(-18.16547588246,-25.79366542331,
    341.30279814084));
#7356 = DIRECTION('',(-0.540085698643,-0.841610024873,6.445614605237E-05
    ));
#7357 = DIRECTION('',(-0.841610026621,0.540085699765,-3.388131789017E-21
    ));
#7358 = DEFINITIONAL_REPRESENTATION('',(#7359),#7362);
#7359 = B_SPLINE_CURVE_WITH_KNOTS('',1,(#7360,#7361),.UNSPECIFIED.,.F.,
  .F.,(2,2),(0.,0.205445861517),.PIECEWISE_BEZIER_KNOTS.);
#7360 = CARTESIAN_POINT('',(0.258585558579,-7.280118134042));
#7361 = CARTESIAN_POINT('',(0.129038989558,-7.120663788008));
#7362 = ( GEOMETRIC_REPRESENTATION_CONTEXT(2) 
PARAMETRIC_REPRESENTATION_CONTEXT() REPRESENTATION_CONTEXT('2D SPACE',''
  ) );
#7363 = ORIENTED_EDGE('',*,*,#7309,.F.);
#7364 = ORIENTED_EDGE('',*,*,#7365,.T.);
#7365 = EDGE_CURVE('',#1876,#7338,#7366,.T.);
#7366 = SURFACE_CURVE('',#7367,(#7371,#7378),.PCURVE_S1.);
#7367 = LINE('',#7368,#7369);
#7368 = CARTESIAN_POINT('',(-10.,-25.7496471405,348.3550415039));
#7369 = VECTOR('',#7370,1.);
#7370 = DIRECTION('',(-0.999565192496,1.145114603187E-02,
    2.71716249994E-02));
#7371 = PCURVE('',#7323,#7372);
#7372 = DEFINITIONAL_REPRESENTATION('',(#7373),#7377);
#7373 = LINE('',#7374,#7375);
#7374 = CARTESIAN_POINT('',(8.136087094836E-02,4.215075487909));
#7375 = VECTOR('',#7376,1.);
#7376 = DIRECTION('',(-2.948272976209E-02,-0.999565289836));
#7377 = ( GEOMETRIC_REPRESENTATION_CONTEXT(2) 
PARAMETRIC_REPRESENTATION_CONTEXT() REPRESENTATION_CONTEXT('2D SPACE',''
  ) );
#7378 = PCURVE('',#1947,#7379);
#7379 = DEFINITIONAL_REPRESENTATION('',(#7380),#7383);
#7380 = B_SPLINE_CURVE_WITH_KNOTS('',1,(#7381,#7382),.UNSPECIFIED.,.F.,
  .F.,(2,2),(0.,8.38649715887),.PIECEWISE_BEZIER_KNOTS.);
#7381 = CARTESIAN_POINT('',(0.232122709593,4.085276678928));
#7382 = CARTESIAN_POINT('',(-1.498814871535E-02,-4.297579088616));
#7383 = ( GEOMETRIC_REPRESENTATION_CONTEXT(2) 
PARAMETRIC_REPRESENTATION_CONTEXT() REPRESENTATION_CONTEXT('2D SPACE',''
  ) );
#7384 = ADVANCED_FACE('',(#7385),#1947,.T.);
#7385 = FACE_BOUND('',#7386,.T.);
#7386 = EDGE_LOOP('',(#7387,#7412,#7413));
#7387 = ORIENTED_EDGE('',*,*,#7388,.T.);
#7388 = EDGE_CURVE('',#1932,#7338,#7389,.T.);
#7389 = SURFACE_CURVE('',#7390,(#7394,#7401),.PCURVE_S1.);
#7390 = LINE('',#7391,#7392);
#7391 = CARTESIAN_POINT('',(-10.,-25.56547737121,348.75));
#7392 = VECTOR('',#7393,1.);
#7393 = DIRECTION('',(-0.999746193119,-1.051103021224E-02,
    -1.99265548518E-02));
#7394 = PCURVE('',#1947,#7395);
#7395 = DEFINITIONAL_REPRESENTATION('',(#7396),#7400);
#7396 = LINE('',#7397,#7398);
#7397 = CARTESIAN_POINT('',(-0.203664758739,4.085276678928));
#7398 = VECTOR('',#7399,1.);
#7399 = DIRECTION('',(2.250173962843E-02,-0.999746803803));
#7400 = ( GEOMETRIC_REPRESENTATION_CONTEXT(2) 
PARAMETRIC_REPRESENTATION_CONTEXT() REPRESENTATION_CONTEXT('2D SPACE',''
  ) );
#7401 = PCURVE('',#7402,#7407);
#7402 = PLANE('',#7403);
#7403 = AXIS2_PLACEMENT_3D('',#7404,#7405,#7406);
#7404 = CARTESIAN_POINT('',(-14.35536967736,-25.56906092349,
    348.73819407519));
#7405 = DIRECTION('',(-6.123110052071E-04,-0.871486212717,0.490419622486
    ));
#7406 = DIRECTION('',(0.,-0.490419714422,-0.871486376088));
#7407 = DEFINITIONAL_REPRESENTATION('',(#7408),#7411);
#7408 = B_SPLINE_CURVE_WITH_KNOTS('',1,(#7409,#7410),.UNSPECIFIED.,.F.,
  .F.,(2,2),(0.,8.384978812294),.PIECEWISE_BEZIER_KNOTS.);
#7409 = CARTESIAN_POINT('',(-1.204614730831E-02,4.355370493828));
#7410 = CARTESIAN_POINT('',(0.17678808256,-4.027481724614));
#7411 = ( GEOMETRIC_REPRESENTATION_CONTEXT(2) 
PARAMETRIC_REPRESENTATION_CONTEXT() REPRESENTATION_CONTEXT('2D SPACE',''
  ) );
#7412 = ORIENTED_EDGE('',*,*,#7365,.F.);
#7413 = ORIENTED_EDGE('',*,*,#1931,.F.);
#7414 = ADVANCED_FACE('',(#7415),#7402,.T.);
#7415 = FACE_BOUND('',#7416,.T.);
#7416 = EDGE_LOOP('',(#7417,#7444,#7445));
#7417 = ORIENTED_EDGE('',*,*,#7418,.T.);
#7418 = EDGE_CURVE('',#7419,#7338,#7421,.T.);
#7419 = VERTEX_POINT('',#7420);
#7420 = CARTESIAN_POINT('',(-18.63354492187,-25.49358558654,
    348.86697387695));
#7421 = SURFACE_CURVE('',#7422,(#7426,#7433),.PCURVE_S1.);
#7422 = LINE('',#7423,#7424);
#7423 = CARTESIAN_POINT('',(-18.63354492187,-25.49358558654,
    348.86697387695));
#7424 = VECTOR('',#7425,1.);
#7425 = DIRECTION('',(0.609557994367,-0.389101279158,-0.690680277741));
#7426 = PCURVE('',#7402,#7427);
#7427 = DEFINITIONAL_REPRESENTATION('',(#7428),#7432);
#7428 = LINE('',#7429,#7430);
#7429 = CARTESIAN_POINT('',(-0.149244435937,-4.278176046512));
#7430 = VECTOR('',#7431,1.);
#7431 = DIRECTION('',(0.79274139049,0.609558108637));
#7432 = ( GEOMETRIC_REPRESENTATION_CONTEXT(2) 
PARAMETRIC_REPRESENTATION_CONTEXT() REPRESENTATION_CONTEXT('2D SPACE',''
  ) );
#7433 = PCURVE('',#7434,#7439);
#7434 = PLANE('',#7435);
#7435 = AXIS2_PLACEMENT_3D('',#7436,#7437,#7438);
#7436 = CARTESIAN_POINT('',(-18.25821619242,-25.73436230136,
    341.46448903636));
#7437 = DIRECTION('',(-0.53794084769,-0.842982576126,1.439949509544E-04)
  );
#7438 = DIRECTION('',(-0.842982584866,0.537940853267,0.));
#7439 = DEFINITIONAL_REPRESENTATION('',(#7440),#7443);
#7440 = B_SPLINE_CURVE_WITH_KNOTS('',1,(#7441,#7442),.UNSPECIFIED.,.F.,
  .F.,(2,2),(0.,0.411272228761),.PIECEWISE_BEZIER_KNOTS.);
#7441 = CARTESIAN_POINT('',(0.445919213941,-7.402484917335));
#7442 = CARTESIAN_POINT('',(0.148503487063,-7.118427297202));
#7443 = ( GEOMETRIC_REPRESENTATION_CONTEXT(2) 
PARAMETRIC_REPRESENTATION_CONTEXT() REPRESENTATION_CONTEXT('2D SPACE',''
  ) );
#7444 = ORIENTED_EDGE('',*,*,#7388,.F.);
#7445 = ORIENTED_EDGE('',*,*,#7446,.T.);
#7446 = EDGE_CURVE('',#1932,#7419,#7447,.T.);
#7447 = SURFACE_CURVE('',#7448,(#7452,#7459),.PCURVE_S1.);
#7448 = LINE('',#7449,#7450);
#7449 = CARTESIAN_POINT('',(-10.,-25.56547737121,348.75));
#7450 = VECTOR('',#7451,1.);
#7451 = DIRECTION('',(-0.999873569744,8.325976875281E-03,
    1.354705268511E-02));
#7452 = PCURVE('',#7402,#7453);
#7453 = DEFINITIONAL_REPRESENTATION('',(#7454),#7458);
#7454 = LINE('',#7455,#7456);
#7455 = CARTESIAN_POINT('',(-1.204614730831E-02,4.355370493828));
#7456 = VECTOR('',#7457,1.);
#7457 = DIRECTION('',(-1.588929505267E-02,-0.999873757183));
#7458 = ( GEOMETRIC_REPRESENTATION_CONTEXT(2) 
PARAMETRIC_REPRESENTATION_CONTEXT() REPRESENTATION_CONTEXT('2D SPACE',''
  ) );
#7459 = PCURVE('',#2003,#7460);
#7460 = DEFINITIONAL_REPRESENTATION('',(#7461),#7464);
#7461 = B_SPLINE_CURVE_WITH_KNOTS('',1,(#7462,#7463),.UNSPECIFIED.,.F.,
  .F.,(2,2),(0.,8.634636601191),.PIECEWISE_BEZIER_KNOTS.);
#7462 = CARTESIAN_POINT('',(0.178490673934,4.210550038441));
#7463 = CARTESIAN_POINT('',(4.143590157779E-02,-4.422998781367));
#7464 = ( GEOMETRIC_REPRESENTATION_CONTEXT(2) 
PARAMETRIC_REPRESENTATION_CONTEXT() REPRESENTATION_CONTEXT('2D SPACE',''
  ) );
#7465 = ADVANCED_FACE('',(#7466),#2003,.T.);
#7466 = FACE_BOUND('',#7467,.T.);
#7467 = EDGE_LOOP('',(#7468,#7493,#7494));
#7468 = ORIENTED_EDGE('',*,*,#7469,.T.);
#7469 = EDGE_CURVE('',#1988,#7419,#7470,.T.);
#7470 = SURFACE_CURVE('',#7471,(#7475,#7482),.PCURVE_S1.);
#7471 = LINE('',#7472,#7473);
#7472 = CARTESIAN_POINT('',(-10.,-25.31552505493,349.10696411132));
#7473 = VECTOR('',#7474,1.);
#7474 = DIRECTION('',(-0.99940150938,-2.061192310557E-02,
    -2.778077888528E-02));
#7475 = PCURVE('',#2003,#7476);
#7476 = DEFINITIONAL_REPRESENTATION('',(#7477),#7481);
#7477 = LINE('',#7478,#7479);
#7478 = CARTESIAN_POINT('',(-0.257283966439,4.210550038441));
#7479 = VECTOR('',#7480,1.);
#7480 = DIRECTION('',(3.457920120639E-02,-0.999401960596));
#7481 = ( GEOMETRIC_REPRESENTATION_CONTEXT(2) 
PARAMETRIC_REPRESENTATION_CONTEXT() REPRESENTATION_CONTEXT('2D SPACE',''
  ) );
#7482 = PCURVE('',#7483,#7488);
#7483 = PLANE('',#7484);
#7484 = AXIS2_PLACEMENT_3D('',#7485,#7486,#7487);
#7485 = CARTESIAN_POINT('',(-14.36276268663,-25.36203151117,
    349.04440748787));
#7486 = DIRECTION('',(3.524316573223E-05,-0.803699092498,0.59503593797)
  );
#7487 = DIRECTION('',(-3.388131789017E-21,-0.59503593834,-0.803699092997
    ));
#7488 = DEFINITIONAL_REPRESENTATION('',(#7489),#7492);
#7489 = B_SPLINE_CURVE_WITH_KNOTS('',1,(#7490,#7491),.UNSPECIFIED.,.F.,
  .F.,(2,2),(0.,8.638715111841),.PIECEWISE_BEZIER_KNOTS.);
#7490 = CARTESIAN_POINT('',(-7.79497143614E-02,4.36276268934));
#7491 = CARTESIAN_POINT('',(0.220882634845,-4.270782237896));
#7492 = ( GEOMETRIC_REPRESENTATION_CONTEXT(2) 
PARAMETRIC_REPRESENTATION_CONTEXT() REPRESENTATION_CONTEXT('2D SPACE',''
  ) );
#7493 = ORIENTED_EDGE('',*,*,#7446,.F.);
#7494 = ORIENTED_EDGE('',*,*,#1987,.F.);
#7495 = ADVANCED_FACE('',(#7496),#7483,.T.);
#7496 = FACE_BOUND('',#7497,.T.);
#7497 = EDGE_LOOP('',(#7498,#7525,#7526));
#7498 = ORIENTED_EDGE('',*,*,#7499,.T.);
#7499 = EDGE_CURVE('',#7500,#7419,#7502,.T.);
#7500 = VERTEX_POINT('',#7501);
#7501 = CARTESIAN_POINT('',(-18.49958229064,-25.31874465942,
    349.10311889648));
#7502 = SURFACE_CURVE('',#7503,(#7507,#7514),.PCURVE_S1.);
#7503 = LINE('',#7504,#7505);
#7504 = CARTESIAN_POINT('',(-18.49958229064,-25.31874465942,
    349.10311889648));
#7505 = VECTOR('',#7506,1.);
#7506 = DIRECTION('',(-0.41484280354,-0.541430843199,-0.73127155721));
#7507 = PCURVE('',#7483,#7508);
#7508 = DEFINITIONAL_REPRESENTATION('',(#7509),#7513);
#7509 = LINE('',#7510,#7511);
#7510 = CARTESIAN_POINT('',(-7.294353829901E-02,-4.136819606588));
#7511 = VECTOR('',#7512,1.);
#7512 = DIRECTION('',(0.909893097093,-0.414842803797));
#7513 = ( GEOMETRIC_REPRESENTATION_CONTEXT(2) 
PARAMETRIC_REPRESENTATION_CONTEXT() REPRESENTATION_CONTEXT('2D SPACE',''
  ) );
#7514 = PCURVE('',#7515,#7520);
#7515 = PLANE('',#7516);
#7516 = AXIS2_PLACEMENT_3D('',#7517,#7518,#7519);
#7517 = CARTESIAN_POINT('',(-18.50390219227,-25.30744606716,
    349.09610645346));
#7518 = DIRECTION('',(-0.86390227919,-1.790688088524E-02,0.503341033124)
  );
#7519 = DIRECTION('',(-0.503421752295,8.673617379884E-19,-0.864040820399
    ));
#7520 = DEFINITIONAL_REPRESENTATION('',(#7521),#7524);
#7521 = B_SPLINE_CURVE_WITH_KNOTS('',1,(#7522,#7523),.UNSPECIFIED.,.F.,
  .F.,(2,2),(0.,0.322923840266),.PIECEWISE_BEZIER_KNOTS.);
#7522 = CARTESIAN_POINT('',(-8.233769464914E-03,1.130040417302E-02));
#7523 = CARTESIAN_POINT('',(0.263244869498,0.18616936997));
#7524 = ( GEOMETRIC_REPRESENTATION_CONTEXT(2) 
PARAMETRIC_REPRESENTATION_CONTEXT() REPRESENTATION_CONTEXT('2D SPACE',''
  ) );
#7525 = ORIENTED_EDGE('',*,*,#7469,.F.);
#7526 = ORIENTED_EDGE('',*,*,#7527,.T.);
#7527 = EDGE_CURVE('',#1988,#7500,#7528,.T.);
#7528 = SURFACE_CURVE('',#7529,(#7533,#7540),.PCURVE_S1.);
#7529 = LINE('',#7530,#7531);
#7530 = CARTESIAN_POINT('',(-10.,-25.31552505493,349.10696411132));
#7531 = VECTOR('',#7532,1.);
#7532 = DIRECTION('',(-0.999999825924,-3.787955480204E-04,
    -4.524003701476E-04));
#7533 = PCURVE('',#7483,#7534);
#7534 = DEFINITIONAL_REPRESENTATION('',(#7535),#7539);
#7535 = LINE('',#7536,#7537);
#7536 = CARTESIAN_POINT('',(-7.79497143614E-02,4.36276268934));
#7537 = VECTOR('',#7538,1.);
#7538 = DIRECTION('',(5.889907315144E-04,-0.999999826545));
#7539 = ( GEOMETRIC_REPRESENTATION_CONTEXT(2) 
PARAMETRIC_REPRESENTATION_CONTEXT() REPRESENTATION_CONTEXT('2D SPACE',''
  ) );
#7540 = PCURVE('',#7541,#7546);
#7541 = PLANE('',#7542);
#7542 = AXIS2_PLACEMENT_3D('',#7543,#7544,#7545);
#7543 = CARTESIAN_POINT('',(-14.29858400128,-25.2653083056,
    349.16001459615));
#7544 = DIRECTION('',(-3.47020363201E-05,-0.727639271953,0.685959976024)
  );
#7545 = DIRECTION('',(-3.388131789017E-21,-0.685959976437,
    -0.727639272391));
#7546 = DEFINITIONAL_REPRESENTATION('',(#7547),#7550);
#7547 = B_SPLINE_CURVE_WITH_KNOTS('',1,(#7548,#7549),.UNSPECIFIED.,.F.,
  .F.,(2,2),(0.,8.499583770224),.PIECEWISE_BEZIER_KNOTS.);
#7548 = CARTESIAN_POINT('',(7.304829636877E-02,4.298584003871));
#7549 = CARTESIAN_POINT('',(7.805474552146E-02,-4.200998291896));
#7550 = ( GEOMETRIC_REPRESENTATION_CONTEXT(2) 
PARAMETRIC_REPRESENTATION_CONTEXT() REPRESENTATION_CONTEXT('2D SPACE',''
  ) );
#7551 = ADVANCED_FACE('',(#7552),#7541,.T.);
#7552 = FACE_BOUND('',#7553,.T.);
#7553 = EDGE_LOOP('',(#7554,#7576,#7577));
#7554 = ORIENTED_EDGE('',*,*,#7555,.T.);
#7555 = EDGE_CURVE('',#7556,#7500,#7558,.T.);
#7556 = VERTEX_POINT('',#7557);
#7557 = CARTESIAN_POINT('',(-18.37714385986,-25.1137676239,
    349.32055664062));
#7558 = SURFACE_CURVE('',#7559,(#7563,#7570),.PCURVE_S1.);
#7559 = LINE('',#7560,#7561);
#7560 = CARTESIAN_POINT('',(-18.37714385986,-25.1137676239,
    349.32055664062));
#7561 = VECTOR('',#7562,1.);
#7562 = DIRECTION('',(-0.379144623592,-0.634734866162,-0.673320877502));
#7563 = PCURVE('',#7541,#7564);
#7564 = DEFINITIONAL_REPRESENTATION('',(#7565),#7569);
#7565 = LINE('',#7566,#7567);
#7566 = CARTESIAN_POINT('',(-0.220767538873,-4.078559861036));
#7567 = VECTOR('',#7568,1.);
#7568 = DIRECTION('',(0.925337427228,-0.37914462382));
#7569 = ( GEOMETRIC_REPRESENTATION_CONTEXT(2) 
PARAMETRIC_REPRESENTATION_CONTEXT() REPRESENTATION_CONTEXT('2D SPACE',''
  ) );
#7570 = PCURVE('',#7515,#7571);
#7571 = DEFINITIONAL_REPRESENTATION('',(#7572),#7575);
#7572 = B_SPLINE_CURVE_WITH_KNOTS('',1,(#7573,#7574),.UNSPECIFIED.,.F.,
  .F.,(2,2),(0.,0.322933316649),.PIECEWISE_BEZIER_KNOTS.);
#7573 = CARTESIAN_POINT('',(-0.257747025673,-0.193709502852));
#7574 = CARTESIAN_POINT('',(-8.233769464916E-03,1.130040417302E-02));
#7575 = ( GEOMETRIC_REPRESENTATION_CONTEXT(2) 
PARAMETRIC_REPRESENTATION_CONTEXT() REPRESENTATION_CONTEXT('2D SPACE',''
  ) );
#7576 = ORIENTED_EDGE('',*,*,#7527,.F.);
#7577 = ORIENTED_EDGE('',*,*,#7578,.T.);
#7578 = EDGE_CURVE('',#1988,#7556,#7579,.T.);
#7579 = SURFACE_CURVE('',#7580,(#7584,#7591),.PCURVE_S1.);
#7580 = LINE('',#7581,#7582);
#7581 = CARTESIAN_POINT('',(-10.,-25.31552505493,349.10696411132));
#7582 = VECTOR('',#7583,1.);
#7583 = DIRECTION('',(-0.999385490758,2.40694743456E-02,
    2.548139058903E-02));
#7584 = PCURVE('',#7541,#7585);
#7585 = DEFINITIONAL_REPRESENTATION('',(#7586),#7590);
#7586 = LINE('',#7587,#7588);
#7587 = CARTESIAN_POINT('',(7.304829636877E-02,4.298584003871));
#7588 = VECTOR('',#7589,1.);
#7589 = DIRECTION('',(-3.505195656268E-02,-0.99938549136));
#7590 = ( GEOMETRIC_REPRESENTATION_CONTEXT(2) 
PARAMETRIC_REPRESENTATION_CONTEXT() REPRESENTATION_CONTEXT('2D SPACE',''
  ) );
#7591 = PCURVE('',#2059,#7592);
#7592 = DEFINITIONAL_REPRESENTATION('',(#7593),#7596);
#7593 = B_SPLINE_CURVE_WITH_KNOTS('',1,(#7594,#7595),.UNSPECIFIED.,.F.,
  .F.,(2,2),(0.,8.382294857519),.PIECEWISE_BEZIER_KNOTS.);
#7594 = CARTESIAN_POINT('',(-0.254806363113,-4.082431461382));
#7595 = CARTESIAN_POINT('',(3.889033268494E-02,4.294716581316));
#7596 = ( GEOMETRIC_REPRESENTATION_CONTEXT(2) 
PARAMETRIC_REPRESENTATION_CONTEXT() REPRESENTATION_CONTEXT('2D SPACE',''
  ) );
#7597 = ADVANCED_FACE('',(#7598),#2059,.T.);
#7598 = FACE_BOUND('',#7599,.T.);
#7599 = EDGE_LOOP('',(#7600,#7625,#7626));
#7600 = ORIENTED_EDGE('',*,*,#7601,.T.);
#7601 = EDGE_CURVE('',#2044,#7556,#7602,.T.);
#7602 = SURFACE_CURVE('',#7603,(#7607,#7614),.PCURVE_S1.);
#7603 = LINE('',#7604,#7605);
#7604 = CARTESIAN_POINT('',(-10.,-25.00738334655,349.41510009765));
#7605 = VECTOR('',#7606,1.);
#7606 = DIRECTION('',(-0.999855708931,-1.269751705618E-02,
    -1.128425353989E-02));
#7607 = PCURVE('',#2059,#7608);
#7608 = DEFINITIONAL_REPRESENTATION('',(#7609),#7613);
#7609 = LINE('',#7610,#7611);
#7610 = CARTESIAN_POINT('',(0.180967773923,-4.082431461382));
#7611 = VECTOR('',#7612,1.);
#7612 = DIRECTION('',(-1.695768189122E-02,0.999856208174));
#7613 = ( GEOMETRIC_REPRESENTATION_CONTEXT(2) 
PARAMETRIC_REPRESENTATION_CONTEXT() REPRESENTATION_CONTEXT('2D SPACE',''
  ) );
#7614 = PCURVE('',#7615,#7620);
#7615 = PLANE('',#7616);
#7616 = AXIS2_PLACEMENT_3D('',#7617,#7618,#7619);
#7617 = CARTESIAN_POINT('',(-14.24071420441,-25.00244021748,
    349.41616552383));
#7618 = DIRECTION('',(-5.524494047787E-04,-0.639626759528,0.768685438457
    ));
#7619 = DIRECTION('',(5.421010862428E-20,0.768685555758,0.639626857135)
  );
#7620 = DEFINITIONAL_REPRESENTATION('',(#7621),#7624);
#7621 = B_SPLINE_CURVE_WITH_KNOTS('',1,(#7622,#7623),.UNSPECIFIED.,.F.,
  .F.,(2,2),(0.,8.378352781339),.PIECEWISE_BEZIER_KNOTS.);
#7622 = CARTESIAN_POINT('',(-4.481187114896E-03,-4.240714851548));
#7623 = CARTESIAN_POINT('',(-0.146729778752,4.136430286669));
#7624 = ( GEOMETRIC_REPRESENTATION_CONTEXT(2) 
PARAMETRIC_REPRESENTATION_CONTEXT() REPRESENTATION_CONTEXT('2D SPACE',''
  ) );
#7625 = ORIENTED_EDGE('',*,*,#7578,.F.);
#7626 = ORIENTED_EDGE('',*,*,#2043,.F.);
#7627 = ADVANCED_FACE('',(#7628),#7615,.T.);
#7628 = FACE_BOUND('',#7629,.T.);
#7629 = EDGE_LOOP('',(#7630,#7657,#7658));
#7630 = ORIENTED_EDGE('',*,*,#7631,.T.);
#7631 = EDGE_CURVE('',#7632,#7556,#7634,.T.);
#7632 = VERTEX_POINT('',#7633);
#7633 = CARTESIAN_POINT('',(-18.26833343505,-24.88013076782,
    349.51504516601));
#7634 = SURFACE_CURVE('',#7635,(#7639,#7646),.PCURVE_S1.);
#7635 = LINE('',#7636,#7637);
#7636 = CARTESIAN_POINT('',(-18.26833343505,-24.88013076782,
    349.51504516601));
#7637 = VECTOR('',#7638,1.);
#7638 = DIRECTION('',(-0.336999288456,-0.723602121738,-0.602354919459));
#7639 = PCURVE('',#7615,#7640);
#7640 = DEFINITIONAL_REPRESENTATION('',(#7641),#7645);
#7641 = LINE('',#7642,#7643);
#7642 = CARTESIAN_POINT('',(0.157263582053,4.02761984526));
#7643 = VECTOR('',#7644,1.);
#7644 = DIRECTION('',(-0.941504883109,0.336999339883));
#7645 = ( GEOMETRIC_REPRESENTATION_CONTEXT(2) 
PARAMETRIC_REPRESENTATION_CONTEXT() REPRESENTATION_CONTEXT('2D SPACE',''
  ) );
#7646 = PCURVE('',#7647,#7652);
#7647 = PLANE('',#7648);
#7648 = AXIS2_PLACEMENT_3D('',#7649,#7650,#7651);
#7649 = CARTESIAN_POINT('',(-18.29624467388,-0.169117224877,
    349.46513305461));
#7650 = DIRECTION('',(-0.872703497431,4.605397949245E-07,0.488250556141)
  );
#7651 = DIRECTION('',(-0.488250556141,2.64697796017E-23,-0.872703497431)
  );
#7652 = DEFINITIONAL_REPRESENTATION('',(#7653),#7656);
#7653 = B_SPLINE_CURVE_WITH_KNOTS('',1,(#7654,#7655),.UNSPECIFIED.,.F.,
  .F.,(2,2),(0.,0.322880280558),.PIECEWISE_BEZIER_KNOTS.);
#7654 = CARTESIAN_POINT('',(-5.718615206534E-02,24.711013542948));
#7655 = CARTESIAN_POINT('',(0.165671414678,24.944650399027));
#7656 = ( GEOMETRIC_REPRESENTATION_CONTEXT(2) 
PARAMETRIC_REPRESENTATION_CONTEXT() REPRESENTATION_CONTEXT('2D SPACE',''
  ) );
#7657 = ORIENTED_EDGE('',*,*,#7601,.F.);
#7658 = ORIENTED_EDGE('',*,*,#7659,.T.);
#7659 = EDGE_CURVE('',#2044,#7632,#7660,.T.);
#7660 = SURFACE_CURVE('',#7661,(#7665,#7672),.PCURVE_S1.);
#7661 = LINE('',#7662,#7663);
#7662 = CARTESIAN_POINT('',(-10.,-25.00738334655,349.41510009765));
#7663 = VECTOR('',#7664,1.);
#7664 = DIRECTION('',(-0.999808567336,1.538740780527E-02,
    1.208537807449E-02));
#7665 = PCURVE('',#7615,#7666);
#7666 = DEFINITIONAL_REPRESENTATION('',(#7667),#7671);
#7667 = LINE('',#7668,#7669);
#7668 = CARTESIAN_POINT('',(-4.481187114896E-03,-4.240714851548));
#7669 = VECTOR('',#7670,1.);
#7670 = DIRECTION('',(1.955821051555E-02,0.999808719907));
#7671 = ( GEOMETRIC_REPRESENTATION_CONTEXT(2) 
PARAMETRIC_REPRESENTATION_CONTEXT() REPRESENTATION_CONTEXT('2D SPACE',''
  ) );
#7672 = PCURVE('',#2115,#7673);
#7673 = DEFINITIONAL_REPRESENTATION('',(#7674),#7677);
#7674 = B_SPLINE_CURVE_WITH_KNOTS('',1,(#7675,#7676),.UNSPECIFIED.,.F.,
  .F.,(2,2),(0.,8.269916567221),.PIECEWISE_BEZIER_KNOTS.);
#7675 = CARTESIAN_POINT('',(-0.190467275894,-4.028061607974));
#7676 = CARTESIAN_POINT('',(-2.890216357707E-02,4.24027660132));
#7677 = ( GEOMETRIC_REPRESENTATION_CONTEXT(2) 
PARAMETRIC_REPRESENTATION_CONTEXT() REPRESENTATION_CONTEXT('2D SPACE',''
  ) );
#7678 = ADVANCED_FACE('',(#7679),#2115,.T.);
#7679 = FACE_BOUND('',#7680,.T.);
#7680 = EDGE_LOOP('',(#7681,#7706,#7707));
#7681 = ORIENTED_EDGE('',*,*,#7682,.T.);
#7682 = EDGE_CURVE('',#2100,#7632,#7683,.T.);
#7683 = SURFACE_CURVE('',#7684,(#7688,#7695),.PCURVE_S1.);
#7684 = LINE('',#7685,#7686);
#7685 = CARTESIAN_POINT('',(-10.,-24.65041351318,349.6650390625));
#7686 = VECTOR('',#7687,1.);
#7687 = DIRECTION('',(-0.999449969133,-2.776749448498E-02,
    -1.813078734535E-02));
#7688 = PCURVE('',#2115,#7689);
#7689 = DEFINITIONAL_REPRESENTATION('',(#7690),#7694);
#7690 = LINE('',#7691,#7692);
#7691 = CARTESIAN_POINT('',(0.245304393775,-4.028061607974));
#7692 = VECTOR('',#7693,1.);
#7693 = DIRECTION('',(-3.314522054952E-02,0.999450546228));
#7694 = ( GEOMETRIC_REPRESENTATION_CONTEXT(2) 
PARAMETRIC_REPRESENTATION_CONTEXT() REPRESENTATION_CONTEXT('2D SPACE',''
  ) );
#7695 = PCURVE('',#7696,#7701);
#7696 = PLANE('',#7697);
#7697 = AXIS2_PLACEMENT_3D('',#7698,#7699,#7700);
#7698 = CARTESIAN_POINT('',(-14.19001439179,-24.70180883921,
    349.6308558414));
#7699 = DIRECTION('',(-2.244835252532E-04,-0.541046325205,0.840992760723
    ));
#7700 = DIRECTION('',(1.355252715607E-20,0.840992781913,0.541046338838)
  );
#7701 = DEFINITIONAL_REPRESENTATION('',(#7702),#7705);
#7702 = B_SPLINE_CURVE_WITH_KNOTS('',1,(#7703,#7704),.UNSPECIFIED.,.F.,
  .F.,(2,2),(0.,8.272883776493),.PIECEWISE_BEZIER_KNOTS.);
#7703 = CARTESIAN_POINT('',(6.171780483995E-02,-4.190014497371));
#7704 = CARTESIAN_POINT('',(-0.212626396733,4.07831914602));
#7705 = ( GEOMETRIC_REPRESENTATION_CONTEXT(2) 
PARAMETRIC_REPRESENTATION_CONTEXT() REPRESENTATION_CONTEXT('2D SPACE',''
  ) );
#7706 = ORIENTED_EDGE('',*,*,#7659,.F.);
#7707 = ORIENTED_EDGE('',*,*,#2099,.F.);
#7708 = ADVANCED_FACE('',(#7709),#7696,.T.);
#7709 = FACE_BOUND('',#7710,.T.);
#7710 = EDGE_LOOP('',(#7711,#7738,#7739));
#7711 = ORIENTED_EDGE('',*,*,#7712,.T.);
#7712 = EDGE_CURVE('',#7713,#7632,#7715,.T.);
#7713 = VERTEX_POINT('',#7714);
#7714 = CARTESIAN_POINT('',(-18.17557907104,-24.62093162536,
    349.68182373046));
#7715 = SURFACE_CURVE('',#7716,(#7720,#7727),.PCURVE_S1.);
#7716 = LINE('',#7717,#7718);
#7717 = CARTESIAN_POINT('',(-18.17557907104,-24.62093162536,
    349.68182373046));
#7718 = VECTOR('',#7719,1.);
#7719 = DIRECTION('',(-0.288170091953,-0.805282225909,-0.518149143335));
#7720 = PCURVE('',#7696,#7721);
#7721 = DEFINITIONAL_REPRESENTATION('',(#7722),#7726);
#7722 = LINE('',#7723,#7724);
#7723 = CARTESIAN_POINT('',(9.559314284465E-02,3.985564779669));
#7724 = VECTOR('',#7725,1.);
#7725 = DIRECTION('',(-0.957579236366,0.288170099214));
#7726 = ( GEOMETRIC_REPRESENTATION_CONTEXT(2) 
PARAMETRIC_REPRESENTATION_CONTEXT() REPRESENTATION_CONTEXT('2D SPACE',''
  ) );
#7727 = PCURVE('',#7728,#7733);
#7728 = PLANE('',#7729);
#7729 = AXIS2_PLACEMENT_3D('',#7730,#7731,#7732);
#7730 = CARTESIAN_POINT('',(-18.19924803514,-0.175543024169,
    349.63923008036));
#7731 = DIRECTION('',(-0.873936066404,6.992913218849E-07,0.486040895232)
  );
#7732 = DIRECTION('',(-0.486040895232,-5.293955920339E-23,
    -0.873936066404));
#7733 = DEFINITIONAL_REPRESENTATION('',(#7734),#7737);
#7734 = B_SPLINE_CURVE_WITH_KNOTS('',1,(#7735,#7736),.UNSPECIFIED.,.F.,
  .F.,(2,2),(0.,0.321873666296),.PIECEWISE_BEZIER_KNOTS.);
#7735 = CARTESIAN_POINT('',(-4.872821152797E-02,24.445388601203));
#7736 = CARTESIAN_POINT('',(0.142108005173,24.704587743659));
#7737 = ( GEOMETRIC_REPRESENTATION_CONTEXT(2) 
PARAMETRIC_REPRESENTATION_CONTEXT() REPRESENTATION_CONTEXT('2D SPACE',''
  ) );
#7738 = ORIENTED_EDGE('',*,*,#7682,.F.);
#7739 = ORIENTED_EDGE('',*,*,#7740,.T.);
#7740 = EDGE_CURVE('',#2100,#7713,#7741,.T.);
#7741 = SURFACE_CURVE('',#7742,(#7746,#7753),.PCURVE_S1.);
#7742 = LINE('',#7743,#7744);
#7743 = CARTESIAN_POINT('',(-10.,-24.65041351318,349.6650390625));
#7744 = VECTOR('',#7745,1.);
#7745 = DIRECTION('',(-0.999991390707,3.606060652459E-03,
    2.053007293889E-03));
#7746 = PCURVE('',#7696,#7747);
#7747 = DEFINITIONAL_REPRESENTATION('',(#7748),#7752);
#7748 = LINE('',#7749,#7750);
#7749 = CARTESIAN_POINT('',(6.171780483995E-02,-4.190014497371));
#7750 = VECTOR('',#7751,1.);
#7751 = DIRECTION('',(4.143443059826E-03,0.999991415903));
#7752 = ( GEOMETRIC_REPRESENTATION_CONTEXT(2) 
PARAMETRIC_REPRESENTATION_CONTEXT() REPRESENTATION_CONTEXT('2D SPACE',''
  ) );
#7753 = PCURVE('',#7754,#7759);
#7754 = PLANE('',#7755);
#7755 = AXIS2_PLACEMENT_3D('',#7756,#7757,#7758);
#7756 = CARTESIAN_POINT('',(-14.14809925525,-24.56362792353,
    349.70801166341));
#7757 = DIRECTION('',(2.913458692802E-04,-0.432520987674,0.90162381864)
  );
#7758 = DIRECTION('',(1.355252715607E-20,0.901623856906,0.432521006031)
  );
#7759 = DEFINITIONAL_REPRESENTATION('',(#7760),#7763);
#7760 = B_SPLINE_CURVE_WITH_KNOTS('',1,(#7761,#7762),.UNSPECIFIED.,.F.,
  .F.,(2,2),(0.,8.175649457609),.PIECEWISE_BEZIER_KNOTS.);
#7761 = CARTESIAN_POINT('',(-9.683451063761E-02,-4.148099431307));
#7762 = CARTESIAN_POINT('',(-6.299321575909E-02,4.02747998672));
#7763 = ( GEOMETRIC_REPRESENTATION_CONTEXT(2) 
PARAMETRIC_REPRESENTATION_CONTEXT() REPRESENTATION_CONTEXT('2D SPACE',''
  ) );
#7764 = ADVANCED_FACE('',(#7765),#7754,.T.);
#7765 = FACE_BOUND('',#7766,.T.);
#7766 = EDGE_LOOP('',(#7767,#7794,#7795));
#7767 = ORIENTED_EDGE('',*,*,#7768,.T.);
#7768 = EDGE_CURVE('',#7769,#7713,#7771,.T.);
#7769 = VERTEX_POINT('',#7770);
#7770 = CARTESIAN_POINT('',(-18.10052680969,-24.33823394775,
    349.81741333007));
#7771 = SURFACE_CURVE('',#7772,(#7776,#7783),.PCURVE_S1.);
#7772 = LINE('',#7773,#7774);
#7773 = CARTESIAN_POINT('',(-18.10052680969,-24.33823394775,
    349.81741333007));
#7774 = VECTOR('',#7775,1.);
#7775 = DIRECTION('',(-0.232799542919,-0.876880842048,-0.42057622575));
#7776 = PCURVE('',#7754,#7777);
#7777 = DEFINITIONAL_REPRESENTATION('',(#7778),#7782);
#7778 = LINE('',#7779,#7780);
#7779 = CARTESIAN_POINT('',(0.250539104698,3.952427722182));
#7780 = VECTOR('',#7781,1.);
#7781 = DIRECTION('',(-0.972524739128,0.232799552799));
#7782 = ( GEOMETRIC_REPRESENTATION_CONTEXT(2) 
PARAMETRIC_REPRESENTATION_CONTEXT() REPRESENTATION_CONTEXT('2D SPACE',''
  ) );
#7783 = PCURVE('',#7784,#7789);
#7784 = PLANE('',#7785);
#7785 = AXIS2_PLACEMENT_3D('',#7786,#7787,#7788);
#7786 = CARTESIAN_POINT('',(-18.06931383455,-0.651589020766,
    349.87425805959));
#7787 = DIRECTION('',(-0.87490207758,-9.355388118145E-06,0.484299860167)
  );
#7788 = DIRECTION('',(-0.484299860188,0.,-0.874902077619));
#7789 = DEFINITIONAL_REPRESENTATION('',(#7790),#7793);
#7790 = B_SPLINE_CURVE_WITH_KNOTS('',1,(#7791,#7792),.UNSPECIFIED.,.F.,
  .F.,(2,2),(0.,0.322390071782),.PIECEWISE_BEZIER_KNOTS.);
#7791 = CARTESIAN_POINT('',(6.485001145399E-02,23.686644928025));
#7792 = CARTESIAN_POINT('',(0.219825433536,23.96934260565));
#7793 = ( GEOMETRIC_REPRESENTATION_CONTEXT(2) 
PARAMETRIC_REPRESENTATION_CONTEXT() REPRESENTATION_CONTEXT('2D SPACE',''
  ) );
#7794 = ORIENTED_EDGE('',*,*,#7740,.F.);
#7795 = ORIENTED_EDGE('',*,*,#7796,.T.);
#7796 = EDGE_CURVE('',#2100,#7769,#7797,.T.);
#7797 = SURFACE_CURVE('',#7798,(#7802,#7809),.PCURVE_S1.);
#7798 = LINE('',#7799,#7800);
#7799 = CARTESIAN_POINT('',(-10.,-24.65041351318,349.6650390625));
#7800 = VECTOR('',#7801,1.);
#7801 = DIRECTION('',(-0.99908175478,3.850279313474E-02,
    1.87931420032E-02));
#7802 = PCURVE('',#7754,#7803);
#7803 = DEFINITIONAL_REPRESENTATION('',(#7804),#7808);
#7804 = LINE('',#7805,#7806);
#7805 = CARTESIAN_POINT('',(-9.683451063761E-02,-4.148099431307));
#7806 = VECTOR('',#7807,1.);
#7807 = DIRECTION('',(4.28434655335E-02,0.999081797182));
#7808 = ( GEOMETRIC_REPRESENTATION_CONTEXT(2) 
PARAMETRIC_REPRESENTATION_CONTEXT() REPRESENTATION_CONTEXT('2D SPACE',''
  ) );
#7809 = PCURVE('',#2171,#7810);
#7810 = DEFINITIONAL_REPRESENTATION('',(#7811),#7814);
#7811 = B_SPLINE_CURVE_WITH_KNOTS('',1,(#7812,#7813),.UNSPECIFIED.,.F.,
  .F.,(2,2),(0.,8.107971916148),.PIECEWISE_BEZIER_KNOTS.);
#7812 = CARTESIAN_POINT('',(-0.280869076356,-3.944223250907));
#7813 = CARTESIAN_POINT('',(6.645790655448E-02,4.156305902178));
#7814 = ( GEOMETRIC_REPRESENTATION_CONTEXT(2) 
PARAMETRIC_REPRESENTATION_CONTEXT() REPRESENTATION_CONTEXT('2D SPACE',''
  ) );
#7815 = ADVANCED_FACE('',(#7816),#2171,.T.);
#7816 = FACE_BOUND('',#7817,.T.);
#7817 = EDGE_LOOP('',(#7818,#7843,#7844));
#7818 = ORIENTED_EDGE('',*,*,#7819,.T.);
#7819 = EDGE_CURVE('',#2156,#7769,#7820,.T.);
#7820 = SURFACE_CURVE('',#7821,(#7825,#7832),.PCURVE_S1.);
#7821 = LINE('',#7822,#7823);
#7822 = CARTESIAN_POINT('',(-10.,-24.25546264648,349.84921264648));
#7823 = VECTOR('',#7824,1.);
#7824 = DIRECTION('',(-0.999940096358,-1.021740251117E-02,
    -3.925351061532E-03));
#7825 = PCURVE('',#2171,#7826);
#7826 = DEFINITIONAL_REPRESENTATION('',(#7827),#7831);
#7827 = LINE('',#7828,#7829);
#7828 = CARTESIAN_POINT('',(0.154913089576,-3.944223250907));
#7829 = VECTOR('',#7830,1.);
#7830 = DIRECTION('',(-1.091902863998E-02,0.99994038563));
#7831 = ( GEOMETRIC_REPRESENTATION_CONTEXT(2) 
PARAMETRIC_REPRESENTATION_CONTEXT() REPRESENTATION_CONTEXT('2D SPACE',''
  ) );
#7832 = PCURVE('',#7833,#7838);
#7833 = PLANE('',#7834);
#7834 = AXIS2_PLACEMENT_3D('',#7835,#7836,#7837);
#7835 = CARTESIAN_POINT('',(-14.11544622214,-24.22113522256,
    349.85845168805));
#7836 = DIRECTION('',(-5.013113813115E-04,-0.315499449475,0.948925627258
    ));
#7837 = DIRECTION('',(-2.710505431214E-20,0.948925746497,0.31549948912)
  );
#7838 = DEFINITIONAL_REPRESENTATION('',(#7839),#7842);
#7839 = B_SPLINE_CURVE_WITH_KNOTS('',1,(#7840,#7841),.UNSPECIFIED.,.F.,
  .F.,(2,2),(0.,8.101012089818),.PIECEWISE_BEZIER_KNOTS.);
#7840 = CARTESIAN_POINT('',(-3.548908926704E-02,-4.115446739274));
#7841 = CARTESIAN_POINT('',(-0.124065576193,3.985081088303));
#7842 = ( GEOMETRIC_REPRESENTATION_CONTEXT(2) 
PARAMETRIC_REPRESENTATION_CONTEXT() REPRESENTATION_CONTEXT('2D SPACE',''
  ) );
#7843 = ORIENTED_EDGE('',*,*,#7796,.F.);
#7844 = ORIENTED_EDGE('',*,*,#2155,.F.);
#7845 = ADVANCED_FACE('',(#7846),#7833,.T.);
#7846 = FACE_BOUND('',#7847,.T.);
#7847 = EDGE_LOOP('',(#7848,#7875,#7876));
#7848 = ORIENTED_EDGE('',*,*,#7849,.T.);
#7849 = EDGE_CURVE('',#7850,#7769,#7852,.T.);
#7850 = VERTEX_POINT('',#7851);
#7851 = CARTESIAN_POINT('',(-18.04531097412,-24.03707504272,
    349.91757202148));
#7852 = SURFACE_CURVE('',#7853,(#7857,#7864),.PCURVE_S1.);
#7853 = LINE('',#7854,#7855);
#7854 = CARTESIAN_POINT('',(-18.04531097412,-24.03707504272,
    349.91757202148));
#7855 = VECTOR('',#7856,1.);
#7856 = DIRECTION('',(-0.171400701331,-0.934855861546,-0.310912073932));
#7857 = PCURVE('',#7833,#7858);
#7858 = DEFINITIONAL_REPRESENTATION('',(#7859),#7863);
#7859 = LINE('',#7860,#7861);
#7860 = CARTESIAN_POINT('',(0.193311878545,3.929865245794));
#7861 = VECTOR('',#7862,1.);
#7862 = DIRECTION('',(-0.985201396771,0.171400722868));
#7863 = ( GEOMETRIC_REPRESENTATION_CONTEXT(2) 
PARAMETRIC_REPRESENTATION_CONTEXT() REPRESENTATION_CONTEXT('2D SPACE',''
  ) );
#7864 = PCURVE('',#7865,#7870);
#7865 = PLANE('',#7866);
#7866 = AXIS2_PLACEMENT_3D('',#7867,#7868,#7869);
#7867 = CARTESIAN_POINT('',(-18.04482877681,-23.87225039589,
    349.91854505236));
#7868 = DIRECTION('',(-0.875367874713,-2.931532868597E-04,0.483457338326
    ));
#7869 = DIRECTION('',(-0.483457359099,0.,-0.875367912327));
#7870 = DEFINITIONAL_REPRESENTATION('',(#7871),#7874);
#7871 = B_SPLINE_CURVE_WITH_KNOTS('',1,(#7872,#7873),.UNSPECIFIED.,.F.,
  .F.,(2,2),(0.,0.322144747032),.PIECEWISE_BEZIER_KNOTS.);
#7872 = CARTESIAN_POINT('',(1.084881845418E-03,0.164824653915));
#7873 = CARTESIAN_POINT('',(0.115455088489,0.465983571885));
#7874 = ( GEOMETRIC_REPRESENTATION_CONTEXT(2) 
PARAMETRIC_REPRESENTATION_CONTEXT() REPRESENTATION_CONTEXT('2D SPACE',''
  ) );
#7875 = ORIENTED_EDGE('',*,*,#7819,.F.);
#7876 = ORIENTED_EDGE('',*,*,#7877,.T.);
#7877 = EDGE_CURVE('',#2156,#7850,#7878,.T.);
#7878 = SURFACE_CURVE('',#7879,(#7883,#7890),.PCURVE_S1.);
#7879 = LINE('',#7880,#7881);
#7880 = CARTESIAN_POINT('',(-10.,-24.25546264648,349.84921264648));
#7881 = VECTOR('',#7882,1.);
#7882 = DIRECTION('',(-0.999595729962,2.713373254273E-02,
    8.49336210529E-03));
#7883 = PCURVE('',#7833,#7884);
#7884 = DEFINITIONAL_REPRESENTATION('',(#7885),#7889);
#7885 = LINE('',#7886,#7887);
#7886 = CARTESIAN_POINT('',(-3.548908926704E-02,-4.115446739274));
#7887 = VECTOR('',#7888,1.);
#7888 = DIRECTION('',(2.84275488135E-02,0.999595855568));
#7889 = ( GEOMETRIC_REPRESENTATION_CONTEXT(2) 
PARAMETRIC_REPRESENTATION_CONTEXT() REPRESENTATION_CONTEXT('2D SPACE',''
  ) );
#7890 = PCURVE('',#2227,#7891);
#7891 = DEFINITIONAL_REPRESENTATION('',(#7892),#7895);
#7892 = B_SPLINE_CURVE_WITH_KNOTS('',1,(#7893,#7894),.UNSPECIFIED.,.F.,
  .F.,(2,2),(0.,8.048564767705),.PIECEWISE_BEZIER_KNOTS.);
#7893 = CARTESIAN_POINT('',(-0.223118793973,-3.916624187667));
#7894 = CARTESIAN_POINT('',(5.52025447881E-03,4.128692400601));
#7895 = ( GEOMETRIC_REPRESENTATION_CONTEXT(2) 
PARAMETRIC_REPRESENTATION_CONTEXT() REPRESENTATION_CONTEXT('2D SPACE',''
  ) );
#7896 = ADVANCED_FACE('',(#7897),#2227,.T.);
#7897 = FACE_BOUND('',#7898,.T.);
#7898 = EDGE_LOOP('',(#7899,#7924,#7925));
#7899 = ORIENTED_EDGE('',*,*,#7900,.T.);
#7900 = EDGE_CURVE('',#2212,#7850,#7901,.T.);
#7901 = SURFACE_CURVE('',#7902,(#7906,#7913),.PCURVE_S1.);
#7902 = LINE('',#7903,#7904);
#7903 = CARTESIAN_POINT('',(-10.,-23.8345336914,349.96200561523));
#7904 = VECTOR('',#7905,1.);
#7905 = DIRECTION('',(-0.999668021737,-2.516672290773E-02,
    -5.52108462999E-03));
#7906 = PCURVE('',#2227,#7907);
#7907 = DEFINITIONAL_REPRESENTATION('',(#7908),#7912);
#7908 = LINE('',#7909,#7910);
#7909 = CARTESIAN_POINT('',(0.212660323268,-3.916624187667));
#7910 = VECTOR('',#7911,1.);
#7911 = DIRECTION('',(-2.573813535046E-02,0.999668719321));
#7912 = ( GEOMETRIC_REPRESENTATION_CONTEXT(2) 
PARAMETRIC_REPRESENTATION_CONTEXT() REPRESENTATION_CONTEXT('2D SPACE',''
  ) );
#7913 = PCURVE('',#7914,#7919);
#7914 = PLANE('',#7915);
#7915 = AXIS2_PLACEMENT_3D('',#7916,#7917,#7918);
#7916 = CARTESIAN_POINT('',(-14.09322243984,-23.85773779482,
    349.95502484033));
#7917 = DIRECTION('',(-5.849128432645E-04,-0.192062255156,0.981382569654
    ));
#7918 = DIRECTION('',(0.,0.981382737531,0.19206228801));
#7919 = DEFINITIONAL_REPRESENTATION('',(#7920),#7923);
#7920 = B_SPLINE_CURVE_WITH_KNOTS('',1,(#7921,#7922),.UNSPECIFIED.,.F.,
  .F.,(2,2),(0.,8.047982729452),.PIECEWISE_BEZIER_KNOTS.);
#7921 = CARTESIAN_POINT('',(2.411285012943E-02,-4.093223140041));
#7922 = CARTESIAN_POINT('',(-0.183191753371,3.952089210323));
#7923 = ( GEOMETRIC_REPRESENTATION_CONTEXT(2) 
PARAMETRIC_REPRESENTATION_CONTEXT() REPRESENTATION_CONTEXT('2D SPACE',''
  ) );
#7924 = ORIENTED_EDGE('',*,*,#7877,.F.);
#7925 = ORIENTED_EDGE('',*,*,#2211,.F.);
#7926 = ADVANCED_FACE('',(#7927),#7914,.T.);
#7927 = FACE_BOUND('',#7928,.T.);
#7928 = EDGE_LOOP('',(#7929,#7956,#7957));
#7929 = ORIENTED_EDGE('',*,*,#7930,.T.);
#7930 = EDGE_CURVE('',#7931,#7850,#7933,.T.);
#7931 = VERTEX_POINT('',#7932);
#7932 = CARTESIAN_POINT('',(-18.01143074035,-23.72234344482,
    349.97918701171));
#7933 = SURFACE_CURVE('',#7934,(#7938,#7945),.PCURVE_S1.);
#7934 = LINE('',#7935,#7936);
#7935 = CARTESIAN_POINT('',(-18.01143074035,-23.72234344482,
    349.97918701171));
#7936 = VECTOR('',#7937,1.);
#7937 = DIRECTION('',(-0.105058015779,-0.975940054255,-0.19105973888));
#7938 = PCURVE('',#7914,#7939);
#7939 = DEFINITIONAL_REPRESENTATION('',(#7940),#7944);
#7940 = LINE('',#7941,#7942);
#7941 = CARTESIAN_POINT('',(0.137514319764,3.918208970763));
#7942 = VECTOR('',#7943,1.);
#7943 = DIRECTION('',(-0.994466092707,0.105058033751));
#7944 = ( GEOMETRIC_REPRESENTATION_CONTEXT(2) 
PARAMETRIC_REPRESENTATION_CONTEXT() REPRESENTATION_CONTEXT('2D SPACE',''
  ) );
#7945 = PCURVE('',#7946,#7951);
#7946 = PLANE('',#7947);
#7947 = AXIS2_PLACEMENT_3D('',#7948,#7949,#7950);
#7948 = CARTESIAN_POINT('',(-18.01984277501,-23.71960557571,
    349.96389812545));
#7949 = DIRECTION('',(-0.876143948939,-5.565722847993E-05,0.48204955932)
  );
#7950 = DIRECTION('',(-0.482049560066,0.,-0.876143950296));
#7951 = DEFINITIONAL_REPRESENTATION('',(#7952),#7955);
#7952 = B_SPLINE_CURVE_WITH_KNOTS('',1,(#7953,#7954),.UNSPECIFIED.,.F.,
  .F.,(2,2),(0.,0.322490706809),.PIECEWISE_BEZIER_KNOTS.);
#7953 = CARTESIAN_POINT('',(-1.745028281254E-02,2.737869111558E-03));
#7954 = CARTESIAN_POINT('',(5.286526991004E-02,0.317469467499));
#7955 = ( GEOMETRIC_REPRESENTATION_CONTEXT(2) 
PARAMETRIC_REPRESENTATION_CONTEXT() REPRESENTATION_CONTEXT('2D SPACE',''
  ) );
#7956 = ORIENTED_EDGE('',*,*,#7900,.F.);
#7957 = ORIENTED_EDGE('',*,*,#7958,.T.);
#7958 = EDGE_CURVE('',#2212,#7931,#7959,.T.);
#7959 = SURFACE_CURVE('',#7960,(#7964,#7971),.PCURVE_S1.);
#7960 = LINE('',#7961,#7962);
#7961 = CARTESIAN_POINT('',(-10.,-23.8345336914,349.96200561523));
#7962 = VECTOR('',#7963,1.);
#7963 = DIRECTION('',(-0.999899662617,1.400236653625E-02,
    2.144395065599E-03));
#7964 = PCURVE('',#7914,#7965);
#7965 = DEFINITIONAL_REPRESENTATION('',(#7966),#7970);
#7966 = LINE('',#7967,#7968);
#7967 = CARTESIAN_POINT('',(2.411285012943E-02,-4.093223140041));
#7968 = VECTOR('',#7969,1.);
#7969 = DIRECTION('',(1.415353822596E-02,0.999899833661));
#7970 = ( GEOMETRIC_REPRESENTATION_CONTEXT(2) 
PARAMETRIC_REPRESENTATION_CONTEXT() REPRESENTATION_CONTEXT('2D SPACE',''
  ) );
#7971 = PCURVE('',#2253,#7972);
#7972 = DEFINITIONAL_REPRESENTATION('',(#7973),#7976);
#7973 = B_SPLINE_CURVE_WITH_KNOTS('',1,(#7974,#7975),.UNSPECIFIED.,.F.,
  .F.,(2,2),(0.,8.012234667017),.PIECEWISE_BEZIER_KNOTS.);
#7974 = CARTESIAN_POINT('',(-0.166998080152,-3.899703203294));
#7975 = CARTESIAN_POINT('',(-5.37370654797E-02,4.111730894413));
#7976 = ( GEOMETRIC_REPRESENTATION_CONTEXT(2) 
PARAMETRIC_REPRESENTATION_CONTEXT() REPRESENTATION_CONTEXT('2D SPACE',''
  ) );
#7977 = ADVANCED_FACE('',(#7978),#2253,.T.);
#7978 = FACE_BOUND('',#7979,.T.);
#7979 = EDGE_LOOP('',(#7980,#8005,#8006));
#7980 = ORIENTED_EDGE('',*,*,#7981,.T.);
#7981 = EDGE_CURVE('',#1708,#7931,#7982,.T.);
#7982 = SURFACE_CURVE('',#7983,(#7987,#7994),.PCURVE_S1.);
#7983 = LINE('',#7984,#7985);
#7984 = CARTESIAN_POINT('',(-10.,-23.40041160583,350.));
#7985 = VECTOR('',#7986,1.);
#7986 = DIRECTION('',(-0.999190230614,-4.015152335042E-02,
    -2.595807819414E-03));
#7987 = PCURVE('',#2253,#7988);
#7988 = DEFINITIONAL_REPRESENTATION('',(#7989),#7993);
#7989 = LINE('',#7990,#7991);
#7990 = CARTESIAN_POINT('',(0.268783468855,-3.899703203294));
#7991 = VECTOR('',#7992,1.);
#7992 = DIRECTION('',(-4.022494577106E-02,0.999190649345));
#7993 = ( GEOMETRIC_REPRESENTATION_CONTEXT(2) 
PARAMETRIC_REPRESENTATION_CONTEXT() REPRESENTATION_CONTEXT('2D SPACE',''
  ) );
#7994 = PCURVE('',#7995,#8000);
#7995 = PLANE('',#7996);
#7996 = AXIS2_PLACEMENT_3D('',#7997,#7998,#7999);
#7997 = CARTESIAN_POINT('',(-14.08193610987,-23.48257276119,
    349.99468825708));
#7998 = DIRECTION('',(-7.891549837817E-19,-6.451560866827E-02,
    0.997916698046));
#7999 = DIRECTION('',(-6.01853107621E-36,0.997916698046,
    6.451560866827E-02));
#8000 = DEFINITIONAL_REPRESENTATION('',(#8001),#8004);
#8001 = B_SPLINE_CURVE_WITH_KNOTS('',1,(#8002,#8003),.UNSPECIFIED.,.F.,
  .F.,(2,2),(0.,8.017923409273),.PIECEWISE_BEZIER_KNOTS.);
#8002 = CARTESIAN_POINT('',(8.23326791874E-02,-4.081936109875));
#8003 = CARTESIAN_POINT('',(-0.24027124118,3.929494630481));
#8004 = ( GEOMETRIC_REPRESENTATION_CONTEXT(2) 
PARAMETRIC_REPRESENTATION_CONTEXT() REPRESENTATION_CONTEXT('2D SPACE',''
  ) );
#8005 = ORIENTED_EDGE('',*,*,#7958,.F.);
#8006 = ORIENTED_EDGE('',*,*,#2239,.F.);
#8007 = ADVANCED_FACE('',(#8008),#7995,.T.);
#8008 = FACE_BOUND('',#8009,.T.);
#8009 = EDGE_LOOP('',(#8010,#8032,#8033));
#8010 = ORIENTED_EDGE('',*,*,#8011,.T.);
#8011 = EDGE_CURVE('',#8012,#7931,#8014,.T.);
#8012 = VERTEX_POINT('',#8013);
#8013 = CARTESIAN_POINT('',(-18.,-23.40041160583,350.));
#8014 = SURFACE_CURVE('',#8015,(#8019,#8026),.PCURVE_S1.);
#8015 = LINE('',#8016,#8017);
#8016 = CARTESIAN_POINT('',(-18.,-23.40041160583,350.));
#8017 = VECTOR('',#8018,1.);
#8018 = DIRECTION('',(-3.541051691475E-02,-0.997290855574,
    -6.447514776803E-02));
#8019 = PCURVE('',#7995,#8020);
#8020 = DEFINITIONAL_REPRESENTATION('',(#8021),#8025);
#8021 = LINE('',#8022,#8023);
#8022 = CARTESIAN_POINT('',(8.23326791874E-02,3.918063890125));
#8023 = VECTOR('',#8024,1.);
#8024 = DIRECTION('',(-0.999372850988,3.541051691475E-02));
#8025 = ( GEOMETRIC_REPRESENTATION_CONTEXT(2) 
PARAMETRIC_REPRESENTATION_CONTEXT() REPRESENTATION_CONTEXT('2D SPACE',''
  ) );
#8026 = PCURVE('',#7946,#8027);
#8027 = DEFINITIONAL_REPRESENTATION('',(#8028),#8031);
#8028 = B_SPLINE_CURVE_WITH_KNOTS('',1,(#8029,#8030),.UNSPECIFIED.,.F.,
  .F.,(2,2),(0.,0.322806368062),.PIECEWISE_BEZIER_KNOTS.);
#8029 = CARTESIAN_POINT('',(-4.119563994279E-02,-0.319193970376));
#8030 = CARTESIAN_POINT('',(-1.745028281254E-02,2.737869111558E-03));
#8031 = ( GEOMETRIC_REPRESENTATION_CONTEXT(2) 
PARAMETRIC_REPRESENTATION_CONTEXT() REPRESENTATION_CONTEXT('2D SPACE',''
  ) );
#8032 = ORIENTED_EDGE('',*,*,#7981,.F.);
#8033 = ORIENTED_EDGE('',*,*,#8034,.T.);
#8034 = EDGE_CURVE('',#1708,#8012,#8035,.T.);
#8035 = SURFACE_CURVE('',#8036,(#8040,#8047),.PCURVE_S1.);
#8036 = LINE('',#8037,#8038);
#8037 = CARTESIAN_POINT('',(-10.,-23.40041160583,350.));
#8038 = VECTOR('',#8039,1.);
#8039 = DIRECTION('',(-1.,0.,0.));
#8040 = PCURVE('',#7995,#8041);
#8041 = DEFINITIONAL_REPRESENTATION('',(#8042),#8046);
#8042 = LINE('',#8043,#8044);
#8043 = CARTESIAN_POINT('',(8.23326791874E-02,-4.081936109875));
#8044 = VECTOR('',#8045,1.);
#8045 = DIRECTION('',(0.,1.));
#8046 = ( GEOMETRIC_REPRESENTATION_CONTEXT(2) 
PARAMETRIC_REPRESENTATION_CONTEXT() REPRESENTATION_CONTEXT('2D SPACE',''
  ) );
#8047 = PCURVE('',#1749,#8048);
#8048 = DEFINITIONAL_REPRESENTATION('',(#8049),#8052);
#8049 = B_SPLINE_CURVE_WITH_KNOTS('',1,(#8050,#8051),.UNSPECIFIED.,.F.,
  .F.,(2,2),(0.,8.),.PIECEWISE_BEZIER_KNOTS.);
#8050 = CARTESIAN_POINT('',(-21.53887392414,-2.169931663379));
#8051 = CARTESIAN_POINT('',(-21.53887392414,5.830068336621));
#8052 = ( GEOMETRIC_REPRESENTATION_CONTEXT(2) 
PARAMETRIC_REPRESENTATION_CONTEXT() REPRESENTATION_CONTEXT('2D SPACE',''
  ) );
#8053 = ADVANCED_FACE('',(#8054),#1749,.T.);
#8054 = FACE_BOUND('',#8055,.T.);
#8055 = EDGE_LOOP('',(#8056,#8057,#8058));
#8056 = ORIENTED_EDGE('',*,*,#8034,.F.);
#8057 = ORIENTED_EDGE('',*,*,#1735,.F.);
#8058 = ORIENTED_EDGE('',*,*,#8059,.T.);
#8059 = EDGE_CURVE('',#1148,#8012,#8060,.T.);
#8060 = SURFACE_CURVE('',#8061,(#8065,#8072),.PCURVE_S1.);
#8061 = LINE('',#8062,#8063);
#8062 = CARTESIAN_POINT('',(-10.,23.337472915649,349.99993896484));
#8063 = VECTOR('',#8064,1.);
#8064 = DIRECTION('',(-0.168713686788,-0.985665101284,1.287183279324E-06
    ));
#8065 = PCURVE('',#1749,#8066);
#8066 = DEFINITIONAL_REPRESENTATION('',(#8067),#8071);
#8067 = LINE('',#8068,#8069);
#8068 = CARTESIAN_POINT('',(25.199010597383,-2.169931663379));
#8069 = VECTOR('',#8070,1.);
#8070 = DIRECTION('',(-0.985665101285,0.168713686788));
#8071 = ( GEOMETRIC_REPRESENTATION_CONTEXT(2) 
PARAMETRIC_REPRESENTATION_CONTEXT() REPRESENTATION_CONTEXT('2D SPACE',''
  ) );
#8072 = PCURVE('',#8073,#8078);
#8073 = PLANE('',#8074);
#8074 = AXIS2_PLACEMENT_3D('',#8075,#8076,#8077);
#8075 = CARTESIAN_POINT('',(-15.83006833662,1.798598991527,
    349.99996709253));
#8076 = DIRECTION('',(-1.685825797875E-22,1.305903270438E-06,
    0.999999999999));
#8077 = DIRECTION('',(-4.484155085839E-44,0.999999999999,
    -1.305903270438E-06));
#8078 = DEFINITIONAL_REPRESENTATION('',(#8079),#8082);
#8079 = B_SPLINE_CURVE_WITH_KNOTS('',1,(#8080,#8081),.UNSPECIFIED.,.F.,
  .F.,(2,2),(0.,47.417611175041),.PIECEWISE_BEZIER_KNOTS.);
#8080 = CARTESIAN_POINT('',(21.538873924141,-5.830068336621));
#8081 = CARTESIAN_POINT('',(-25.19901059738,2.169931663379));
#8082 = ( GEOMETRIC_REPRESENTATION_CONTEXT(2) 
PARAMETRIC_REPRESENTATION_CONTEXT() REPRESENTATION_CONTEXT('2D SPACE',''
  ) );
#8083 = ADVANCED_FACE('',(#8084),#8073,.T.);
#8084 = FACE_BOUND('',#8085,.T.);
#8085 = EDGE_LOOP('',(#8086,#8113,#8114));
#8086 = ORIENTED_EDGE('',*,*,#8087,.T.);
#8087 = EDGE_CURVE('',#8088,#8012,#8090,.T.);
#8088 = VERTEX_POINT('',#8089);
#8089 = CARTESIAN_POINT('',(-18.,23.337472915649,349.99993896484));
#8090 = SURFACE_CURVE('',#8091,(#8095,#8102),.PCURVE_S1.);
#8091 = LINE('',#8092,#8093);
#8092 = CARTESIAN_POINT('',(-18.,23.337472915649,349.99993896484));
#8093 = VECTOR('',#8094,1.);
#8094 = DIRECTION('',(0.,-0.999999999999,1.305903270438E-06));
#8095 = PCURVE('',#8073,#8096);
#8096 = DEFINITIONAL_REPRESENTATION('',(#8097),#8101);
#8097 = LINE('',#8098,#8099);
#8098 = CARTESIAN_POINT('',(21.538873924141,2.169931663379));
#8099 = VECTOR('',#8100,1.);
#8100 = DIRECTION('',(-1.,4.484155085839E-44));
#8101 = ( GEOMETRIC_REPRESENTATION_CONTEXT(2) 
PARAMETRIC_REPRESENTATION_CONTEXT() REPRESENTATION_CONTEXT('2D SPACE',''
  ) );
#8102 = PCURVE('',#8103,#8108);
#8103 = PLANE('',#8104);
#8104 = AXIS2_PLACEMENT_3D('',#8105,#8106,#8107);
#8105 = CARTESIAN_POINT('',(-18.02563209346,-0.50598730074,
    349.95341426297));
#8106 = DIRECTION('',(-0.876006209642,6.298369180861E-07,0.482299824454)
  );
#8107 = DIRECTION('',(-0.482299824454,5.293955920339E-23,-0.876006209642
    ));
#8108 = DEFINITIONAL_REPRESENTATION('',(#8109),#8112);
#8109 = B_SPLINE_CURVE_WITH_KNOTS('',1,(#8110,#8111),.UNSPECIFIED.,.F.,
  .F.,(2,2),(0.,46.737884521524),.PIECEWISE_BEZIER_KNOTS.);
#8110 = CARTESIAN_POINT('',(-5.31182819181E-02,-23.84346021639));
#8111 = CARTESIAN_POINT('',(-5.317174909399E-02,22.894424305099));
#8112 = ( GEOMETRIC_REPRESENTATION_CONTEXT(2) 
PARAMETRIC_REPRESENTATION_CONTEXT() REPRESENTATION_CONTEXT('2D SPACE',''
  ) );
#8113 = ORIENTED_EDGE('',*,*,#8059,.F.);
#8114 = ORIENTED_EDGE('',*,*,#8115,.T.);
#8115 = EDGE_CURVE('',#1148,#8088,#8116,.T.);
#8116 = SURFACE_CURVE('',#8117,(#8121,#8128),.PCURVE_S1.);
#8117 = LINE('',#8118,#8119);
#8118 = CARTESIAN_POINT('',(-10.,23.337472915649,349.99993896484));
#8119 = VECTOR('',#8120,1.);
#8120 = DIRECTION('',(-1.,0.,0.));
#8121 = PCURVE('',#8073,#8122);
#8122 = DEFINITIONAL_REPRESENTATION('',(#8123),#8127);
#8123 = LINE('',#8124,#8125);
#8124 = CARTESIAN_POINT('',(21.538873924141,-5.830068336621));
#8125 = VECTOR('',#8126,1.);
#8126 = DIRECTION('',(0.,1.));
#8127 = ( GEOMETRIC_REPRESENTATION_CONTEXT(2) 
PARAMETRIC_REPRESENTATION_CONTEXT() REPRESENTATION_CONTEXT('2D SPACE',''
  ) );
#8128 = PCURVE('',#8129,#8134);
#8129 = PLANE('',#8130);
#8130 = AXIS2_PLACEMENT_3D('',#8131,#8132,#8133);
#8131 = CARTESIAN_POINT('',(-14.082087138,23.419785197757,349.9946036526
    ));
#8132 = DIRECTION('',(5.518970683988E-19,6.468220177021E-02,
    0.997905913789));
#8133 = DIRECTION('',(-6.01853107621E-36,0.997905913789,
    -6.468220177021E-02));
#8134 = DEFINITIONAL_REPRESENTATION('',(#8135),#8138);
#8135 = B_SPLINE_CURVE_WITH_KNOTS('',1,(#8136,#8137),.UNSPECIFIED.,.F.,
  .F.,(2,2),(0.,8.),.PIECEWISE_BEZIER_KNOTS.);
#8136 = CARTESIAN_POINT('',(-8.248501283557E-02,-4.082087138009));
#8137 = CARTESIAN_POINT('',(-8.248501283557E-02,3.917912861991));
#8138 = ( GEOMETRIC_REPRESENTATION_CONTEXT(2) 
PARAMETRIC_REPRESENTATION_CONTEXT() REPRESENTATION_CONTEXT('2D SPACE',''
  ) );
#8139 = ADVANCED_FACE('',(#8140),#8129,.T.);
#8140 = FACE_BOUND('',#8141,.T.);
#8141 = EDGE_LOOP('',(#8142,#8169,#8170));
#8142 = ORIENTED_EDGE('',*,*,#8143,.T.);
#8143 = EDGE_CURVE('',#8144,#8088,#8146,.T.);
#8144 = VERTEX_POINT('',#8145);
#8145 = CARTESIAN_POINT('',(-18.01147270202,23.659984588623,
    349.97903442382));
#8146 = SURFACE_CURVE('',#8147,(#8151,#8158),.PCURVE_S1.);
#8147 = LINE('',#8148,#8149);
#8148 = CARTESIAN_POINT('',(-18.01147270202,23.659984588623,
    349.97903442382));
#8149 = VECTOR('',#8150,1.);
#8150 = DIRECTION('',(3.547614391857E-02,-0.997277755453,
    6.464148584332E-02));
#8151 = PCURVE('',#8129,#8152);
#8152 = DEFINITIONAL_REPRESENTATION('',(#8153),#8157);
#8153 = LINE('',#8154,#8155);
#8154 = CARTESIAN_POINT('',(0.240703444631,3.929385564017));
#8155 = VECTOR('',#8156,1.);
#8156 = DIRECTION('',(-0.999370523486,-3.547614391857E-02));
#8157 = ( GEOMETRIC_REPRESENTATION_CONTEXT(2) 
PARAMETRIC_REPRESENTATION_CONTEXT() REPRESENTATION_CONTEXT('2D SPACE',''
  ) );
#8158 = PCURVE('',#8159,#8164);
#8159 = PLANE('',#8160);
#8160 = AXIS2_PLACEMENT_3D('',#8161,#8162,#8163);
#8161 = CARTESIAN_POINT('',(-18.01992469776,23.657309559576,
    349.96368587841));
#8162 = DIRECTION('',(-0.875975343876,1.042566344334E-04,0.482355870755)
  );
#8163 = DIRECTION('',(-0.482355873376,0.,-0.875975348637));
#8164 = DEFINITIONAL_REPRESENTATION('',(#8165),#8168);
#8165 = B_SPLINE_CURVE_WITH_KNOTS('',1,(#8166,#8167),.UNSPECIFIED.,.F.,
  .F.,(2,2),(0.,0.323392025151),.PIECEWISE_BEZIER_KNOTS.);
#8166 = CARTESIAN_POINT('',(-1.752181720573E-02,-2.675029061696E-03));
#8167 = CARTESIAN_POINT('',(-4.13676050159E-02,0.319836645665));
#8168 = ( GEOMETRIC_REPRESENTATION_CONTEXT(2) 
PARAMETRIC_REPRESENTATION_CONTEXT() REPRESENTATION_CONTEXT('2D SPACE',''
  ) );
#8169 = ORIENTED_EDGE('',*,*,#8115,.F.);
#8170 = ORIENTED_EDGE('',*,*,#8171,.T.);
#8171 = EDGE_CURVE('',#1148,#8144,#8172,.T.);
#8172 = SURFACE_CURVE('',#8173,(#8177,#8184),.PCURVE_S1.);
#8173 = LINE('',#8174,#8175);
#8174 = CARTESIAN_POINT('',(-10.,23.337472915649,349.99993896484));
#8175 = VECTOR('',#8176,1.);
#8176 = DIRECTION('',(-0.99918730554,4.022351214431E-02,
    -2.607205040551E-03));
#8177 = PCURVE('',#8129,#8178);
#8178 = DEFINITIONAL_REPRESENTATION('',(#8179),#8183);
#8179 = LINE('',#8180,#8181);
#8180 = CARTESIAN_POINT('',(-8.248501283557E-02,-4.082087138009));
#8181 = VECTOR('',#8182,1.);
#8182 = DIRECTION('',(4.030792040464E-02,0.99918730554));
#8183 = ( GEOMETRIC_REPRESENTATION_CONTEXT(2) 
PARAMETRIC_REPRESENTATION_CONTEXT() REPRESENTATION_CONTEXT('2D SPACE',''
  ) );
#8184 = PCURVE('',#1611,#8185);
#8185 = DEFINITIONAL_REPRESENTATION('',(#8186),#8189);
#8186 = B_SPLINE_CURVE_WITH_KNOTS('',1,(#8187,#8188),.UNSPECIFIED.,.F.,
  .F.,(2,2),(0.,8.017988877166),.PIECEWISE_BEZIER_KNOTS.);
#8187 = CARTESIAN_POINT('',(-0.268913008247,-3.899869797182));
#8188 = CARTESIAN_POINT('',(5.419428208438E-02,4.111606178772));
#8189 = ( GEOMETRIC_REPRESENTATION_CONTEXT(2) 
PARAMETRIC_REPRESENTATION_CONTEXT() REPRESENTATION_CONTEXT('2D SPACE',''
  ) );
#8190 = ADVANCED_FACE('',(#8191),#1611,.T.);
#8191 = FACE_BOUND('',#8192,.T.);
#8192 = EDGE_LOOP('',(#8193,#8218,#8219));
#8193 = ORIENTED_EDGE('',*,*,#8194,.T.);
#8194 = EDGE_CURVE('',#1596,#8144,#8195,.T.);
#8195 = SURFACE_CURVE('',#8196,(#8200,#8207),.PCURVE_S1.);
#8196 = LINE('',#8197,#8198);
#8197 = CARTESIAN_POINT('',(-10.,23.770988464355,349.96206665039));
#8198 = VECTOR('',#8199,1.);
#8199 = DIRECTION('',(-0.999901782625,-1.385425343771E-02,
    2.117726357982E-03));
#8200 = PCURVE('',#1611,#8201);
#8201 = DEFINITIONAL_REPRESENTATION('',(#8202),#8206);
#8202 = LINE('',#8203,#8204);
#8203 = CARTESIAN_POINT('',(0.166253676108,-3.899869797182));
#8204 = VECTOR('',#8205,1.);
#8205 = DIRECTION('',(-1.398599134156E-02,0.99990219124));
#8206 = ( GEOMETRIC_REPRESENTATION_CONTEXT(2) 
PARAMETRIC_REPRESENTATION_CONTEXT() REPRESENTATION_CONTEXT('2D SPACE',''
  ) );
#8207 = PCURVE('',#8208,#8213);
#8208 = PLANE('',#8209);
#8209 = AXIS2_PLACEMENT_3D('',#8210,#8211,#8212);
#8210 = CARTESIAN_POINT('',(-14.09345777235,23.794977319884,
    349.95491408608));
#8211 = DIRECTION('',(-5.87242701203E-04,0.192385023091,0.981319345594)
  );
#8212 = DIRECTION('',(-1.355252715607E-20,0.9813195148,-0.192385056264)
  );
#8213 = DEFINITIONAL_REPRESENTATION('',(#8214),#8217);
#8214 = B_SPLINE_CURVE_WITH_KNOTS('',1,(#8215,#8216),.UNSPECIFIED.,.F.,
  .F.,(2,2),(0.,8.012259645136),.PIECEWISE_BEZIER_KNOTS.);
#8215 = CARTESIAN_POINT('',(-2.491677855477E-02,-4.09345847818));
#8216 = CARTESIAN_POINT('',(-0.137111394077,3.918015605241));
#8217 = ( GEOMETRIC_REPRESENTATION_CONTEXT(2) 
PARAMETRIC_REPRESENTATION_CONTEXT() REPRESENTATION_CONTEXT('2D SPACE',''
  ) );
#8218 = ORIENTED_EDGE('',*,*,#8171,.F.);
#8219 = ORIENTED_EDGE('',*,*,#1595,.F.);
#8220 = ADVANCED_FACE('',(#8221),#8208,.T.);
#8221 = FACE_BOUND('',#8222,.T.);
#8222 = EDGE_LOOP('',(#8223,#8245,#8246));
#8223 = ORIENTED_EDGE('',*,*,#8224,.T.);
#8224 = EDGE_CURVE('',#8225,#8144,#8227,.T.);
#8225 = VERTEX_POINT('',#8226);
#8226 = CARTESIAN_POINT('',(-18.04549789428,23.975412368774,
    349.91717529296));
#8227 = SURFACE_CURVE('',#8228,(#8232,#8239),.PCURVE_S1.);
#8228 = LINE('',#8229,#8230);
#8229 = CARTESIAN_POINT('',(-18.04549789428,23.975412368774,
    349.91717529296));
#8230 = VECTOR('',#8231,1.);
#8231 = DIRECTION('',(0.105265531507,-0.975855556532,0.191376855084));
#8232 = PCURVE('',#8208,#8233);
#8233 = DEFINITIONAL_REPRESENTATION('',(#8234),#8238);
#8234 = LINE('',#8235,#8236);
#8235 = CARTESIAN_POINT('',(0.184324814466,3.952040803369));
#8236 = VECTOR('',#8237,1.);
#8237 = DIRECTION('',(-0.994444148283,-0.105265549658));
#8238 = ( GEOMETRIC_REPRESENTATION_CONTEXT(2) 
PARAMETRIC_REPRESENTATION_CONTEXT() REPRESENTATION_CONTEXT('2D SPACE',''
  ) );
#8239 = PCURVE('',#8159,#8240);
#8240 = DEFINITIONAL_REPRESENTATION('',(#8241),#8244);
#8241 = B_SPLINE_CURVE_WITH_KNOTS('',1,(#8242,#8243),.UNSPECIFIED.,.F.,
  .F.,(2,2),(0.,0.323232037815),.PIECEWISE_BEZIER_KNOTS.);
#8242 = CARTESIAN_POINT('',(5.307750784491E-02,-0.318102810927));
#8243 = CARTESIAN_POINT('',(-1.752181720573E-02,-2.675029061696E-03));
#8244 = ( GEOMETRIC_REPRESENTATION_CONTEXT(2) 
PARAMETRIC_REPRESENTATION_CONTEXT() REPRESENTATION_CONTEXT('2D SPACE',''
  ) );
#8245 = ORIENTED_EDGE('',*,*,#8194,.F.);
#8246 = ORIENTED_EDGE('',*,*,#8247,.T.);
#8247 = EDGE_CURVE('',#1596,#8225,#8248,.T.);
#8248 = SURFACE_CURVE('',#8249,(#8253,#8260),.PCURVE_S1.);
#8249 = LINE('',#8250,#8251);
#8250 = CARTESIAN_POINT('',(-10.,23.770988464355,349.96206665039));
#8251 = VECTOR('',#8252,1.);
#8252 = DIRECTION('',(-0.999661809655,2.539989108361E-02,
    -5.577799682243E-03));
#8253 = PCURVE('',#8208,#8254);
#8254 = DEFINITIONAL_REPRESENTATION('',(#8255),#8259);
#8255 = LINE('',#8256,#8257);
#8256 = CARTESIAN_POINT('',(-2.491677855477E-02,-4.09345847818));
#8257 = VECTOR('',#8258,1.);
#8258 = DIRECTION('',(2.599849409982E-02,0.999661982024));
#8259 = ( GEOMETRIC_REPRESENTATION_CONTEXT(2) 
PARAMETRIC_REPRESENTATION_CONTEXT() REPRESENTATION_CONTEXT('2D SPACE',''
  ) );
#8260 = PCURVE('',#1637,#8261);
#8261 = DEFINITIONAL_REPRESENTATION('',(#8262),#8265);
#8262 = B_SPLINE_CURVE_WITH_KNOTS('',1,(#8263,#8264),.UNSPECIFIED.,.F.,
  .F.,(2,2),(0.,8.048219724489),.PIECEWISE_BEZIER_KNOTS.);
#8263 = CARTESIAN_POINT('',(-0.213447490597,-3.916861838733));
#8264 = CARTESIAN_POINT('',(-4.367201936035E-03,4.128641636286));
#8265 = ( GEOMETRIC_REPRESENTATION_CONTEXT(2) 
PARAMETRIC_REPRESENTATION_CONTEXT() REPRESENTATION_CONTEXT('2D SPACE',''
  ) );
#8266 = ADVANCED_FACE('',(#8267),#1637,.T.);
#8267 = FACE_BOUND('',#8268,.T.);
#8268 = EDGE_LOOP('',(#8269,#8294,#8295));
#8269 = ORIENTED_EDGE('',*,*,#8270,.T.);
#8270 = EDGE_CURVE('',#1540,#8225,#8271,.T.);
#8271 = SURFACE_CURVE('',#8272,(#8276,#8283),.PCURVE_S1.);
#8272 = LINE('',#8273,#8274);
#8273 = CARTESIAN_POINT('',(-10.,24.191368103027,349.84957885742));
#8274 = VECTOR('',#8275,1.);
#8275 = DIRECTION('',(-0.999604698226,-2.683120043091E-02,
    8.398450343758E-03));
#8276 = PCURVE('',#1637,#8277);
#8277 = DEFINITIONAL_REPRESENTATION('',(#8278),#8282);
#8278 = LINE('',#8279,#8280);
#8279 = CARTESIAN_POINT('',(0.221722067365,-3.916861838733));
#8280 = VECTOR('',#8281,1.);
#8281 = DIRECTION('',(-2.809023118035E-02,0.999605391598));
#8282 = ( GEOMETRIC_REPRESENTATION_CONTEXT(2) 
PARAMETRIC_REPRESENTATION_CONTEXT() REPRESENTATION_CONTEXT('2D SPACE',''
  ) );
#8283 = PCURVE('',#8284,#8289);
#8284 = PLANE('',#8285);
#8285 = AXIS2_PLACEMENT_3D('',#8286,#8287,#8288);
#8286 = CARTESIAN_POINT('',(-14.11569898599,24.158375406527,
    349.85835074594));
#8287 = DIRECTION('',(-5.111575696309E-04,0.316013566603,0.948754533291)
  );
#8288 = DIRECTION('',(0.,0.948754657238,-0.316013607887));
#8289 = DEFINITIONAL_REPRESENTATION('',(#8290),#8293);
#8290 = B_SPLINE_CURVE_WITH_KNOTS('',1,(#8291,#8292),.UNSPECIFIED.,.F.,
  .F.,(2,2),(0.,8.048679551593),.PIECEWISE_BEZIER_KNOTS.);
#8291 = CARTESIAN_POINT('',(3.407401059964E-02,-4.115699523671));
#8292 = CARTESIAN_POINT('',(-0.192176391507,3.929799421689));
#8293 = ( GEOMETRIC_REPRESENTATION_CONTEXT(2) 
PARAMETRIC_REPRESENTATION_CONTEXT() REPRESENTATION_CONTEXT('2D SPACE',''
  ) );
#8294 = ORIENTED_EDGE('',*,*,#8247,.F.);
#8295 = ORIENTED_EDGE('',*,*,#1623,.F.);
#8296 = ADVANCED_FACE('',(#8297),#8284,.T.);
#8297 = FACE_BOUND('',#8298,.T.);
#8298 = EDGE_LOOP('',(#8299,#8326,#8327));
#8299 = ORIENTED_EDGE('',*,*,#8300,.T.);
#8300 = EDGE_CURVE('',#8301,#8225,#8303,.T.);
#8301 = VERTEX_POINT('',#8302);
#8302 = CARTESIAN_POINT('',(-18.10089492797,24.276941299438,
    349.81671142578));
#8303 = SURFACE_CURVE('',#8304,(#8308,#8315),.PCURVE_S1.);
#8304 = LINE('',#8305,#8306);
#8305 = CARTESIAN_POINT('',(-18.10089492797,24.276941299438,
    349.81671142578));
#8306 = VECTOR('',#8307,1.);
#8307 = DIRECTION('',(0.171711628024,-0.934635306814,0.311403211379));
#8308 = PCURVE('',#8284,#8309);
#8309 = DEFINITIONAL_REPRESENTATION('',(#8310),#8314);
#8310 = LINE('',#8311,#8312);
#8311 = CARTESIAN_POINT('',(0.125648534884,3.985196462617));
#8312 = VECTOR('',#8313,1.);
#8313 = DIRECTION('',(-0.985147252494,-0.171711650457));
#8314 = ( GEOMETRIC_REPRESENTATION_CONTEXT(2) 
PARAMETRIC_REPRESENTATION_CONTEXT() REPRESENTATION_CONTEXT('2D SPACE',''
  ) );
#8315 = PCURVE('',#8316,#8321);
#8316 = PLANE('',#8317);
#8317 = AXIS2_PLACEMENT_3D('',#8318,#8319,#8320);
#8318 = CARTESIAN_POINT('',(-18.04499488254,23.810149127078,
    349.91819251083));
#8319 = DIRECTION('',(-0.875296268119,3.124045582123E-04,0.483586957455)
  );
#8320 = DIRECTION('',(-0.483586981053,0.,-0.875296310832));
#8321 = DEFINITIONAL_REPRESENTATION('',(#8322),#8325);
#8322 = B_SPLINE_CURVE_WITH_KNOTS('',1,(#8323,#8324),.UNSPECIFIED.,.F.,
  .F.,(2,2),(0.,0.322616670337),.PIECEWISE_BEZIER_KNOTS.);
#8323 = CARTESIAN_POINT('',(0.115858553575,-0.466792195139));
#8324 = CARTESIAN_POINT('',(1.133616972186E-03,-0.165263249761));
#8325 = ( GEOMETRIC_REPRESENTATION_CONTEXT(2) 
PARAMETRIC_REPRESENTATION_CONTEXT() REPRESENTATION_CONTEXT('2D SPACE',''
  ) );
#8326 = ORIENTED_EDGE('',*,*,#8270,.F.);
#8327 = ORIENTED_EDGE('',*,*,#8328,.T.);
#8328 = EDGE_CURVE('',#1540,#8301,#8329,.T.);
#8329 = SURFACE_CURVE('',#8330,(#8334,#8341),.PCURVE_S1.);
#8330 = LINE('',#8331,#8332);
#8331 = CARTESIAN_POINT('',(-10.,24.191368103027,349.84957885742));
#8332 = VECTOR('',#8333,1.);
#8333 = DIRECTION('',(-0.999935982497,1.056274880609E-02,
    -4.056999608303E-03));
#8334 = PCURVE('',#8284,#8335);
#8335 = DEFINITIONAL_REPRESENTATION('',(#8336),#8340);
#8336 = LINE('',#8337,#8338);
#8337 = CARTESIAN_POINT('',(3.407401059964E-02,-4.115699523671));
#8338 = VECTOR('',#8339,1.);
#8339 = DIRECTION('',(1.130352420643E-02,0.999936113129));
#8340 = ( GEOMETRIC_REPRESENTATION_CONTEXT(2) 
PARAMETRIC_REPRESENTATION_CONTEXT() REPRESENTATION_CONTEXT('2D SPACE',''
  ) );
#8341 = PCURVE('',#1581,#8342);
#8342 = DEFINITIONAL_REPRESENTATION('',(#8343),#8346);
#8343 = B_SPLINE_CURVE_WITH_KNOTS('',1,(#8344,#8345),.UNSPECIFIED.,.F.,
  .F.,(2,2),(0.,8.101413560247),.PIECEWISE_BEZIER_KNOTS.);
#8344 = CARTESIAN_POINT('',(-0.15620813176,-3.944553854206));
#8345 = CARTESIAN_POINT('',(-6.475804743103E-02,4.156343537826));
#8346 = ( GEOMETRIC_REPRESENTATION_CONTEXT(2) 
PARAMETRIC_REPRESENTATION_CONTEXT() REPRESENTATION_CONTEXT('2D SPACE',''
  ) );
#8347 = ADVANCED_FACE('',(#8348),#1581,.T.);
#8348 = FACE_BOUND('',#8349,.T.);
#8349 = EDGE_LOOP('',(#8350,#8375,#8376));
#8350 = ORIENTED_EDGE('',*,*,#8351,.T.);
#8351 = EDGE_CURVE('',#1485,#8301,#8352,.T.);
#8352 = SURFACE_CURVE('',#8353,(#8357,#8364),.PCURVE_S1.);
#8353 = LINE('',#8354,#8355);
#8354 = CARTESIAN_POINT('',(-10.,24.585874557495,349.66592407226));
#8355 = VECTOR('',#8356,1.);
#8356 = DIRECTION('',(-0.999100814359,-3.81014039129E-02,
    1.859692898523E-02));
#8357 = PCURVE('',#1581,#8358);
#8358 = DEFINITIONAL_REPRESENTATION('',(#8359),#8363);
#8359 = LINE('',#8360,#8361);
#8360 = CARTESIAN_POINT('',(0.27895209474,-3.944553854206));
#8361 = VECTOR('',#8362,1.);
#8362 = DIRECTION('',(-4.239051191245E-02,0.999101118256));
#8363 = ( GEOMETRIC_REPRESENTATION_CONTEXT(2) 
PARAMETRIC_REPRESENTATION_CONTEXT() REPRESENTATION_CONTEXT('2D SPACE',''
  ) );
#8364 = PCURVE('',#8365,#8370);
#8365 = PLANE('',#8366);
#8366 = AXIS2_PLACEMENT_3D('',#8367,#8368,#8369);
#8367 = CARTESIAN_POINT('',(-14.14856315032,24.500884585678,
    349.70793267536));
#8368 = DIRECTION('',(2.468125347026E-04,0.433396676924,0.901203228753)
  );
#8369 = DIRECTION('',(0.,0.901203256202,-0.433396690124));
#8370 = DEFINITIONAL_REPRESENTATION('',(#8371),#8374);
#8371 = B_SPLINE_CURVE_WITH_KNOTS('',1,(#8372,#8373),.UNSPECIFIED.,.F.,
  .F.,(2,2),(0.,8.10818569213),.PIECEWISE_BEZIER_KNOTS.);
#8372 = CARTESIAN_POINT('',(9.479962888351E-02,-4.148563276678));
#8373 = CARTESIAN_POINT('',(-0.248962769153,3.952331898039));
#8374 = ( GEOMETRIC_REPRESENTATION_CONTEXT(2) 
PARAMETRIC_REPRESENTATION_CONTEXT() REPRESENTATION_CONTEXT('2D SPACE',''
  ) );
#8375 = ORIENTED_EDGE('',*,*,#8328,.F.);
#8376 = ORIENTED_EDGE('',*,*,#1567,.F.);
#8377 = ADVANCED_FACE('',(#8378),#8365,.T.);
#8378 = FACE_BOUND('',#8379,.T.);
#8379 = EDGE_LOOP('',(#8380,#8407,#8408));
#8380 = ORIENTED_EDGE('',*,*,#8381,.T.);
#8381 = EDGE_CURVE('',#8382,#8301,#8384,.T.);
#8382 = VERTEX_POINT('',#8383);
#8383 = CARTESIAN_POINT('',(-18.17626953125,24.5601978302,349.6805114746
    ));
#8384 = SURFACE_CURVE('',#8385,(#8389,#8396),.PCURVE_S1.);
#8385 = LINE('',#8386,#8387);
#8386 = CARTESIAN_POINT('',(-18.17626953125,24.5601978302,349.6805114746
    ));
#8387 = VECTOR('',#8388,1.);
#8388 = DIRECTION('',(0.233204816185,-0.876379898831,0.421395048184));
#8389 = PCURVE('',#8365,#8390);
#8390 = DEFINITIONAL_REPRESENTATION('',(#8391),#8395);
#8391 = LINE('',#8392,#8393);
#8392 = CARTESIAN_POINT('',(6.533754674342E-02,4.027706503607));
#8393 = VECTOR('',#8394,1.);
#8394 = DIRECTION('',(-0.972427637614,-0.233204823288));
#8395 = ( GEOMETRIC_REPRESENTATION_CONTEXT(2) 
PARAMETRIC_REPRESENTATION_CONTEXT() REPRESENTATION_CONTEXT('2D SPACE',''
  ) );
#8396 = PCURVE('',#8397,#8402);
#8397 = PLANE('',#8398);
#8398 = AXIS2_PLACEMENT_3D('',#8399,#8400,#8401);
#8399 = CARTESIAN_POINT('',(-18.15707408641,-2.04399588847E-02,
    349.71522934504));
#8400 = DIRECTION('',(-0.874951976267,6.361688523239E-07,0.484209705835)
  );
#8401 = DIRECTION('',(-0.484209705836,0.,-0.874951976268));
#8402 = DEFINITIONAL_REPRESENTATION('',(#8403),#8406);
#8403 = B_SPLINE_CURVE_WITH_KNOTS('',1,(#8404,#8405),.UNSPECIFIED.,.F.,
  .F.,(2,2),(0.,0.32321203526),.PIECEWISE_BEZIER_KNOTS.);
#8404 = CARTESIAN_POINT('',(3.96710900414E-02,-24.58063778909));
#8405 = CARTESIAN_POINT('',(-0.115994440882,-24.29738125832));
#8406 = ( GEOMETRIC_REPRESENTATION_CONTEXT(2) 
PARAMETRIC_REPRESENTATION_CONTEXT() REPRESENTATION_CONTEXT('2D SPACE',''
  ) );
#8407 = ORIENTED_EDGE('',*,*,#8351,.F.);
#8408 = ORIENTED_EDGE('',*,*,#8409,.T.);
#8409 = EDGE_CURVE('',#1485,#8382,#8410,.T.);
#8410 = SURFACE_CURVE('',#8411,(#8415,#8422),.PCURVE_S1.);
#8411 = LINE('',#8412,#8413);
#8412 = CARTESIAN_POINT('',(-10.,24.585874557495,349.66592407226));
#8413 = VECTOR('',#8414,1.);
#8414 = DIRECTION('',(-0.999993477487,-3.140375903703E-03,
    1.784103024181E-03));
#8415 = PCURVE('',#8365,#8416);
#8416 = DEFINITIONAL_REPRESENTATION('',(#8417),#8421);
#8417 = LINE('',#8418,#8419);
#8418 = CARTESIAN_POINT('',(9.479962888351E-02,-4.148563276678));
#8419 = VECTOR('',#8420,1.);
#8420 = DIRECTION('',(-3.603341335637E-03,0.999993507945));
#8421 = ( GEOMETRIC_REPRESENTATION_CONTEXT(2) 
PARAMETRIC_REPRESENTATION_CONTEXT() REPRESENTATION_CONTEXT('2D SPACE',''
  ) );
#8422 = PCURVE('',#8423,#8428);
#8423 = PLANE('',#8424);
#8424 = AXIS2_PLACEMENT_3D('',#8425,#8426,#8427);
#8425 = CARTESIAN_POINT('',(-14.19068680439,24.639344469235,
    349.63043018057));
#8426 = DIRECTION('',(-2.026674482725E-04,0.541977660562,0.840392869067)
  );
#8427 = DIRECTION('',(1.355252715607E-20,0.840392886326,-0.541977671692)
  );
#8428 = DEFINITIONAL_REPRESENTATION('',(#8429),#8432);
#8429 = B_SPLINE_CURVE_WITH_KNOTS('',1,(#8430,#8431),.UNSPECIFIED.,.F.,
  .F.,(2,2),(0.,8.176322861426),.PIECEWISE_BEZIER_KNOTS.);
#8430 = CARTESIAN_POINT('',(-6.417263023855E-02,-4.190686890462));
#8431 = CARTESIAN_POINT('',(-9.365721555964E-02,3.985582808704));
#8432 = ( GEOMETRIC_REPRESENTATION_CONTEXT(2) 
PARAMETRIC_REPRESENTATION_CONTEXT() REPRESENTATION_CONTEXT('2D SPACE',''
  ) );
#8433 = ADVANCED_FACE('',(#8434),#8423,.T.);
#8434 = FACE_BOUND('',#8435,.T.);
#8435 = EDGE_LOOP('',(#8436,#8463,#8464));
#8436 = ORIENTED_EDGE('',*,*,#8437,.T.);
#8437 = EDGE_CURVE('',#8438,#8382,#8440,.T.);
#8438 = VERTEX_POINT('',#8439);
#8439 = CARTESIAN_POINT('',(-18.26945114135,24.819906234741,
    349.51300048828));
#8440 = SURFACE_CURVE('',#8441,(#8445,#8452),.PCURVE_S1.);
#8441 = LINE('',#8442,#8443);
#8442 = CARTESIAN_POINT('',(-18.26945114135,24.819906234741,
    349.51300048828));
#8443 = VECTOR('',#8444,1.);
#8444 = DIRECTION('',(0.288678668724,-0.804582324699,0.518952704017));
#8445 = PCURVE('',#8423,#8446);
#8446 = DEFINITIONAL_REPRESENTATION('',(#8447),#8451);
#8447 = LINE('',#8448,#8449);
#8448 = CARTESIAN_POINT('',(0.215387094489,4.078764420725));
#8449 = VECTOR('',#8450,1.);
#8450 = DIRECTION('',(-0.957426040382,-0.288678674653));
#8451 = ( GEOMETRIC_REPRESENTATION_CONTEXT(2) 
PARAMETRIC_REPRESENTATION_CONTEXT() REPRESENTATION_CONTEXT('2D SPACE',''
  ) );
#8452 = PCURVE('',#8453,#8458);
#8453 = PLANE('',#8454);
#8454 = AXIS2_PLACEMENT_3D('',#8455,#8456,#8457);
#8455 = CARTESIAN_POINT('',(-18.24558384082,-1.443559730408E-02,
    349.55592396681));
#8456 = DIRECTION('',(-0.873891258085,3.462361939853E-07,0.486121455032)
  );
#8457 = DIRECTION('',(-0.486121455032,0.,-0.873891258085));
#8458 = DEFINITIONAL_REPRESENTATION('',(#8459),#8462);
#8459 = B_SPLINE_CURVE_WITH_KNOTS('',1,(#8460,#8461),.UNSPECIFIED.,.F.,
  .F.,(2,2),(0.,0.322786614332),.PIECEWISE_BEZIER_KNOTS.);
#8460 = CARTESIAN_POINT('',(4.911285952587E-02,-24.83434183204));
#8461 = CARTESIAN_POINT('',(-0.142571106947,-24.5746334275));
#8462 = ( GEOMETRIC_REPRESENTATION_CONTEXT(2) 
PARAMETRIC_REPRESENTATION_CONTEXT() REPRESENTATION_CONTEXT('2D SPACE',''
  ) );
#8463 = ORIENTED_EDGE('',*,*,#8409,.F.);
#8464 = ORIENTED_EDGE('',*,*,#8465,.T.);
#8465 = EDGE_CURVE('',#1485,#8438,#8466,.T.);
#8466 = SURFACE_CURVE('',#8467,(#8471,#8478),.PCURVE_S1.);
#8467 = LINE('',#8468,#8469);
#8468 = CARTESIAN_POINT('',(-10.,24.585874557495,349.66592407226));
#8469 = VECTOR('',#8470,1.);
#8470 = DIRECTION('',(-0.999429035147,2.828459221605E-02,
    -1.848203313377E-02));
#8471 = PCURVE('',#8423,#8472);
#8472 = DEFINITIONAL_REPRESENTATION('',(#8473),#8477);
#8473 = LINE('',#8474,#8475);
#8474 = CARTESIAN_POINT('',(-6.417263023855E-02,-4.190686890462));
#8475 = VECTOR('',#8476,1.);
#8476 = DIRECTION('',(3.378701937698E-02,0.999429055672));
#8477 = ( GEOMETRIC_REPRESENTATION_CONTEXT(2) 
PARAMETRIC_REPRESENTATION_CONTEXT() REPRESENTATION_CONTEXT('2D SPACE',''
  ) );
#8478 = PCURVE('',#1500,#8479);
#8479 = DEFINITIONAL_REPRESENTATION('',(#8480),#8483);
#8480 = B_SPLINE_CURVE_WITH_KNOTS('',1,(#8481,#8482),.UNSPECIFIED.,.F.,
  .F.,(2,2),(0.,8.274175404703),.PIECEWISE_BEZIER_KNOTS.);
#8481 = CARTESIAN_POINT('',(-0.247692986429,-4.028763539937));
#8482 = CARTESIAN_POINT('',(3.173545320368E-02,4.240692208473));
#8483 = ( GEOMETRIC_REPRESENTATION_CONTEXT(2) 
PARAMETRIC_REPRESENTATION_CONTEXT() REPRESENTATION_CONTEXT('2D SPACE',''
  ) );
#8484 = ADVANCED_FACE('',(#8485),#1500,.T.);
#8485 = FACE_BOUND('',#8486,.T.);
#8486 = EDGE_LOOP('',(#8487,#8512,#8513));
#8487 = ORIENTED_EDGE('',*,*,#8488,.T.);
#8488 = EDGE_CURVE('',#1428,#8438,#8489,.T.);
#8489 = SURFACE_CURVE('',#8490,(#8494,#8501),.PCURVE_S1.);
#8490 = LINE('',#8491,#8492);
#8491 = CARTESIAN_POINT('',(-10.,24.942556381226,349.41662597656));
#8492 = VECTOR('',#8493,1.);
#8493 = DIRECTION('',(-0.999822146428,-1.482907760401E-02,
    1.165220877667E-02));
#8494 = PCURVE('',#1500,#8495);
#8495 = DEFINITIONAL_REPRESENTATION('',(#8496),#8500);
#8496 = LINE('',#8497,#8498);
#8497 = CARTESIAN_POINT('',(0.187475330319,-4.028763539937));
#8498 = VECTOR('',#8499,1.);
#8499 = DIRECTION('',(-1.882980811664E-02,0.999822703446));
#8500 = ( GEOMETRIC_REPRESENTATION_CONTEXT(2) 
PARAMETRIC_REPRESENTATION_CONTEXT() REPRESENTATION_CONTEXT('2D SPACE',''
  ) );
#8501 = PCURVE('',#8502,#8507);
#8502 = PLANE('',#8503);
#8503 = AXIS2_PLACEMENT_3D('',#8504,#8505,#8506);
#8504 = CARTESIAN_POINT('',(-14.24149351195,24.939974245718,
    349.41570626687));
#8505 = DIRECTION('',(-5.565639367907E-04,0.640778902209,0.767725269038)
  );
#8506 = DIRECTION('',(0.,0.767725387945,-0.640779001454));
#8507 = DEFINITIONAL_REPRESENTATION('',(#8508),#8511);
#8508 = B_SPLINE_CURVE_WITH_KNOTS('',1,(#8509,#8510),.UNSPECIFIED.,.F.,
  .F.,(2,2),(0.,8.270922154406),.PIECEWISE_BEZIER_KNOTS.);
#8509 = CARTESIAN_POINT('',(1.393040326488E-03,-4.241494168884));
#8510 = CARTESIAN_POINT('',(-0.15452335435,4.02795825326));
#8511 = ( GEOMETRIC_REPRESENTATION_CONTEXT(2) 
PARAMETRIC_REPRESENTATION_CONTEXT() REPRESENTATION_CONTEXT('2D SPACE',''
  ) );
#8512 = ORIENTED_EDGE('',*,*,#8465,.F.);
#8513 = ORIENTED_EDGE('',*,*,#1484,.F.);
#8514 = ADVANCED_FACE('',(#8515),#8502,.T.);
#8515 = FACE_BOUND('',#8516,.T.);
#8516 = EDGE_LOOP('',(#8517,#8544,#8545));
#8517 = ORIENTED_EDGE('',*,*,#8518,.T.);
#8518 = EDGE_CURVE('',#8519,#8438,#8521,.T.);
#8519 = VERTEX_POINT('',#8520);
#8520 = CARTESIAN_POINT('',(-18.37861251831,25.053598403931,
    349.31787109375));
#8521 = SURFACE_CURVE('',#8522,(#8526,#8533),.PCURVE_S1.);
#8522 = LINE('',#8523,#8524);
#8523 = CARTESIAN_POINT('',(-18.37861251831,25.053598403931,
    349.31787109375));
#8524 = VECTOR('',#8525,1.);
#8525 = DIRECTION('',(0.337516840637,-0.722554486101,0.603321967859));
#8526 = PCURVE('',#8502,#8527);
#8527 = DEFINITIONAL_REPRESENTATION('',(#8528),#8532);
#8528 = LINE('',#8529,#8530);
#8529 = CARTESIAN_POINT('',(0.149922875483,4.137119647121));
#8530 = VECTOR('',#8531,1.);
#8531 = DIRECTION('',(-0.941319471274,-0.337516892912));
#8532 = ( GEOMETRIC_REPRESENTATION_CONTEXT(2) 
PARAMETRIC_REPRESENTATION_CONTEXT() REPRESENTATION_CONTEXT('2D SPACE',''
  ) );
#8533 = PCURVE('',#8534,#8539);
#8534 = PLANE('',#8535);
#8535 = AXIS2_PLACEMENT_3D('',#8536,#8537,#8538);
#8536 = CARTESIAN_POINT('',(-18.35056569272,-7.776533396026E-03,
    349.36803571637));
#8537 = DIRECTION('',(-0.872717435355,5.866167076182E-07,0.488225642533)
  );
#8538 = DIRECTION('',(-0.488225642533,5.293955920339E-23,-0.872717435355
    ));
#8539 = DEFINITIONAL_REPRESENTATION('',(#8540),#8543);
#8540 = B_SPLINE_CURVE_WITH_KNOTS('',1,(#8541,#8542),.UNSPECIFIED.,.F.,
  .F.,(2,2),(0.,0.323424978579),.PIECEWISE_BEZIER_KNOTS.);
#8541 = CARTESIAN_POINT('',(5.747272024685E-02,-25.06137493733));
#8542 = CARTESIAN_POINT('',(-0.166115487914,-24.82768276814));
#8543 = ( GEOMETRIC_REPRESENTATION_CONTEXT(2) 
PARAMETRIC_REPRESENTATION_CONTEXT() REPRESENTATION_CONTEXT('2D SPACE',''
  ) );
#8544 = ORIENTED_EDGE('',*,*,#8488,.F.);
#8545 = ORIENTED_EDGE('',*,*,#8546,.T.);
#8546 = EDGE_CURVE('',#1428,#8519,#8547,.T.);
#8547 = SURFACE_CURVE('',#8548,(#8552,#8559),.PCURVE_S1.);
#8548 = LINE('',#8549,#8550);
#8549 = CARTESIAN_POINT('',(-10.,24.942556381226,349.41662597656));
#8550 = VECTOR('',#8551,1.);
#8551 = DIRECTION('',(-0.999842754357,1.325094836266E-02,
    -1.178469034362E-02));
#8552 = PCURVE('',#8502,#8553);
#8553 = DEFINITIONAL_REPRESENTATION('',(#8554),#8558);
#8554 = LINE('',#8555,#8556);
#8555 = CARTESIAN_POINT('',(1.393040326488E-03,-4.241494168884));
#8556 = VECTOR('',#8557,1.);
#8557 = DIRECTION('',(1.77244715832E-02,0.999842909215));
#8558 = ( GEOMETRIC_REPRESENTATION_CONTEXT(2) 
PARAMETRIC_REPRESENTATION_CONTEXT() REPRESENTATION_CONTEXT('2D SPACE',''
  ) );
#8559 = PCURVE('',#1469,#8560);
#8560 = DEFINITIONAL_REPRESENTATION('',(#8561),#8564);
#8561 = B_SPLINE_CURVE_WITH_KNOTS('',1,(#8562,#8563),.UNSPECIFIED.,.F.,
  .F.,(2,2),(0.,8.379930225824),.PIECEWISE_BEZIER_KNOTS.);
#8562 = CARTESIAN_POINT('',(-0.183869870997,-4.083308289709));
#8563 = CARTESIAN_POINT('',(-3.551161344682E-02,4.295308566139));
#8564 = ( GEOMETRIC_REPRESENTATION_CONTEXT(2) 
PARAMETRIC_REPRESENTATION_CONTEXT() REPRESENTATION_CONTEXT('2D SPACE',''
  ) );
#8565 = ADVANCED_FACE('',(#8566),#1469,.T.);
#8566 = FACE_BOUND('',#8567,.T.);
#8567 = EDGE_LOOP('',(#8568,#8593,#8594));
#8568 = ORIENTED_EDGE('',*,*,#8569,.T.);
#8569 = EDGE_CURVE('',#1372,#8519,#8570,.T.);
#8570 = SURFACE_CURVE('',#8571,(#8575,#8582),.PCURVE_S1.);
#8571 = LINE('',#8572,#8573);
#8572 = CARTESIAN_POINT('',(-10.,25.250604629517,349.10925292968));
#8573 = VECTOR('',#8574,1.);
#8574 = DIRECTION('',(-0.999414107578,-2.349921310969E-02,
    2.488430343394E-02));
#8575 = PCURVE('',#1469,#8576);
#8576 = DEFINITIONAL_REPRESENTATION('',(#8577),#8581);
#8577 = LINE('',#8578,#8579);
#8578 = CARTESIAN_POINT('',(0.25129896201,-4.083308289709));
#8579 = VECTOR('',#8580,1.);
#8580 = DIRECTION('',(-3.421121751217E-02,0.999414624966));
#8581 = ( GEOMETRIC_REPRESENTATION_CONTEXT(2) 
PARAMETRIC_REPRESENTATION_CONTEXT() REPRESENTATION_CONTEXT('2D SPACE',''
  ) );
#8582 = PCURVE('',#8583,#8588);
#8583 = PLANE('',#8584);
#8584 = AXIS2_PLACEMENT_3D('',#8585,#8586,#8587);
#8585 = CARTESIAN_POINT('',(-14.2995666824,25.202804581587,
    349.15959694246));
#8586 = DIRECTION('',(-8.262259857544E-05,0.728705821741,0.684826852959)
  );
#8587 = DIRECTION('',(0.,-0.684826855297,0.728705824229));
#8588 = DEFINITIONAL_REPRESENTATION('',(#8589),#8592);
#8589 = B_SPLINE_CURVE_WITH_KNOTS('',1,(#8590,#8591),.UNSPECIFIED.,.F.,
  .F.,(2,2),(0.,8.383524361704),.PIECEWISE_BEZIER_KNOTS.);
#8590 = CARTESIAN_POINT('',(-6.942073183068E-02,4.299566697082));
#8591 = CARTESIAN_POINT('',(0.217515693303,-4.079045849826));
#8592 = ( GEOMETRIC_REPRESENTATION_CONTEXT(2) 
PARAMETRIC_REPRESENTATION_CONTEXT() REPRESENTATION_CONTEXT('2D SPACE',''
  ) );
#8593 = ORIENTED_EDGE('',*,*,#8546,.F.);
#8594 = ORIENTED_EDGE('',*,*,#1455,.F.);
#8595 = ADVANCED_FACE('',(#8596),#8583,.T.);
#8596 = FACE_BOUND('',#8597,.T.);
#8597 = EDGE_LOOP('',(#8598,#8625,#8626));
#8598 = ORIENTED_EDGE('',*,*,#8599,.T.);
#8599 = EDGE_CURVE('',#8600,#8519,#8602,.T.);
#8600 = VERTEX_POINT('',#8601);
#8601 = CARTESIAN_POINT('',(-18.50145721435,25.258560180664,
    349.09976196289));
#8602 = SURFACE_CURVE('',#8603,(#8607,#8614),.PCURVE_S1.);
#8603 = LINE('',#8604,#8605);
#8604 = CARTESIAN_POINT('',(-18.50145721435,25.258560180664,
    349.09976196289));
#8605 = VECTOR('',#8606,1.);
#8606 = DIRECTION('',(0.379700949891,-0.633516821016,0.674154007732));
#8607 = PCURVE('',#8583,#8608);
#8608 = DEFINITIONAL_REPRESENTATION('',(#8609),#8613);
#8609 = LINE('',#8610,#8611);
#8610 = CARTESIAN_POINT('',(-8.178502968759E-02,-4.201890546291));
#8611 = VECTOR('',#8612,1.);
#8612 = DIRECTION('',(0.925109284175,0.379700951187));
#8613 = ( GEOMETRIC_REPRESENTATION_CONTEXT(2) 
PARAMETRIC_REPRESENTATION_CONTEXT() REPRESENTATION_CONTEXT('2D SPACE',''
  ) );
#8614 = PCURVE('',#8615,#8620);
#8615 = PLANE('',#8616);
#8616 = AXIS2_PLACEMENT_3D('',#8617,#8618,#8619);
#8617 = CARTESIAN_POINT('',(-18.40875282851,0.101882863881,
    349.26439622874));
#8618 = DIRECTION('',(-0.871304865997,7.626814822274E-07,0.490742122188)
  );
#8619 = DIRECTION('',(-0.490742122188,0.,-0.871304865997));
#8620 = DEFINITIONAL_REPRESENTATION('',(#8621),#8624);
#8621 = B_SPLINE_CURVE_WITH_KNOTS('',1,(#8622,#8623),.UNSPECIFIED.,.F.,
  .F.,(2,2),(0.,0.323530125695),.PIECEWISE_BEZIER_KNOTS.);
#8622 = CARTESIAN_POINT('',(0.188940583992,-25.15667731679));
#8623 = CARTESIAN_POINT('',(-6.138402988107E-02,-24.95171554005));
#8624 = ( GEOMETRIC_REPRESENTATION_CONTEXT(2) 
PARAMETRIC_REPRESENTATION_CONTEXT() REPRESENTATION_CONTEXT('2D SPACE',''
  ) );
#8625 = ORIENTED_EDGE('',*,*,#8569,.F.);
#8626 = ORIENTED_EDGE('',*,*,#8627,.T.);
#8627 = EDGE_CURVE('',#1372,#8600,#8628,.T.);
#8628 = SURFACE_CURVE('',#8629,(#8633,#8640),.PCURVE_S1.);
#8629 = LINE('',#8630,#8631);
#8630 = CARTESIAN_POINT('',(-10.,25.250604629517,349.10925292968));
#8631 = VECTOR('',#8632,1.);
#8632 = DIRECTION('',(-0.999998938987,9.357857724769E-04,
    -1.116391753499E-03));
#8633 = PCURVE('',#8583,#8634);
#8634 = DEFINITIONAL_REPRESENTATION('',(#8635),#8639);
#8635 = LINE('',#8636,#8637);
#8636 = CARTESIAN_POINT('',(-6.942073183068E-02,4.299566697082));
#8637 = VECTOR('',#8638,1.);
#8638 = DIRECTION('',(-1.454372400692E-03,-0.9999989424));
#8639 = ( GEOMETRIC_REPRESENTATION_CONTEXT(2) 
PARAMETRIC_REPRESENTATION_CONTEXT() REPRESENTATION_CONTEXT('2D SPACE',''
  ) );
#8640 = PCURVE('',#8641,#8646);
#8641 = PLANE('',#8642);
#8642 = AXIS2_PLACEMENT_3D('',#8643,#8644,#8645);
#8643 = CARTESIAN_POINT('',(-14.36397162646,25.29949524321,
    349.04362108841));
#8644 = DIRECTION('',(9.055321019708E-05,0.804825586329,0.593511387751)
  );
#8645 = DIRECTION('',(6.776263578034E-21,-0.593511390184,0.804825589629)
  );
#8646 = DEFINITIONAL_REPRESENTATION('',(#8647),#8650);
#8647 = B_SPLINE_CURVE_WITH_KNOTS('',1,(#8648,#8649),.UNSPECIFIED.,.F.,
  .F.,(2,2),(0.,8.501466234525),.PIECEWISE_BEZIER_KNOTS.);
#8648 = CARTESIAN_POINT('',(8.18393214473E-02,4.363971644357));
#8649 = CARTESIAN_POINT('',(6.947903827765E-02,-4.137485604854));
#8650 = ( GEOMETRIC_REPRESENTATION_CONTEXT(2) 
PARAMETRIC_REPRESENTATION_CONTEXT() REPRESENTATION_CONTEXT('2D SPACE',''
  ) );
#8651 = ADVANCED_FACE('',(#8652),#8641,.T.);
#8652 = FACE_BOUND('',#8653,.T.);
#8653 = EDGE_LOOP('',(#8654,#8681,#8682));
#8654 = ORIENTED_EDGE('',*,*,#8655,.T.);
#8655 = EDGE_CURVE('',#8656,#8600,#8658,.T.);
#8656 = VERTEX_POINT('',#8657);
#8657 = CARTESIAN_POINT('',(-18.63585281372,25.433280944824,
    348.8628540039));
#8658 = SURFACE_CURVE('',#8659,(#8663,#8670),.PCURVE_S1.);
#8659 = LINE('',#8660,#8661);
#8660 = CARTESIAN_POINT('',(-18.63585281372,25.433280944824,
    348.8628540039));
#8661 = VECTOR('',#8662,1.);
#8662 = DIRECTION('',(0.41531804389,-0.539933497381,0.732108421496));
#8663 = PCURVE('',#8641,#8664);
#8664 = DEFINITIONAL_REPRESENTATION('',(#8665),#8669);
#8665 = LINE('',#8666,#8667);
#8666 = CARTESIAN_POINT('',(-0.22488931313,-4.27188120477));
#8667 = VECTOR('',#8668,1.);
#8668 = DIRECTION('',(0.909676272641,0.415318045592));
#8669 = ( GEOMETRIC_REPRESENTATION_CONTEXT(2) 
PARAMETRIC_REPRESENTATION_CONTEXT() REPRESENTATION_CONTEXT('2D SPACE',''
  ) );
#8670 = PCURVE('',#8671,#8676);
#8671 = PLANE('',#8672);
#8672 = AXIS2_PLACEMENT_3D('',#8673,#8674,#8675);
#8673 = CARTESIAN_POINT('',(-18.47326416202,0.196790700012,
    349.15028673538));
#8674 = DIRECTION('',(-0.869784242721,1.630685972145E-05,0.493432235316)
  );
#8675 = DIRECTION('',(-0.493432235382,8.470329472543E-22,-0.869784242836
    ));
#8676 = DEFINITIONAL_REPRESENTATION('',(#8677),#8680);
#8677 = B_SPLINE_CURVE_WITH_KNOTS('',1,(#8678,#8679),.UNSPECIFIED.,.F.,
  .F.,(2,2),(0.,0.323596822586),.PIECEWISE_BEZIER_KNOTS.);
#8678 = CARTESIAN_POINT('',(0.330230942565,-25.23649024816));
#8679 = CARTESIAN_POINT('',(5.785701181797E-02,-25.06176948398));
#8680 = ( GEOMETRIC_REPRESENTATION_CONTEXT(2) 
PARAMETRIC_REPRESENTATION_CONTEXT() REPRESENTATION_CONTEXT('2D SPACE',''
  ) );
#8681 = ORIENTED_EDGE('',*,*,#8627,.F.);
#8682 = ORIENTED_EDGE('',*,*,#8683,.T.);
#8683 = EDGE_CURVE('',#1372,#8656,#8684,.T.);
#8684 = SURFACE_CURVE('',#8685,(#8689,#8696),.PCURVE_S1.);
#8685 = LINE('',#8686,#8687);
#8686 = CARTESIAN_POINT('',(-10.,25.250604629517,349.10925292968));
#8687 = VECTOR('',#8688,1.);
#8688 = DIRECTION('',(-0.999369826213,2.113991535291E-02,
    -2.851410937041E-02));
#8689 = PCURVE('',#8641,#8690);
#8690 = DEFINITIONAL_REPRESENTATION('',(#8691),#8695);
#8691 = LINE('',#8692,#8693);
#8692 = CARTESIAN_POINT('',(8.18393214473E-02,4.363971644357));
#8693 = VECTOR('',#8694,1.);
#8694 = DIRECTION('',(-3.549566543627E-02,-0.999369830311));
#8695 = ( GEOMETRIC_REPRESENTATION_CONTEXT(2) 
PARAMETRIC_REPRESENTATION_CONTEXT() REPRESENTATION_CONTEXT('2D SPACE',''
  ) );
#8696 = PCURVE('',#1413,#8697);
#8697 = DEFINITIONAL_REPRESENTATION('',(#8698),#8701);
#8698 = B_SPLINE_CURVE_WITH_KNOTS('',1,(#8699,#8700),.UNSPECIFIED.,.F.,
  .F.,(2,2),(0.,8.641298333413),.PIECEWISE_BEZIER_KNOTS.);
#8699 = CARTESIAN_POINT('',(0.260986230079,4.21184670586));
#8700 = CARTESIAN_POINT('',(-4.56416173938E-02,-4.424009722439));
#8701 = ( GEOMETRIC_REPRESENTATION_CONTEXT(2) 
PARAMETRIC_REPRESENTATION_CONTEXT() REPRESENTATION_CONTEXT('2D SPACE',''
  ) );
#8702 = ADVANCED_FACE('',(#8703),#1413,.T.);
#8703 = FACE_BOUND('',#8704,.T.);
#8704 = EDGE_LOOP('',(#8705,#8730,#8731));
#8705 = ORIENTED_EDGE('',*,*,#8706,.T.);
#8706 = EDGE_CURVE('',#1317,#8656,#8707,.T.);
#8707 = SURFACE_CURVE('',#8708,(#8712,#8719),.PCURVE_S1.);
#8708 = LINE('',#8709,#8710);
#8709 = CARTESIAN_POINT('',(-10.,25.500686645508,348.75311279296));
#8710 = VECTOR('',#8711,1.);
#8711 = DIRECTION('',(-0.999888815027,-7.804464438702E-03,
    1.270621578792E-02));
#8712 = PCURVE('',#1413,#8713);
#8713 = DEFINITIONAL_REPRESENTATION('',(#8714),#8718);
#8714 = LINE('',#8715,#8716);
#8715 = CARTESIAN_POINT('',(-0.174188231148,4.21184670586));
#8716 = VECTOR('',#8717,1.);
#8717 = DIRECTION('',(1.488357016675E-02,-0.999889233535));
#8718 = ( GEOMETRIC_REPRESENTATION_CONTEXT(2) 
PARAMETRIC_REPRESENTATION_CONTEXT() REPRESENTATION_CONTEXT('2D SPACE',''
  ) );
#8719 = PCURVE('',#8720,#8725);
#8720 = PLANE('',#8721);
#8721 = AXIS2_PLACEMENT_3D('',#8722,#8723,#8724);
#8722 = CARTESIAN_POINT('',(-14.35521292578,25.505518635245,
    348.73947848933));
#8723 = DIRECTION('',(-5.687212642876E-04,0.871438587472,0.490504296435)
  );
#8724 = DIRECTION('',(0.,-0.49050437576,0.871438728403));
#8725 = DEFINITIONAL_REPRESENTATION('',(#8726),#8729);
#8726 = B_SPLINE_CURVE_WITH_KNOTS('',1,(#8727,#8728),.UNSPECIFIED.,.F.,
  .F.,(2,2),(0.,8.636813097556),.PIECEWISE_BEZIER_KNOTS.);
#8727 = CARTESIAN_POINT('',(1.425157233332E-02,4.355213630114));
#8728 = CARTESIAN_POINT('',(0.142947104783,-4.280640580214));
#8729 = ( GEOMETRIC_REPRESENTATION_CONTEXT(2) 
PARAMETRIC_REPRESENTATION_CONTEXT() REPRESENTATION_CONTEXT('2D SPACE',''
  ) );
#8730 = ORIENTED_EDGE('',*,*,#8683,.F.);
#8731 = ORIENTED_EDGE('',*,*,#1399,.F.);
#8732 = ADVANCED_FACE('',(#8733),#8720,.T.);
#8733 = FACE_BOUND('',#8734,.T.);
#8734 = EDGE_LOOP('',(#8735,#8762,#8763));
#8735 = ORIENTED_EDGE('',*,*,#8736,.T.);
#8736 = EDGE_CURVE('',#8737,#8656,#8739,.T.);
#8737 = VERTEX_POINT('',#8738);
#8738 = CARTESIAN_POINT('',(-18.38821983337,25.589138031006,
    348.58624267578));
#8739 = SURFACE_CURVE('',#8740,(#8744,#8751),.PCURVE_S1.);
#8740 = LINE('',#8741,#8742);
#8741 = CARTESIAN_POINT('',(-18.38821983337,25.589138031006,
    348.58624267578));
#8742 = VECTOR('',#8743,1.);
#8743 = DIRECTION('',(-0.615007399437,-0.387077929289,0.686976400828));
#8744 = PCURVE('',#8720,#8745);
#8745 = DEFINITIONAL_REPRESENTATION('',(#8746),#8750);
#8746 = LINE('',#8747,#8748);
#8747 = CARTESIAN_POINT('',(-0.174551302026,-4.03300755982));
#8748 = VECTOR('',#8749,1.);
#8749 = DIRECTION('',(0.788521259257,-0.615007498897));
#8750 = ( GEOMETRIC_REPRESENTATION_CONTEXT(2) 
PARAMETRIC_REPRESENTATION_CONTEXT() REPRESENTATION_CONTEXT('2D SPACE',''
  ) );
#8751 = PCURVE('',#8752,#8757);
#8752 = PLANE('',#8753);
#8753 = AXIS2_PLACEMENT_3D('',#8754,#8755,#8756);
#8754 = CARTESIAN_POINT('',(-18.86689068191,25.303000004658,
    341.46201785002));
#8755 = DIRECTION('',(-0.531325953169,0.847165822129,1.673710307264E-03)
  );
#8756 = DIRECTION('',(0.847167008717,0.531326697374,0.));
#8757 = DEFINITIONAL_REPRESENTATION('',(#8758),#8761);
#8758 = B_SPLINE_CURVE_WITH_KNOTS('',1,(#8759,#8760),.UNSPECIFIED.,.F.,
  .F.,(2,2),(0.,0.402650408066),.PIECEWISE_BEZIER_KNOTS.);
#8759 = CARTESIAN_POINT('',(0.557546923451,-7.124234804347));
#8760 = CARTESIAN_POINT('',(0.264949401368,-7.400846519909));
#8761 = ( GEOMETRIC_REPRESENTATION_CONTEXT(2) 
PARAMETRIC_REPRESENTATION_CONTEXT() REPRESENTATION_CONTEXT('2D SPACE',''
  ) );
#8762 = ORIENTED_EDGE('',*,*,#8706,.F.);
#8763 = ORIENTED_EDGE('',*,*,#8764,.T.);
#8764 = EDGE_CURVE('',#1317,#8737,#8765,.T.);
#8765 = SURFACE_CURVE('',#8766,(#8770,#8777),.PCURVE_S1.);
#8766 = LINE('',#8767,#8768);
#8767 = CARTESIAN_POINT('',(-10.,25.500686645508,348.75311279296));
#8768 = VECTOR('',#8769,1.);
#8769 = DIRECTION('',(-0.999746627368,1.054204301918E-02,
    -1.988834820507E-02));
#8770 = PCURVE('',#8720,#8771);
#8771 = DEFINITIONAL_REPRESENTATION('',(#8772),#8776);
#8772 = LINE('',#8773,#8774);
#8773 = CARTESIAN_POINT('',(1.425157233332E-02,4.355213630114));
#8774 = VECTOR('',#8775,1.);
#8775 = DIRECTION('',(-2.250239510021E-02,-0.999746789049));
#8776 = ( GEOMETRIC_REPRESENTATION_CONTEXT(2) 
PARAMETRIC_REPRESENTATION_CONTEXT() REPRESENTATION_CONTEXT('2D SPACE',''
  ) );
#8777 = PCURVE('',#1332,#8778);
#8778 = DEFINITIONAL_REPRESENTATION('',(#8779),#8782);
#8779 = B_SPLINE_CURVE_WITH_KNOTS('',1,(#8780,#8781),.UNSPECIFIED.,.F.,
  .F.,(2,2),(0.,8.390345717348),.PIECEWISE_BEZIER_KNOTS.);
#8780 = CARTESIAN_POINT('',(0.203476897537,4.088112604386));
#8781 = CARTESIAN_POINT('',(1.484461915378E-02,-4.300112423602));
#8782 = ( GEOMETRIC_REPRESENTATION_CONTEXT(2) 
PARAMETRIC_REPRESENTATION_CONTEXT() REPRESENTATION_CONTEXT('2D SPACE',''
  ) );
#8783 = ADVANCED_FACE('',(#8784),#1332,.T.);
#8784 = FACE_BOUND('',#8785,.T.);
#8785 = EDGE_LOOP('',(#8786,#8811,#8812));
#8786 = ORIENTED_EDGE('',*,*,#8787,.T.);
#8787 = EDGE_CURVE('',#1260,#8737,#8788,.T.);
#8788 = SURFACE_CURVE('',#8789,(#8793,#8800),.PCURVE_S1.);
#8789 = LINE('',#8790,#8791);
#8790 = CARTESIAN_POINT('',(-10.,25.68522644043,348.35903930664));
#8791 = VECTOR('',#8792,1.);
#8792 = DIRECTION('',(-0.999567844093,-1.145021067139E-02,
    2.707430019406E-02));
#8793 = PCURVE('',#1332,#8794);
#8794 = DEFINITIONAL_REPRESENTATION('',(#8795),#8799);
#8795 = LINE('',#8796,#8797);
#8796 = CARTESIAN_POINT('',(-0.231665433817,4.088112604386));
#8797 = VECTOR('',#8798,1.);
#8798 = DIRECTION('',(2.937494809271E-02,-0.9995684631));
#8799 = ( GEOMETRIC_REPRESENTATION_CONTEXT(2) 
PARAMETRIC_REPRESENTATION_CONTEXT() REPRESENTATION_CONTEXT('2D SPACE',''
  ) );
#8800 = PCURVE('',#8801,#8806);
#8801 = PLANE('',#8802);
#8802 = AXIS2_PLACEMENT_3D('',#8803,#8804,#8805);
#8803 = CARTESIAN_POINT('',(-14.24202751194,25.668552515539,
    348.39397659917));
#8804 = DIRECTION('',(-5.972022649643E-04,0.928739552574,0.370732365506)
  );
#8805 = DIRECTION('',(2.710505431214E-20,-0.370732431617,0.928739718192)
  );
#8806 = DEFINITIONAL_REPRESENTATION('',(#8807),#8810);
#8807 = B_SPLINE_CURVE_WITH_KNOTS('',1,(#8808,#8809),.UNSPECIFIED.,.F.,
  .F.,(2,2),(0.,8.391846419375),.PIECEWISE_BEZIER_KNOTS.);
#8808 = CARTESIAN_POINT('',(-3.86292159392E-02,4.242028268404));
#8809 = CARTESIAN_POINT('',(0.208006666765,-4.146193060802));
#8810 = ( GEOMETRIC_REPRESENTATION_CONTEXT(2) 
PARAMETRIC_REPRESENTATION_CONTEXT() REPRESENTATION_CONTEXT('2D SPACE',''
  ) );
#8811 = ORIENTED_EDGE('',*,*,#8764,.F.);
#8812 = ORIENTED_EDGE('',*,*,#1316,.F.);
#8813 = ADVANCED_FACE('',(#8814),#8801,.T.);
#8814 = FACE_BOUND('',#8815,.T.);
#8815 = EDGE_LOOP('',(#8816,#8843,#8844));
#8816 = ORIENTED_EDGE('',*,*,#8817,.T.);
#8817 = EDGE_CURVE('',#8818,#8737,#8820,.T.);
#8818 = VERTEX_POINT('',#8819);
#8819 = CARTESIAN_POINT('',(-18.18580245971,25.717678070068,
    348.26455688476));
#8820 = SURFACE_CURVE('',#8821,(#8825,#8832),.PCURVE_S1.);
#8821 = LINE('',#8822,#8823);
#8822 = CARTESIAN_POINT('',(-18.18580245971,25.717678070068,
    348.26455688476));
#8823 = VECTOR('',#8824,1.);
#8824 = DIRECTION('',(-0.50450533018,-0.320373363594,0.80177009156));
#8825 = PCURVE('',#8801,#8826);
#8826 = DEFINITIONAL_REPRESENTATION('',(#8827),#8831);
#8827 = LINE('',#8828,#8829);
#8828 = CARTESIAN_POINT('',(-0.138409665371,-3.943775651048));
#8829 = VECTOR('',#8830,1.);
#8830 = DIRECTION('',(0.863408525001,-0.504505420146));
#8831 = ( GEOMETRIC_REPRESENTATION_CONTEXT(2) 
PARAMETRIC_REPRESENTATION_CONTEXT() REPRESENTATION_CONTEXT('2D SPACE',''
  ) );
#8832 = PCURVE('',#8833,#8838);
#8833 = PLANE('',#8834);
#8834 = AXIS2_PLACEMENT_3D('',#8835,#8836,#8837);
#8835 = CARTESIAN_POINT('',(-18.14603961046,25.758557159916,
    341.31249591421));
#8836 = DIRECTION('',(-0.53389550156,0.845548291699,1.918285569963E-03)
  );
#8837 = DIRECTION('',(0.845549847435,0.533896483882,0.));
#8838 = DEFINITIONAL_REPRESENTATION('',(#8839),#8842);
#8839 = B_SPLINE_CURVE_WITH_KNOTS('',1,(#8840,#8841),.UNSPECIFIED.,.F.,
  .F.,(2,2),(0.,0.401219494718),.PIECEWISE_BEZIER_KNOTS.);
#8840 = CARTESIAN_POINT('',(-5.544667345443E-02,-6.952073761751));
#8841 = CARTESIAN_POINT('',(-0.295227727762,-7.273760144641));
#8842 = ( GEOMETRIC_REPRESENTATION_CONTEXT(2) 
PARAMETRIC_REPRESENTATION_CONTEXT() REPRESENTATION_CONTEXT('2D SPACE',''
  ) );
#8843 = ORIENTED_EDGE('',*,*,#8787,.F.);
#8844 = ORIENTED_EDGE('',*,*,#8845,.T.);
#8845 = EDGE_CURVE('',#1260,#8818,#8846,.T.);
#8846 = SURFACE_CURVE('',#8847,(#8851,#8858),.PCURVE_S1.);
#8847 = LINE('',#8848,#8849);
#8848 = CARTESIAN_POINT('',(-10.,25.68522644043,348.35903930664));
#8849 = VECTOR('',#8850,1.);
#8850 = DIRECTION('',(-0.999925538617,3.964084572667E-03,
    -1.154137142304E-02));
#8851 = PCURVE('',#8801,#8852);
#8852 = DEFINITIONAL_REPRESENTATION('',(#8853),#8857);
#8853 = LINE('',#8854,#8855);
#8854 = CARTESIAN_POINT('',(-3.86292159392E-02,4.242028268404));
#8855 = VECTOR('',#8856,1.);
#8856 = DIRECTION('',(-1.218854475574E-02,-0.999925716929));
#8857 = ( GEOMETRIC_REPRESENTATION_CONTEXT(2) 
PARAMETRIC_REPRESENTATION_CONTEXT() REPRESENTATION_CONTEXT('2D SPACE',''
  ) );
#8858 = PCURVE('',#8859,#8864);
#8859 = PLANE('',#8860);
#8860 = AXIS2_PLACEMENT_3D('',#8861,#8862,#8863);
#8861 = CARTESIAN_POINT('',(-14.12292279715,25.714216557441,
    348.26649632526));
#8862 = DIRECTION('',(6.908989114571E-04,0.962641668879,0.270777657861)
  );
#8863 = DIRECTION('',(-2.710505431214E-20,-0.270777722488,0.962641898633
    ));
#8864 = DEFINITIONAL_REPRESENTATION('',(#8865),#8868);
#8865 = B_SPLINE_CURVE_WITH_KNOTS('',1,(#8866,#8867),.UNSPECIFIED.,.F.,
  .F.,(2,2),(0.,8.186412031276),.PIECEWISE_BEZIER_KNOTS.);
#8866 = CARTESIAN_POINT('',(9.693562915614E-02,4.122923781175));
#8867 = CARTESIAN_POINT('',(-2.804287189666E-03,-4.062880632254));
#8868 = ( GEOMETRIC_REPRESENTATION_CONTEXT(2) 
PARAMETRIC_REPRESENTATION_CONTEXT() REPRESENTATION_CONTEXT('2D SPACE',''
  ) );
#8869 = ADVANCED_FACE('',(#8870),#8859,.T.);
#8870 = FACE_BOUND('',#8871,.T.);
#8871 = EDGE_LOOP('',(#8872,#8899,#8900));
#8872 = ORIENTED_EDGE('',*,*,#8873,.T.);
#8873 = EDGE_CURVE('',#8874,#8818,#8876,.T.);
#8874 = VERTEX_POINT('',#8875);
#8875 = CARTESIAN_POINT('',(-18.10779190063,25.76756477356,
    348.08700561523));
#8876 = SURFACE_CURVE('',#8877,(#8881,#8888),.PCURVE_S1.);
#8877 = LINE('',#8878,#8879);
#8878 = CARTESIAN_POINT('',(-18.10779190063,25.76756477356,
    348.08700561523));
#8879 = VECTOR('',#8880,1.);
#8880 = DIRECTION('',(-0.389572049322,-0.249126086797,0.886662174261));
#8881 = PCURVE('',#8859,#8882);
#8882 = DEFINITIONAL_REPRESENTATION('',(#8883),#8887);
#8883 = LINE('',#8884,#8885);
#8884 = CARTESIAN_POINT('',(-0.18723078635,-3.984870054553));
#8885 = VECTOR('',#8886,1.);
#8886 = DIRECTION('',(0.920995953272,-0.389572142301));
#8887 = ( GEOMETRIC_REPRESENTATION_CONTEXT(2) 
PARAMETRIC_REPRESENTATION_CONTEXT() REPRESENTATION_CONTEXT('2D SPACE',''
  ) );
#8888 = PCURVE('',#8889,#8894);
#8889 = PLANE('',#8890);
#8890 = AXIS2_PLACEMENT_3D('',#8891,#8892,#8893);
#8891 = CARTESIAN_POINT('',(-18.08506124699,25.78252325035,
    347.8883848931));
#8892 = DIRECTION('',(-0.534812959691,0.844966975835,2.430616208278E-03)
  );
#8893 = DIRECTION('',(0.844969471834,0.534814539507,0.));
#8894 = DEFINITIONAL_REPRESENTATION('',(#8895),#8898);
#8895 = B_SPLINE_CURVE_WITH_KNOTS('',1,(#8896,#8897),.UNSPECIFIED.,.F.,
  .F.,(2,2),(0.,0.20024680728),.PIECEWISE_BEZIER_KNOTS.);
#8896 = CARTESIAN_POINT('',(-2.720671927818E-02,-0.198621308847));
#8897 = CARTESIAN_POINT('',(-0.119803394538,-0.376173102858));
#8898 = ( GEOMETRIC_REPRESENTATION_CONTEXT(2) 
PARAMETRIC_REPRESENTATION_CONTEXT() REPRESENTATION_CONTEXT('2D SPACE',''
  ) );
#8899 = ORIENTED_EDGE('',*,*,#8845,.F.);
#8900 = ORIENTED_EDGE('',*,*,#8901,.T.);
#8901 = EDGE_CURVE('',#1260,#8874,#8902,.T.);
#8902 = SURFACE_CURVE('',#8903,(#8907,#8914),.PCURVE_S1.);
#8903 = LINE('',#8904,#8905);
#8904 = CARTESIAN_POINT('',(-10.,25.68522644043,348.35903930664));
#8905 = VECTOR('',#8906,1.);
#8906 = DIRECTION('',(-0.999386126341,1.014922297027E-02,
    -3.353153366794E-02));
#8907 = PCURVE('',#8859,#8908);
#8908 = DEFINITIONAL_REPRESENTATION('',(#8909),#8913);
#8909 = LINE('',#8910,#8911);
#8910 = CARTESIAN_POINT('',(9.693562915614E-02,4.122923781175));
#8911 = VECTOR('',#8912,1.);
#8912 = DIRECTION('',(-3.50270427151E-02,-0.999386364865));
#8913 = ( GEOMETRIC_REPRESENTATION_CONTEXT(2) 
PARAMETRIC_REPRESENTATION_CONTEXT() REPRESENTATION_CONTEXT('2D SPACE',''
  ) );
#8914 = PCURVE('',#1301,#8915);
#8915 = DEFINITIONAL_REPRESENTATION('',(#8916),#8919);
#8916 = B_SPLINE_CURVE_WITH_KNOTS('',1,(#8917,#8918),.UNSPECIFIED.,.F.,
  .F.,(2,2),(0.,8.112772117739),.PIECEWISE_BEZIER_KNOTS.);
#8917 = CARTESIAN_POINT('',(0.249946650138,3.947989189088));
#8918 = CARTESIAN_POINT('',(-3.414478107259E-02,-4.159807274383));
#8919 = ( GEOMETRIC_REPRESENTATION_CONTEXT(2) 
PARAMETRIC_REPRESENTATION_CONTEXT() REPRESENTATION_CONTEXT('2D SPACE',''
  ) );
#8920 = ADVANCED_FACE('',(#8921),#1301,.T.);
#8921 = FACE_BOUND('',#8922,.T.);
#8922 = EDGE_LOOP('',(#8923,#8948,#8949));
#8923 = ORIENTED_EDGE('',*,*,#8924,.T.);
#8924 = EDGE_CURVE('',#1204,#8874,#8925,.T.);
#8925 = SURFACE_CURVE('',#8926,(#8930,#8937),.PCURVE_S1.);
#8926 = LINE('',#8927,#8928);
#8927 = CARTESIAN_POINT('',(-10.,25.798631668091,347.93890380859));
#8928 = VECTOR('',#8929,1.);
#8929 = DIRECTION('',(-0.999825870031,-3.83106587275E-03,
    1.826342110064E-02));
#8930 = PCURVE('',#1301,#8931);
#8931 = DEFINITIONAL_REPRESENTATION('',(#8932),#8936);
#8932 = LINE('',#8933,#8934);
#8933 = CARTESIAN_POINT('',(-0.185225249667,3.947989189088));
#8934 = VECTOR('',#8935,1.);
#8935 = DIRECTION('',(1.863073976347E-02,-0.999826432705));
#8936 = ( GEOMETRIC_REPRESENTATION_CONTEXT(2) 
PARAMETRIC_REPRESENTATION_CONTEXT() REPRESENTATION_CONTEXT('2D SPACE',''
  ) );
#8937 = PCURVE('',#8938,#8943);
#8938 = PLANE('',#8939);
#8939 = AXIS2_PLACEMENT_3D('',#8940,#8941,#8942);
#8940 = CARTESIAN_POINT('',(-14.08858801975,25.792413819097,
    347.96669086373));
#8941 = DIRECTION('',(-1.485453431385E-04,0.980302243244,0.197503138774)
  );
#8942 = DIRECTION('',(3.388131789017E-21,-0.197503140953,0.980302254059)
  );
#8943 = DEFINITIONAL_REPRESENTATION('',(#8944),#8947);
#8944 = B_SPLINE_CURVE_WITH_KNOTS('',1,(#8945,#8946),.UNSPECIFIED.,.F.,
  .F.,(2,2),(0.,8.109203956065),.PIECEWISE_BEZIER_KNOTS.);
#8945 = CARTESIAN_POINT('',(-2.846775748973E-02,4.08858806486));
#8946 = CARTESIAN_POINT('',(0.12285258664,-4.019203925226));
#8947 = ( GEOMETRIC_REPRESENTATION_CONTEXT(2) 
PARAMETRIC_REPRESENTATION_CONTEXT() REPRESENTATION_CONTEXT('2D SPACE',''
  ) );
#8948 = ORIENTED_EDGE('',*,*,#8901,.F.);
#8949 = ORIENTED_EDGE('',*,*,#1287,.F.);
#8950 = ADVANCED_FACE('',(#8951),#8938,.T.);
#8951 = FACE_BOUND('',#8952,.T.);
#8952 = EDGE_LOOP('',(#8953,#8980,#8981));
#8953 = ORIENTED_EDGE('',*,*,#8954,.T.);
#8954 = EDGE_CURVE('',#8955,#8874,#8957,.T.);
#8955 = VERTEX_POINT('',#8956);
#8956 = CARTESIAN_POINT('',(-18.04916381835,25.805263519287,
    347.89993286132));
#8957 = SURFACE_CURVE('',#8958,(#8962,#8969),.PCURVE_S1.);
#8958 = LINE('',#8959,#8960);
#8959 = CARTESIAN_POINT('',(-18.04916381835,25.805263519287,
    347.89993286132));
#8960 = VECTOR('',#8961,1.);
#8961 = DIRECTION('',(-0.293674419926,-0.18883710423,0.937067704676));
#8962 = PCURVE('',#8938,#8963);
#8963 = DEFINITIONAL_REPRESENTATION('',(#8964),#8968);
#8964 = LINE('',#8965,#8966);
#8965 = CARTESIAN_POINT('',(-6.798087637864E-02,-3.960575842304));
#8966 = VECTOR('',#8967,1.);
#8967 = DIRECTION('',(0.955905504314,-0.293674423166));
#8968 = ( GEOMETRIC_REPRESENTATION_CONTEXT(2) 
PARAMETRIC_REPRESENTATION_CONTEXT() REPRESENTATION_CONTEXT('2D SPACE',''
  ) );
#8969 = PCURVE('',#8970,#8975);
#8970 = PLANE('',#8971);
#8971 = AXIS2_PLACEMENT_3D('',#8972,#8973,#8974);
#8972 = CARTESIAN_POINT('',(-18.048214575,25.806118233104,
    347.79796837508));
#8973 = DIRECTION('',(-0.536135879477,0.844129120906,2.084700360429E-03)
  );
#8974 = DIRECTION('',(0.844130955194,0.536137044497,0.));
#8975 = DEFINITIONAL_REPRESENTATION('',(#8976),#8979);
#8976 = B_SPLINE_CURVE_WITH_KNOTS('',1,(#8977,#8978),.UNSPECIFIED.,.F.,
  .F.,(2,2),(0.,0.19963632614),.PIECEWISE_BEZIER_KNOTS.);
#8977 = CARTESIAN_POINT('',(-1.25952944157E-03,-0.101964707814));
#8978 = CARTESIAN_POINT('',(-7.096100264954E-02,-0.289037868228));
#8979 = ( GEOMETRIC_REPRESENTATION_CONTEXT(2) 
PARAMETRIC_REPRESENTATION_CONTEXT() REPRESENTATION_CONTEXT('2D SPACE',''
  ) );
#8980 = ORIENTED_EDGE('',*,*,#8924,.F.);
#8981 = ORIENTED_EDGE('',*,*,#8982,.T.);
#8982 = EDGE_CURVE('',#1204,#8955,#8983,.T.);
#8983 = SURFACE_CURVE('',#8984,(#8988,#8995),.PCURVE_S1.);
#8984 = LINE('',#8985,#8986);
#8985 = CARTESIAN_POINT('',(-10.,25.798631668091,347.93890380859));
#8986 = VECTOR('',#8987,1.);
#8987 = DIRECTION('',(-0.999987940183,8.239080936891E-04,
    -4.841555987994E-03));
#8988 = PCURVE('',#8938,#8989);
#8989 = DEFINITIONAL_REPRESENTATION('',(#8990),#8994);
#8990 = LINE('',#8991,#8992);
#8991 = CARTESIAN_POINT('',(-2.846775748973E-02,4.08858806486));
#8992 = VECTOR('',#8993,1.);
#8993 = DIRECTION('',(-4.908912684545E-03,-0.999987951216));
#8994 = ( GEOMETRIC_REPRESENTATION_CONTEXT(2) 
PARAMETRIC_REPRESENTATION_CONTEXT() REPRESENTATION_CONTEXT('2D SPACE',''
  ) );
#8995 = PCURVE('',#8996,#9001);
#8996 = PLANE('',#8997);
#8997 = AXIS2_PLACEMENT_3D('',#8998,#8999,#9000);
#8998 = CARTESIAN_POINT('',(-14.06479125774,25.807997842741,
    347.8699043785));
#8999 = DIRECTION('',(2.315079736958E-04,0.992639625064,0.121105413406)
  );
#9000 = DIRECTION('',(0.,-0.121105416652,0.992639651665));
#9001 = DEFINITIONAL_REPRESENTATION('',(#9002),#9005);
#9002 = B_SPLINE_CURVE_WITH_KNOTS('',1,(#9003,#9004),.UNSPECIFIED.,.F.,
  .F.,(2,2),(0.,8.049260890974),.PIECEWISE_BEZIER_KNOTS.);
#9003 = CARTESIAN_POINT('',(6.962586473076E-02,4.064791366675));
#9004 = CARTESIAN_POINT('',(3.013860410966E-02,-3.984372667386));
#9005 = ( GEOMETRIC_REPRESENTATION_CONTEXT(2) 
PARAMETRIC_REPRESENTATION_CONTEXT() REPRESENTATION_CONTEXT('2D SPACE',''
  ) );
#9006 = ADVANCED_FACE('',(#9007),#8996,.T.);
#9007 = FACE_BOUND('',#9008,.T.);
#9008 = EDGE_LOOP('',(#9009,#9036,#9037));
#9009 = ORIENTED_EDGE('',*,*,#9010,.T.);
#9010 = EDGE_CURVE('',#9011,#8955,#9013,.T.);
#9011 = VERTEX_POINT('',#9012);
#9012 = CARTESIAN_POINT('',(-18.01249122619,25.829057693481,
    347.70483398437));
#9013 = SURFACE_CURVE('',#9014,(#9018,#9025),.PCURVE_S1.);
#9014 = LINE('',#9015,#9016);
#9015 = CARTESIAN_POINT('',(-18.01249122619,25.829057693481,
    347.70483398437));
#9016 = VECTOR('',#9017,1.);
#9017 = DIRECTION('',(-0.183421175256,-0.119008642082,0.975804086678));
#9018 = PCURVE('',#8996,#9019);
#9019 = DEFINITIONAL_REPRESENTATION('',(#9020),#9024);
#9020 = LINE('',#9021,#9022);
#9021 = CARTESIAN_POINT('',(-0.166405880529,-3.94770007424));
#9022 = VECTOR('',#9023,1.);
#9023 = DIRECTION('',(0.983034419878,-0.183421180171));
#9024 = ( GEOMETRIC_REPRESENTATION_CONTEXT(2) 
PARAMETRIC_REPRESENTATION_CONTEXT() REPRESENTATION_CONTEXT('2D SPACE',''
  ) );
#9025 = PCURVE('',#9026,#9031);
#9026 = PLANE('',#9027);
#9027 = AXIS2_PLACEMENT_3D('',#9028,#9029,#9030);
#9028 = CARTESIAN_POINT('',(-18.0215552206,25.823289567769,
    347.70323220484));
#9029 = DIRECTION('',(-0.53712334656,0.843501547683,1.910402227282E-03)
  );
#9030 = DIRECTION('',(0.843503086924,0.537124326716,-1.084202172486E-19)
  );
#9031 = DEFINITIONAL_REPRESENTATION('',(#9032),#9035);
#9032 = B_SPLINE_CURVE_WITH_KNOTS('',1,(#9033,#9034),.UNSPECIFIED.,.F.,
  .F.,(2,2),(0.,0.199936523752),.PIECEWISE_BEZIER_KNOTS.);
#9033 = CARTESIAN_POINT('',(1.074370790218E-02,-1.601782450356E-03));
#9034 = CARTESIAN_POINT('',(-3.297016658678E-02,-0.196701015424));
#9035 = ( GEOMETRIC_REPRESENTATION_CONTEXT(2) 
PARAMETRIC_REPRESENTATION_CONTEXT() REPRESENTATION_CONTEXT('2D SPACE',''
  ) );
#9036 = ORIENTED_EDGE('',*,*,#8982,.F.);
#9037 = ORIENTED_EDGE('',*,*,#9038,.T.);
#9038 = EDGE_CURVE('',#1204,#9011,#9039,.T.);
#9039 = SURFACE_CURVE('',#9040,(#9044,#9051),.PCURVE_S1.);
#9040 = LINE('',#9041,#9042);
#9041 = CARTESIAN_POINT('',(-10.,25.798631668091,347.93890380859));
#9042 = VECTOR('',#9043,1.);
#9043 = DIRECTION('',(-0.99956636935,3.795677383587E-03,
    -2.920044687273E-02));
#9044 = PCURVE('',#8996,#9045);
#9045 = DEFINITIONAL_REPRESENTATION('',(#9046),#9050);
#9046 = LINE('',#9047,#9048);
#9047 = CARTESIAN_POINT('',(6.962586473076E-02,4.064791366675));
#9048 = VECTOR('',#9049,1.);
#9049 = DIRECTION('',(-2.944519850322E-02,-0.999566396136));
#9050 = ( GEOMETRIC_REPRESENTATION_CONTEXT(2) 
PARAMETRIC_REPRESENTATION_CONTEXT() REPRESENTATION_CONTEXT('2D SPACE',''
  ) );
#9051 = PCURVE('',#1245,#9052);
#9052 = DEFINITIONAL_REPRESENTATION('',(#9053),#9056);
#9053 = B_SPLINE_CURVE_WITH_KNOTS('',1,(#9054,#9055),.UNSPECIFIED.,.F.,
  .F.,(2,2),(0.,8.015967195261),.PIECEWISE_BEZIER_KNOTS.);
#9054 = CARTESIAN_POINT('',(0.226471939225,3.900368689033));
#9055 = CARTESIAN_POINT('',(-9.379124442037E-03,-4.112128072356));
#9056 = ( GEOMETRIC_REPRESENTATION_CONTEXT(2) 
PARAMETRIC_REPRESENTATION_CONTEXT() REPRESENTATION_CONTEXT('2D SPACE',''
  ) );
#9057 = ADVANCED_FACE('',(#9058),#1245,.T.);
#9058 = FACE_BOUND('',#9059,.T.);
#9059 = EDGE_LOOP('',(#9060,#9080,#9081));
#9060 = ORIENTED_EDGE('',*,*,#9061,.T.);
#9061 = EDGE_CURVE('',#394,#9011,#9062,.T.);
#9062 = SURFACE_CURVE('',#9063,(#9067,#9074),.PCURVE_S1.);
#9063 = LINE('',#9064,#9065);
#9064 = CARTESIAN_POINT('',(-10.,25.837463378906,347.50546264648));
#9065 = VECTOR('',#9066,1.);
#9066 = DIRECTION('',(-0.999690022878,-1.048747464104E-03,
    2.487485249101E-02));
#9067 = PCURVE('',#1245,#9068);
#9068 = DEFINITIONAL_REPRESENTATION('',(#9069),#9073);
#9069 = LINE('',#9070,#9071);
#9070 = CARTESIAN_POINT('',(-0.208705200312,3.900368689033));
#9071 = VECTOR('',#9072,1.);
#9072 = DIRECTION('',(2.486920530973E-02,-0.999690713485));
#9073 = ( GEOMETRIC_REPRESENTATION_CONTEXT(2) 
PARAMETRIC_REPRESENTATION_CONTEXT() REPRESENTATION_CONTEXT('2D SPACE',''
  ) );
#9074 = PCURVE('',#434,#9075);
#9075 = DEFINITIONAL_REPRESENTATION('',(#9076),#9079);
#9076 = B_SPLINE_CURVE_WITH_KNOTS('',1,(#9077,#9078),.UNSPECIFIED.,.F.,
  .F.,(2,2),(0.,8.01497568529),.PIECEWISE_BEZIER_KNOTS.);
#9077 = CARTESIAN_POINT('',(-5.05483244581E-02,4.05248644986));
#9078 = CARTESIAN_POINT('',(0.149000130609,-3.960004776337));
#9079 = ( GEOMETRIC_REPRESENTATION_CONTEXT(2) 
PARAMETRIC_REPRESENTATION_CONTEXT() REPRESENTATION_CONTEXT('2D SPACE',''
  ) );
#9080 = ORIENTED_EDGE('',*,*,#9038,.F.);
#9081 = ORIENTED_EDGE('',*,*,#1231,.F.);
#9082 = ADVANCED_FACE('',(#9083),#434,.T.);
#9083 = FACE_BOUND('',#9084,.T.);
#9084 = EDGE_LOOP('',(#9085,#9105,#9106));
#9085 = ORIENTED_EDGE('',*,*,#9086,.T.);
#9086 = EDGE_CURVE('',#339,#9011,#9087,.T.);
#9087 = SURFACE_CURVE('',#9088,(#9092,#9099),.PCURVE_S1.);
#9088 = LINE('',#9089,#9090);
#9089 = CARTESIAN_POINT('',(-18.,25.837463378906,347.50546264648));
#9090 = VECTOR('',#9091,1.);
#9091 = DIRECTION('',(-6.247517580893E-02,-4.204124290578E-02,
    0.997160662232));
#9092 = PCURVE('',#434,#9093);
#9093 = DEFINITIONAL_REPRESENTATION('',(#9094),#9098);
#9094 = LINE('',#9095,#9096);
#9095 = CARTESIAN_POINT('',(-5.05483244581E-02,-3.94751355014));
#9096 = VECTOR('',#9097,1.);
#9097 = DIRECTION('',(0.998046518158,-6.247517580893E-02));
#9098 = ( GEOMETRIC_REPRESENTATION_CONTEXT(2) 
PARAMETRIC_REPRESENTATION_CONTEXT() REPRESENTATION_CONTEXT('2D SPACE',''
  ) );
#9099 = PCURVE('',#9026,#9100);
#9100 = DEFINITIONAL_REPRESENTATION('',(#9101),#9104);
#9101 = B_SPLINE_CURVE_WITH_KNOTS('',1,(#9102,#9103),.UNSPECIFIED.,.F.,
  .F.,(2,2),(0.,0.199939032336),.PIECEWISE_BEZIER_KNOTS.);
#9102 = CARTESIAN_POINT('',(2.579499388259E-02,0.197769919258));
#9103 = CARTESIAN_POINT('',(1.074370790218E-02,-1.601782450356E-03));
#9104 = ( GEOMETRIC_REPRESENTATION_CONTEXT(2) 
PARAMETRIC_REPRESENTATION_CONTEXT() REPRESENTATION_CONTEXT('2D SPACE',''
  ) );
#9105 = ORIENTED_EDGE('',*,*,#9061,.F.);
#9106 = ORIENTED_EDGE('',*,*,#421,.T.);
#9107 = ADVANCED_FACE('',(#9108),#409,.T.);
#9108 = FACE_BOUND('',#9109,.T.);
#9109 = EDGE_LOOP('',(#9110,#9130,#9131));
#9110 = ORIENTED_EDGE('',*,*,#9111,.T.);
#9111 = EDGE_CURVE('',#932,#305,#9112,.T.);
#9112 = SURFACE_CURVE('',#9113,(#9117,#9124),.PCURVE_S1.);
#9113 = LINE('',#9114,#9115);
#9114 = CARTESIAN_POINT('',(-10.,25.904769897461,317.10000610351));
#9115 = VECTOR('',#9116,1.);
#9116 = DIRECTION('',(-0.309467148772,-2.10498069625E-03,0.95090780462)
  );
#9117 = PCURVE('',#409,#9118);
#9118 = DEFINITIONAL_REPRESENTATION('',(#9119),#9123);
#9119 = LINE('',#9120,#9121);
#9120 = CARTESIAN_POINT('',(-15.25389673192,1.417709294593));
#9121 = VECTOR('',#9122,1.);
#9122 = DIRECTION('',(0.950910134466,-0.309467148772));
#9123 = ( GEOMETRIC_REPRESENTATION_CONTEXT(2) 
PARAMETRIC_REPRESENTATION_CONTEXT() REPRESENTATION_CONTEXT('2D SPACE',''
  ) );
#9124 = PCURVE('',#4680,#9125);
#9125 = DEFINITIONAL_REPRESENTATION('',(#9126),#9129);
#9126 = B_SPLINE_CURVE_WITH_KNOTS('',1,(#9127,#9128),.UNSPECIFIED.,.F.,
  .F.,(2,2),(0.,17.77248416132),.PIECEWISE_BEZIER_KNOTS.);
#9127 = CARTESIAN_POINT('',(-8.387242472353,3.057297065115));
#9128 = CARTESIAN_POINT('',(8.51279283129,-2.442702934888));
#9129 = ( GEOMETRIC_REPRESENTATION_CONTEXT(2) 
PARAMETRIC_REPRESENTATION_CONTEXT() REPRESENTATION_CONTEXT('2D SPACE',''
  ) );
#9130 = ORIENTED_EDGE('',*,*,#393,.F.);
#9131 = ORIENTED_EDGE('',*,*,#1124,.F.);
#9132 = ADVANCED_FACE('',(#9133),#4680,.T.);
#9133 = FACE_BOUND('',#9134,.T.);
#9134 = EDGE_LOOP('',(#9135,#9136,#9137));
#9135 = ORIENTED_EDGE('',*,*,#4666,.F.);
#9136 = ORIENTED_EDGE('',*,*,#9111,.F.);
#9137 = ORIENTED_EDGE('',*,*,#9138,.T.);
#9138 = EDGE_CURVE('',#932,#4639,#9139,.T.);
#9139 = SURFACE_CURVE('',#9140,(#9144,#9151),.PCURVE_S1.);
#9140 = LINE('',#9141,#9142);
#9141 = CARTESIAN_POINT('',(-10.,25.904769897461,317.10000610351));
#9142 = VECTOR('',#9143,1.);
#9143 = DIRECTION('',(-0.392196709483,-2.036208044458E-03,0.919879119737
    ));
#9144 = PCURVE('',#4680,#9145);
#9145 = DEFINITIONAL_REPRESENTATION('',(#9146),#9150);
#9146 = LINE('',#9147,#9148);
#9147 = CARTESIAN_POINT('',(-8.387242472353,3.057297065115));
#9148 = VECTOR('',#9149,1.);
#9149 = DIRECTION('',(0.919881373369,-0.392196709483));
#9150 = ( GEOMETRIC_REPRESENTATION_CONTEXT(2) 
PARAMETRIC_REPRESENTATION_CONTEXT() REPRESENTATION_CONTEXT('2D SPACE',''
  ) );
#9151 = PCURVE('',#9152,#9157);
#9152 = PLANE('',#9153);
#9153 = AXIS2_PLACEMENT_3D('',#9154,#9155,#9156);
#9154 = CARTESIAN_POINT('',(-16.22456077696,25.894917405686,
    321.55097636943));
#9155 = DIRECTION('',(-1.854187898571E-19,0.999997550084,
    2.213555033733E-03));
#9156 = DIRECTION('',(0.,-2.213555033733E-03,0.999997550084));
#9157 = DEFINITIONAL_REPRESENTATION('',(#9158),#9161);
#9158 = B_SPLINE_CURVE_WITH_KNOTS('',1,(#9159,#9160),.UNSPECIFIED.,.F.,
  .F.,(2,2),(0.,14.023575076013),.PIECEWISE_BEZIER_KNOTS.);
#9159 = CARTESIAN_POINT('',(-4.450981170446,6.224560776965));
#9160 = CARTESIAN_POINT('',(8.449044330016,0.724560776965));
#9161 = ( GEOMETRIC_REPRESENTATION_CONTEXT(2) 
PARAMETRIC_REPRESENTATION_CONTEXT() REPRESENTATION_CONTEXT('2D SPACE',''
  ) );
#9162 = ADVANCED_FACE('',(#9163),#9152,.T.);
#9163 = FACE_BOUND('',#9164,.T.);
#9164 = EDGE_LOOP('',(#9165,#9192,#9193));
#9165 = ORIENTED_EDGE('',*,*,#9166,.T.);
#9166 = EDGE_CURVE('',#9167,#4639,#9169,.T.);
#9167 = VERTEX_POINT('',#9168);
#9168 = CARTESIAN_POINT('',(-23.,25.904769897461,317.10000610351));
#9169 = SURFACE_CURVE('',#9170,(#9174,#9181),.PCURVE_S1.);
#9170 = LINE('',#9171,#9172);
#9171 = CARTESIAN_POINT('',(-23.,25.904769897461,317.10000610351));
#9172 = VECTOR('',#9173,1.);
#9173 = DIRECTION('',(0.502619714808,-1.913635190428E-03,0.864505500437)
  );
#9174 = PCURVE('',#9152,#9175);
#9175 = DEFINITIONAL_REPRESENTATION('',(#9176),#9180);
#9176 = LINE('',#9177,#9178);
#9177 = CARTESIAN_POINT('',(-4.450981170446,-6.775439223035));
#9178 = VECTOR('',#9179,1.);
#9179 = DIRECTION('',(0.864507618408,0.502619714808));
#9180 = ( GEOMETRIC_REPRESENTATION_CONTEXT(2) 
PARAMETRIC_REPRESENTATION_CONTEXT() REPRESENTATION_CONTEXT('2D SPACE',''
  ) );
#9181 = PCURVE('',#9182,#9187);
#9182 = PLANE('',#9183);
#9183 = AXIS2_PLACEMENT_3D('',#9184,#9185,#9186);
#9184 = CARTESIAN_POINT('',(-20.61955182914,25.887460860925,
    324.91955152561));
#9185 = DIRECTION('',(3.085278928579E-19,0.999997550084,
    2.213555033733E-03));
#9186 = DIRECTION('',(-9.403954806578E-38,-2.213555033733E-03,
    0.999997550084));
#9187 = DEFINITIONAL_REPRESENTATION('',(#9188),#9191);
#9188 = B_SPLINE_CURVE_WITH_KNOTS('',1,(#9189,#9190),.UNSPECIFIED.,.F.,
  .F.,(2,2),(0.,14.921818183874),.PIECEWISE_BEZIER_KNOTS.);
#9189 = CARTESIAN_POINT('',(-7.819564579378,-2.380448170853));
#9190 = CARTESIAN_POINT('',(5.080460921084,5.119551829147));
#9191 = ( GEOMETRIC_REPRESENTATION_CONTEXT(2) 
PARAMETRIC_REPRESENTATION_CONTEXT() REPRESENTATION_CONTEXT('2D SPACE',''
  ) );
#9192 = ORIENTED_EDGE('',*,*,#9138,.F.);
#9193 = ORIENTED_EDGE('',*,*,#9194,.T.);
#9194 = EDGE_CURVE('',#932,#9167,#9195,.T.);
#9195 = SURFACE_CURVE('',#9196,(#9200,#9207),.PCURVE_S1.);
#9196 = LINE('',#9197,#9198);
#9197 = CARTESIAN_POINT('',(-10.,25.904769897461,317.10000610351));
#9198 = VECTOR('',#9199,1.);
#9199 = DIRECTION('',(-1.,0.,0.));
#9200 = PCURVE('',#9152,#9201);
#9201 = DEFINITIONAL_REPRESENTATION('',(#9202),#9206);
#9202 = LINE('',#9203,#9204);
#9203 = CARTESIAN_POINT('',(-4.450981170446,6.224560776965));
#9204 = VECTOR('',#9205,1.);
#9205 = DIRECTION('',(0.,-1.));
#9206 = ( GEOMETRIC_REPRESENTATION_CONTEXT(2) 
PARAMETRIC_REPRESENTATION_CONTEXT() REPRESENTATION_CONTEXT('2D SPACE',''
  ) );
#9207 = PCURVE('',#9208,#9213);
#9208 = PLANE('',#9209);
#9209 = AXIS2_PLACEMENT_3D('',#9210,#9211,#9212);
#9210 = CARTESIAN_POINT('',(-16.5,25.895504588686,316.99133337375));
#9211 = DIRECTION('',(-3.717696933396E-20,0.996385162229,
    -8.495062383025E-02));
#9212 = DIRECTION('',(0.,8.495062383025E-02,0.996385162229));
#9213 = DEFINITIONAL_REPRESENTATION('',(#9214),#9217);
#9214 = B_SPLINE_CURVE_WITH_KNOTS('',1,(#9215,#9216),.UNSPECIFIED.,.F.,
  .F.,(2,2),(0.,13.),.PIECEWISE_BEZIER_KNOTS.);
#9215 = CARTESIAN_POINT('',(0.109066989235,6.5));
#9216 = CARTESIAN_POINT('',(0.109066989235,-6.5));
#9217 = ( GEOMETRIC_REPRESENTATION_CONTEXT(2) 
PARAMETRIC_REPRESENTATION_CONTEXT() REPRESENTATION_CONTEXT('2D SPACE',''
  ) );
#9218 = ADVANCED_FACE('',(#9219),#9182,.T.);
#9219 = FACE_BOUND('',#9220,.T.);
#9220 = EDGE_LOOP('',(#9221,#9241,#9242));
#9221 = ORIENTED_EDGE('',*,*,#9222,.T.);
#9222 = EDGE_CURVE('',#167,#4639,#9223,.T.);
#9223 = SURFACE_CURVE('',#9224,(#9228,#9235),.PCURVE_S1.);
#9224 = LINE('',#9225,#9226);
#9225 = CARTESIAN_POINT('',(-23.,25.876214981079,330.));
#9226 = VECTOR('',#9227,1.);
#9227 = DIRECTION('',(1.,0.,0.));
#9228 = PCURVE('',#9182,#9229);
#9229 = DEFINITIONAL_REPRESENTATION('',(#9230),#9234);
#9230 = LINE('',#9231,#9232);
#9231 = CARTESIAN_POINT('',(5.080460921084,-2.380448170853));
#9232 = VECTOR('',#9233,1.);
#9233 = DIRECTION('',(-9.403954806578E-38,1.));
#9234 = ( GEOMETRIC_REPRESENTATION_CONTEXT(2) 
PARAMETRIC_REPRESENTATION_CONTEXT() REPRESENTATION_CONTEXT('2D SPACE',''
  ) );
#9235 = PCURVE('',#4654,#9236);
#9236 = DEFINITIONAL_REPRESENTATION('',(#9237),#9240);
#9237 = B_SPLINE_CURVE_WITH_KNOTS('',1,(#9238,#9239),.UNSPECIFIED.,.F.,
  .F.,(2,2),(0.,7.5),.PIECEWISE_BEZIER_KNOTS.);
#9238 = CARTESIAN_POINT('',(-3.750389057088,9.496372554747E-03));
#9239 = CARTESIAN_POINT('',(3.749610942912,9.496372554747E-03));
#9240 = ( GEOMETRIC_REPRESENTATION_CONTEXT(2) 
PARAMETRIC_REPRESENTATION_CONTEXT() REPRESENTATION_CONTEXT('2D SPACE',''
  ) );
#9241 = ORIENTED_EDGE('',*,*,#9166,.F.);
#9242 = ORIENTED_EDGE('',*,*,#9243,.T.);
#9243 = EDGE_CURVE('',#9167,#167,#9244,.T.);
#9244 = SURFACE_CURVE('',#9245,(#9249,#9256),.PCURVE_S1.);
#9245 = LINE('',#9246,#9247);
#9246 = CARTESIAN_POINT('',(-23.,25.904769897461,317.10000610351));
#9247 = VECTOR('',#9248,1.);
#9248 = DIRECTION('',(0.,-2.213555033733E-03,0.999997550084));
#9249 = PCURVE('',#9182,#9250);
#9250 = DEFINITIONAL_REPRESENTATION('',(#9251),#9255);
#9251 = LINE('',#9252,#9253);
#9252 = CARTESIAN_POINT('',(-7.819564579378,-2.380448170853));
#9253 = VECTOR('',#9254,1.);
#9254 = DIRECTION('',(1.,4.701977403289E-37));
#9255 = ( GEOMETRIC_REPRESENTATION_CONTEXT(2) 
PARAMETRIC_REPRESENTATION_CONTEXT() REPRESENTATION_CONTEXT('2D SPACE',''
  ) );
#9256 = PCURVE('',#9257,#9262);
#9257 = PLANE('',#9258);
#9258 = AXIS2_PLACEMENT_3D('',#9259,#9260,#9261);
#9259 = CARTESIAN_POINT('',(-23.,25.049385580673,323.60377743742));
#9260 = DIRECTION('',(-1.,-8.954618098282E-30,-2.7326277644E-30));
#9261 = DIRECTION('',(8.954618098282E-30,-1.,0.));
#9262 = DEFINITIONAL_REPRESENTATION('',(#9263),#9266);
#9263 = B_SPLINE_CURVE_WITH_KNOTS('',1,(#9264,#9265),.UNSPECIFIED.,.F.,
  .F.,(2,2),(0.,12.900025500463),.PIECEWISE_BEZIER_KNOTS.);
#9264 = CARTESIAN_POINT('',(-0.855384316788,-6.503771333905));
#9265 = CARTESIAN_POINT('',(-0.826829400406,6.396222562579));
#9266 = ( GEOMETRIC_REPRESENTATION_CONTEXT(2) 
PARAMETRIC_REPRESENTATION_CONTEXT() REPRESENTATION_CONTEXT('2D SPACE',''
  ) );
#9267 = ADVANCED_FACE('',(#9268),#9208,.T.);
#9268 = FACE_BOUND('',#9269,.T.);
#9269 = EDGE_LOOP('',(#9270,#9297,#9298));
#9270 = ORIENTED_EDGE('',*,*,#9271,.T.);
#9271 = EDGE_CURVE('',#9272,#9167,#9274,.T.);
#9272 = VERTEX_POINT('',#9273);
#9273 = CARTESIAN_POINT('',(-16.5,25.867750167847,316.66580200195));
#9274 = SURFACE_CURVE('',#9275,(#9279,#9286),.PCURVE_S1.);
#9275 = LINE('',#9276,#9277);
#9276 = CARTESIAN_POINT('',(-16.5,25.867750167847,316.66580200195));
#9277 = VECTOR('',#9278,1.);
#9278 = DIRECTION('',(-0.997760167196,5.682586401456E-03,
    6.665100876493E-02));
#9279 = PCURVE('',#9208,#9280);
#9280 = DEFINITIONAL_REPRESENTATION('',(#9281),#9285);
#9281 = LINE('',#9282,#9283);
#9282 = CARTESIAN_POINT('',(-0.326712384065,-9.215875710447E-36));
#9283 = VECTOR('',#9284,1.);
#9284 = DIRECTION('',(6.689281544077E-02,-0.997760167196));
#9285 = ( GEOMETRIC_REPRESENTATION_CONTEXT(2) 
PARAMETRIC_REPRESENTATION_CONTEXT() REPRESENTATION_CONTEXT('2D SPACE',''
  ) );
#9286 = PCURVE('',#9287,#9292);
#9287 = PLANE('',#9288);
#9288 = AXIS2_PLACEMENT_3D('',#9289,#9290,#9291);
#9289 = CARTESIAN_POINT('',(-19.85529694433,25.877314991545,
    316.77798773977));
#9290 = DIRECTION('',(-4.936629297909E-19,0.996385162229,
    -8.495062383025E-02));
#9291 = DIRECTION('',(6.01853107621E-36,8.495062383025E-02,
    0.996385162229));
#9292 = DEFINITIONAL_REPRESENTATION('',(#9293),#9296);
#9293 = B_SPLINE_CURVE_WITH_KNOTS('',1,(#9294,#9295),.UNSPECIFIED.,.F.,
  .F.,(2,2),(0.,6.514591595963),.PIECEWISE_BEZIER_KNOTS.);
#9294 = CARTESIAN_POINT('',(-0.112592742316,3.355296944334));
#9295 = CARTESIAN_POINT('',(0.323186630985,-3.144703055666));
#9296 = ( GEOMETRIC_REPRESENTATION_CONTEXT(2) 
PARAMETRIC_REPRESENTATION_CONTEXT() REPRESENTATION_CONTEXT('2D SPACE',''
  ) );
#9297 = ORIENTED_EDGE('',*,*,#9194,.F.);
#9298 = ORIENTED_EDGE('',*,*,#9299,.T.);
#9299 = EDGE_CURVE('',#932,#9272,#9300,.T.);
#9300 = SURFACE_CURVE('',#9301,(#9305,#9312),.PCURVE_S1.);
#9301 = LINE('',#9302,#9303);
#9302 = CARTESIAN_POINT('',(-10.,25.904769897461,317.10000610351));
#9303 = VECTOR('',#9304,1.);
#9304 = DIRECTION('',(-0.997760167196,-5.682586401456E-03,
    -6.665100876493E-02));
#9305 = PCURVE('',#9208,#9306);
#9306 = DEFINITIONAL_REPRESENTATION('',(#9307),#9311);
#9307 = LINE('',#9308,#9309);
#9308 = CARTESIAN_POINT('',(0.109066989235,6.5));
#9309 = VECTOR('',#9310,1.);
#9310 = DIRECTION('',(-6.689281544077E-02,-0.997760167196));
#9311 = ( GEOMETRIC_REPRESENTATION_CONTEXT(2) 
PARAMETRIC_REPRESENTATION_CONTEXT() REPRESENTATION_CONTEXT('2D SPACE',''
  ) );
#9312 = PCURVE('',#947,#9313);
#9313 = DEFINITIONAL_REPRESENTATION('',(#9314),#9317);
#9314 = B_SPLINE_CURVE_WITH_KNOTS('',1,(#9315,#9316),.UNSPECIFIED.,.F.,
  .F.,(2,2),(0.,6.514591595963),.PIECEWISE_BEZIER_KNOTS.);
#9315 = CARTESIAN_POINT('',(0.323186630985,3.144703055666));
#9316 = CARTESIAN_POINT('',(-0.112592742316,-3.355296944334));
#9317 = ( GEOMETRIC_REPRESENTATION_CONTEXT(2) 
PARAMETRIC_REPRESENTATION_CONTEXT() REPRESENTATION_CONTEXT('2D SPACE',''
  ) );
#9318 = ADVANCED_FACE('',(#9319),#947,.T.);
#9319 = FACE_BOUND('',#9320,.T.);
#9320 = EDGE_LOOP('',(#9321,#9346,#9347));
#9321 = ORIENTED_EDGE('',*,*,#9322,.T.);
#9322 = EDGE_CURVE('',#875,#9272,#9323,.T.);
#9323 = SURFACE_CURVE('',#9324,(#9328,#9335),.PCURVE_S1.);
#9324 = LINE('',#9325,#9326);
#9325 = CARTESIAN_POINT('',(-10.,25.867750167847,316.66580200195));
#9326 = VECTOR('',#9327,1.);
#9327 = DIRECTION('',(-1.,0.,0.));
#9328 = PCURVE('',#947,#9329);
#9329 = DEFINITIONAL_REPRESENTATION('',(#9330),#9334);
#9330 = LINE('',#9331,#9332);
#9331 = CARTESIAN_POINT('',(-0.112592742316,3.144703055666));
#9332 = VECTOR('',#9333,1.);
#9333 = DIRECTION('',(0.,-1.));
#9334 = ( GEOMETRIC_REPRESENTATION_CONTEXT(2) 
PARAMETRIC_REPRESENTATION_CONTEXT() REPRESENTATION_CONTEXT('2D SPACE',''
  ) );
#9335 = PCURVE('',#9336,#9341);
#9336 = PLANE('',#9337);
#9337 = AXIS2_PLACEMENT_3D('',#9338,#9339,#9340);
#9338 = CARTESIAN_POINT('',(-13.35529560126,25.838849717219,
    316.55698314432));
#9339 = DIRECTION('',(4.110778511063E-18,0.966495171655,-0.25668479341)
  );
#9340 = DIRECTION('',(0.,0.25668479341,0.966495171655));
#9341 = DEFINITIONAL_REPRESENTATION('',(#9342),#9345);
#9342 = B_SPLINE_CURVE_WITH_KNOTS('',1,(#9343,#9344),.UNSPECIFIED.,.F.,
  .F.,(2,2),(0.,6.5),.PIECEWISE_BEZIER_KNOTS.);
#9343 = CARTESIAN_POINT('',(0.112591206685,3.355295601266));
#9344 = CARTESIAN_POINT('',(0.112591206685,-3.144704398734));
#9345 = ( GEOMETRIC_REPRESENTATION_CONTEXT(2) 
PARAMETRIC_REPRESENTATION_CONTEXT() REPRESENTATION_CONTEXT('2D SPACE',''
  ) );
#9346 = ORIENTED_EDGE('',*,*,#9299,.F.);
#9347 = ORIENTED_EDGE('',*,*,#931,.F.);
#9348 = ADVANCED_FACE('',(#9349),#9336,.T.);
#9349 = FACE_BOUND('',#9350,.T.);
#9350 = EDGE_LOOP('',(#9351,#9378,#9379));
#9351 = ORIENTED_EDGE('',*,*,#9352,.T.);
#9352 = EDGE_CURVE('',#9353,#9272,#9355,.T.);
#9353 = VERTEX_POINT('',#9354);
#9354 = CARTESIAN_POINT('',(-16.5,25.755893707275,316.24462890625));
#9355 = SURFACE_CURVE('',#9356,(#9360,#9367),.PCURVE_S1.);
#9356 = LINE('',#9357,#9358);
#9357 = CARTESIAN_POINT('',(-16.5,25.755893707275,316.24462890625));
#9358 = VECTOR('',#9359,1.);
#9359 = DIRECTION('',(0.,0.25668479341,0.966495171655));
#9360 = PCURVE('',#9336,#9361);
#9361 = DEFINITIONAL_REPRESENTATION('',(#9362),#9366);
#9362 = LINE('',#9363,#9364);
#9363 = CARTESIAN_POINT('',(-0.323182409217,-3.144704398734));
#9364 = VECTOR('',#9365,1.);
#9365 = DIRECTION('',(1.,3.851859888774E-34));
#9366 = ( GEOMETRIC_REPRESENTATION_CONTEXT(2) 
PARAMETRIC_REPRESENTATION_CONTEXT() REPRESENTATION_CONTEXT('2D SPACE',''
  ) );
#9367 = PCURVE('',#9368,#9373);
#9368 = PLANE('',#9369);
#9369 = AXIS2_PLACEMENT_3D('',#9370,#9371,#9372);
#9370 = CARTESIAN_POINT('',(-19.64470439873,25.784794157903,
    316.35344776388));
#9371 = DIRECTION('',(2.376055448677E-18,0.966495171655,-0.25668479341)
  );
#9372 = DIRECTION('',(9.629649721936E-35,0.25668479341,0.966495171655));
#9373 = DEFINITIONAL_REPRESENTATION('',(#9374),#9377);
#9374 = B_SPLINE_CURVE_WITH_KNOTS('',1,(#9375,#9376),.UNSPECIFIED.,.F.,
  .F.,(2,2),(0.,0.435773615901),.PIECEWISE_BEZIER_KNOTS.);
#9375 = CARTESIAN_POINT('',(-0.112591206685,3.144704398734));
#9376 = CARTESIAN_POINT('',(0.323182409217,3.144704398734));
#9377 = ( GEOMETRIC_REPRESENTATION_CONTEXT(2) 
PARAMETRIC_REPRESENTATION_CONTEXT() REPRESENTATION_CONTEXT('2D SPACE',''
  ) );
#9378 = ORIENTED_EDGE('',*,*,#9322,.F.);
#9379 = ORIENTED_EDGE('',*,*,#9380,.T.);
#9380 = EDGE_CURVE('',#875,#9353,#9381,.T.);
#9381 = SURFACE_CURVE('',#9382,(#9386,#9393),.PCURVE_S1.);
#9382 = LINE('',#9383,#9384);
#9383 = CARTESIAN_POINT('',(-10.,25.867750167847,316.66580200195));
#9384 = VECTOR('',#9385,1.);
#9385 = DIRECTION('',(-0.997760226181,-1.717014267683E-02,
    -6.465073280462E-02));
#9386 = PCURVE('',#9336,#9387);
#9387 = DEFINITIONAL_REPRESENTATION('',(#9388),#9392);
#9388 = LINE('',#9389,#9390);
#9389 = CARTESIAN_POINT('',(0.112591206685,3.355295601266));
#9390 = VECTOR('',#9391,1.);
#9391 = DIRECTION('',(-6.689193562543E-02,-0.997760226181));
#9392 = ( GEOMETRIC_REPRESENTATION_CONTEXT(2) 
PARAMETRIC_REPRESENTATION_CONTEXT() REPRESENTATION_CONTEXT('2D SPACE',''
  ) );
#9393 = PCURVE('',#916,#9394);
#9394 = DEFINITIONAL_REPRESENTATION('',(#9395),#9398);
#9395 = B_SPLINE_CURVE_WITH_KNOTS('',1,(#9396,#9397),.UNSPECIFIED.,.F.,
  .F.,(2,2),(0.,6.514591210837),.PIECEWISE_BEZIER_KNOTS.);
#9396 = CARTESIAN_POINT('',(0.323182409217,3.144704398734));
#9397 = CARTESIAN_POINT('',(-0.112591206685,-3.355295601266));
#9398 = ( GEOMETRIC_REPRESENTATION_CONTEXT(2) 
PARAMETRIC_REPRESENTATION_CONTEXT() REPRESENTATION_CONTEXT('2D SPACE',''
  ) );
#9399 = ADVANCED_FACE('',(#9400),#916,.T.);
#9400 = FACE_BOUND('',#9401,.T.);
#9401 = EDGE_LOOP('',(#9402,#9427,#9428));
#9402 = ORIENTED_EDGE('',*,*,#9403,.T.);
#9403 = EDGE_CURVE('',#819,#9353,#9404,.T.);
#9404 = SURFACE_CURVE('',#9405,(#9409,#9416),.PCURVE_S1.);
#9405 = LINE('',#9406,#9407);
#9406 = CARTESIAN_POINT('',(-10.,25.755893707275,316.24462890625));
#9407 = VECTOR('',#9408,1.);
#9408 = DIRECTION('',(-1.,0.,0.));
#9409 = PCURVE('',#916,#9410);
#9410 = DEFINITIONAL_REPRESENTATION('',(#9411),#9415);
#9411 = LINE('',#9412,#9413);
#9412 = CARTESIAN_POINT('',(-0.112591206685,3.144704398734));
#9413 = VECTOR('',#9414,1.);
#9414 = DIRECTION('',(0.,-1.));
#9415 = ( GEOMETRIC_REPRESENTATION_CONTEXT(2) 
PARAMETRIC_REPRESENTATION_CONTEXT() REPRESENTATION_CONTEXT('2D SPACE',''
  ) );
#9416 = PCURVE('',#9417,#9422);
#9417 = PLANE('',#9418);
#9418 = AXIS2_PLACEMENT_3D('',#9419,#9420,#9421);
#9419 = CARTESIAN_POINT('',(-13.35529646021,25.708536281016,
    316.14248060644));
#9420 = DIRECTION('',(1.491942640908E-18,0.907241442854,-0.420610228558)
  );
#9421 = DIRECTION('',(0.,0.420610228558,0.907241442854));
#9422 = DEFINITIONAL_REPRESENTATION('',(#9423),#9426);
#9423 = B_SPLINE_CURVE_WITH_KNOTS('',1,(#9424,#9425),.UNSPECIFIED.,.F.,
  .F.,(2,2),(0.,6.5),.PIECEWISE_BEZIER_KNOTS.);
#9424 = CARTESIAN_POINT('',(0.112592188788,3.355296460217));
#9425 = CARTESIAN_POINT('',(0.112592188788,-3.144703539783));
#9426 = ( GEOMETRIC_REPRESENTATION_CONTEXT(2) 
PARAMETRIC_REPRESENTATION_CONTEXT() REPRESENTATION_CONTEXT('2D SPACE',''
  ) );
#9427 = ORIENTED_EDGE('',*,*,#9380,.F.);
#9428 = ORIENTED_EDGE('',*,*,#902,.F.);
#9429 = ADVANCED_FACE('',(#9430),#9417,.T.);
#9430 = FACE_BOUND('',#9431,.T.);
#9431 = EDGE_LOOP('',(#9432,#9459,#9460));
#9432 = ORIENTED_EDGE('',*,*,#9433,.T.);
#9433 = EDGE_CURVE('',#9434,#9353,#9436,.T.);
#9434 = VERTEX_POINT('',#9435);
#9435 = CARTESIAN_POINT('',(-16.5,25.572601318359,315.84927368164));
#9436 = SURFACE_CURVE('',#9437,(#9441,#9448),.PCURVE_S1.);
#9437 = LINE('',#9438,#9439);
#9438 = CARTESIAN_POINT('',(-16.5,25.572601318359,315.84927368164));
#9439 = VECTOR('',#9440,1.);
#9440 = DIRECTION('',(0.,0.420610228558,0.907241442854));
#9441 = PCURVE('',#9417,#9442);
#9442 = DEFINITIONAL_REPRESENTATION('',(#9443),#9447);
#9443 = LINE('',#9444,#9445);
#9444 = CARTESIAN_POINT('',(-0.323185109222,-3.144703539783));
#9445 = VECTOR('',#9446,1.);
#9446 = DIRECTION('',(1.,9.629649721936E-35));
#9447 = ( GEOMETRIC_REPRESENTATION_CONTEXT(2) 
PARAMETRIC_REPRESENTATION_CONTEXT() REPRESENTATION_CONTEXT('2D SPACE',''
  ) );
#9448 = PCURVE('',#9449,#9454);
#9449 = PLANE('',#9450);
#9450 = AXIS2_PLACEMENT_3D('',#9451,#9452,#9453);
#9451 = CARTESIAN_POINT('',(-19.64470353978,25.619958744619,
    315.95142198145));
#9452 = DIRECTION('',(1.491942640908E-18,0.907241442854,-0.420610228558)
  );
#9453 = DIRECTION('',(0.,0.420610228558,0.907241442854));
#9454 = DEFINITIONAL_REPRESENTATION('',(#9455),#9458);
#9455 = B_SPLINE_CURVE_WITH_KNOTS('',1,(#9456,#9457),.UNSPECIFIED.,.F.,
  .F.,(2,2),(0.,0.43577729801),.PIECEWISE_BEZIER_KNOTS.);
#9456 = CARTESIAN_POINT('',(-0.112592188788,3.144703539783));
#9457 = CARTESIAN_POINT('',(0.323185109222,3.144703539783));
#9458 = ( GEOMETRIC_REPRESENTATION_CONTEXT(2) 
PARAMETRIC_REPRESENTATION_CONTEXT() REPRESENTATION_CONTEXT('2D SPACE',''
  ) );
#9459 = ORIENTED_EDGE('',*,*,#9403,.F.);
#9460 = ORIENTED_EDGE('',*,*,#9461,.T.);
#9461 = EDGE_CURVE('',#819,#9434,#9462,.T.);
#9462 = SURFACE_CURVE('',#9463,(#9467,#9474),.PCURVE_S1.);
#9463 = LINE('',#9464,#9465);
#9464 = CARTESIAN_POINT('',(-10.,25.755893707275,316.24462890625));
#9465 = VECTOR('',#9466,1.);
#9466 = DIRECTION('',(-0.997760188457,-2.813566900118E-02,
    -6.068764667905E-02));
#9467 = PCURVE('',#9417,#9468);
#9468 = DEFINITIONAL_REPRESENTATION('',(#9469),#9473);
#9469 = LINE('',#9470,#9471);
#9470 = CARTESIAN_POINT('',(0.112592188788,3.355296460217));
#9471 = VECTOR('',#9472,1.);
#9472 = DIRECTION('',(-6.689249830575E-02,-0.997760188457));
#9473 = ( GEOMETRIC_REPRESENTATION_CONTEXT(2) 
PARAMETRIC_REPRESENTATION_CONTEXT() REPRESENTATION_CONTEXT('2D SPACE',''
  ) );
#9474 = PCURVE('',#860,#9475);
#9475 = DEFINITIONAL_REPRESENTATION('',(#9476),#9479);
#9476 = B_SPLINE_CURVE_WITH_KNOTS('',1,(#9477,#9478),.UNSPECIFIED.,.F.,
  .F.,(2,2),(0.,6.514591457141),.PIECEWISE_BEZIER_KNOTS.);
#9477 = CARTESIAN_POINT('',(0.323185109222,3.144703539783));
#9478 = CARTESIAN_POINT('',(-0.112592188788,-3.355296460217));
#9479 = ( GEOMETRIC_REPRESENTATION_CONTEXT(2) 
PARAMETRIC_REPRESENTATION_CONTEXT() REPRESENTATION_CONTEXT('2D SPACE',''
  ) );
#9480 = ADVANCED_FACE('',(#9481),#860,.T.);
#9481 = FACE_BOUND('',#9482,.T.);
#9482 = EDGE_LOOP('',(#9483,#9508,#9509));
#9483 = ORIENTED_EDGE('',*,*,#9484,.T.);
#9484 = EDGE_CURVE('',#707,#9434,#9485,.T.);
#9485 = SURFACE_CURVE('',#9486,(#9490,#9497),.PCURVE_S1.);
#9486 = LINE('',#9487,#9488);
#9487 = CARTESIAN_POINT('',(-10.,25.572601318359,315.84927368164));
#9488 = VECTOR('',#9489,1.);
#9489 = DIRECTION('',(-1.,0.,0.));
#9490 = PCURVE('',#860,#9491);
#9491 = DEFINITIONAL_REPRESENTATION('',(#9492),#9496);
#9492 = LINE('',#9493,#9494);
#9493 = CARTESIAN_POINT('',(-0.112592188788,3.144703539783));
#9494 = VECTOR('',#9495,1.);
#9495 = DIRECTION('',(0.,-1.));
#9496 = ( GEOMETRIC_REPRESENTATION_CONTEXT(2) 
PARAMETRIC_REPRESENTATION_CONTEXT() REPRESENTATION_CONTEXT('2D SPACE',''
  ) );
#9497 = PCURVE('',#9498,#9503);
#9498 = PLANE('',#9499);
#9499 = AXIS2_PLACEMENT_3D('',#9500,#9501,#9502);
#9500 = CARTESIAN_POINT('',(-13.35529539912,25.50822494656,
    315.75690263351));
#9501 = DIRECTION('',(3.404293154271E-18,0.820412538978,-0.571772040142)
  );
#9502 = DIRECTION('',(-1.925929944387E-34,0.571772040142,0.820412538978)
  );
#9503 = DEFINITIONAL_REPRESENTATION('',(#9504),#9507);
#9504 = B_SPLINE_CURVE_WITH_KNOTS('',1,(#9505,#9506),.UNSPECIFIED.,.F.,
  .F.,(2,2),(0.,6.5),.PIECEWISE_BEZIER_KNOTS.);
#9505 = CARTESIAN_POINT('',(0.112590975563,3.355295399126));
#9506 = CARTESIAN_POINT('',(0.112590975563,-3.144704600874));
#9507 = ( GEOMETRIC_REPRESENTATION_CONTEXT(2) 
PARAMETRIC_REPRESENTATION_CONTEXT() REPRESENTATION_CONTEXT('2D SPACE',''
  ) );
#9508 = ORIENTED_EDGE('',*,*,#9461,.F.);
#9509 = ORIENTED_EDGE('',*,*,#846,.F.);
#9510 = ADVANCED_FACE('',(#9511),#9498,.T.);
#9511 = FACE_BOUND('',#9512,.T.);
#9512 = EDGE_LOOP('',(#9513,#9540,#9541));
#9513 = ORIENTED_EDGE('',*,*,#9514,.T.);
#9514 = EDGE_CURVE('',#9515,#9434,#9517,.T.);
#9515 = VERTEX_POINT('',#9516);
#9516 = CARTESIAN_POINT('',(-16.5,25.323438644409,315.4917602539));
#9517 = SURFACE_CURVE('',#9518,(#9522,#9529),.PCURVE_S1.);
#9518 = LINE('',#9519,#9520);
#9519 = CARTESIAN_POINT('',(-16.5,25.323438644409,315.4917602539));
#9520 = VECTOR('',#9521,1.);
#9521 = DIRECTION('',(0.,0.571772040142,0.820412538978));
#9522 = PCURVE('',#9498,#9523);
#9523 = DEFINITIONAL_REPRESENTATION('',(#9524),#9528);
#9524 = LINE('',#9525,#9526);
#9525 = CARTESIAN_POINT('',(-0.323181773815,-3.144704600874));
#9526 = VECTOR('',#9527,1.);
#9527 = DIRECTION('',(1.,0.));
#9528 = ( GEOMETRIC_REPRESENTATION_CONTEXT(2) 
PARAMETRIC_REPRESENTATION_CONTEXT() REPRESENTATION_CONTEXT('2D SPACE',''
  ) );
#9529 = PCURVE('',#9530,#9535);
#9530 = PLANE('',#9531);
#9531 = AXIS2_PLACEMENT_3D('',#9532,#9533,#9534);
#9532 = CARTESIAN_POINT('',(-19.64470460087,25.387815016208,
    315.58413130203));
#9533 = DIRECTION('',(3.397510273257E-18,0.820412538978,-0.571772040142)
  );
#9534 = DIRECTION('',(-1.925929944387E-34,0.571772040142,0.820412538978)
  );
#9535 = DEFINITIONAL_REPRESENTATION('',(#9536),#9539);
#9536 = B_SPLINE_CURVE_WITH_KNOTS('',1,(#9537,#9538),.UNSPECIFIED.,.F.,
  .F.,(2,2),(0.,0.435772749378),.PIECEWISE_BEZIER_KNOTS.);
#9537 = CARTESIAN_POINT('',(-0.112590975563,3.144704600874));
#9538 = CARTESIAN_POINT('',(0.323181773815,3.144704600874));
#9539 = ( GEOMETRIC_REPRESENTATION_CONTEXT(2) 
PARAMETRIC_REPRESENTATION_CONTEXT() REPRESENTATION_CONTEXT('2D SPACE',''
  ) );
#9540 = ORIENTED_EDGE('',*,*,#9484,.F.);
#9541 = ORIENTED_EDGE('',*,*,#9542,.T.);
#9542 = EDGE_CURVE('',#707,#9515,#9543,.T.);
#9543 = SURFACE_CURVE('',#9544,(#9548,#9555),.PCURVE_S1.);
#9544 = LINE('',#9545,#9546);
#9545 = CARTESIAN_POINT('',(-10.,25.572601318359,315.84927368164));
#9546 = VECTOR('',#9547,1.);
#9547 = DIRECTION('',(-0.997760235058,-3.824686278897E-02,
    -5.487887410658E-02));
#9548 = PCURVE('',#9498,#9549);
#9549 = DEFINITIONAL_REPRESENTATION('',(#9550),#9554);
#9550 = LINE('',#9551,#9552);
#9551 = CARTESIAN_POINT('',(0.112590975563,3.355295399126));
#9552 = VECTOR('',#9553,1.);
#9553 = DIRECTION('',(-6.68918032079E-02,-0.997760235058));
#9554 = ( GEOMETRIC_REPRESENTATION_CONTEXT(2) 
PARAMETRIC_REPRESENTATION_CONTEXT() REPRESENTATION_CONTEXT('2D SPACE',''
  ) );
#9555 = PCURVE('',#748,#9556);
#9556 = DEFINITIONAL_REPRESENTATION('',(#9557),#9560);
#9557 = B_SPLINE_CURVE_WITH_KNOTS('',1,(#9558,#9559),.UNSPECIFIED.,.F.,
  .F.,(2,2),(0.,6.514591152874),.PIECEWISE_BEZIER_KNOTS.);
#9558 = CARTESIAN_POINT('',(0.323181773815,3.144704600874));
#9559 = CARTESIAN_POINT('',(-0.112590975563,-3.355295399126));
#9560 = ( GEOMETRIC_REPRESENTATION_CONTEXT(2) 
PARAMETRIC_REPRESENTATION_CONTEXT() REPRESENTATION_CONTEXT('2D SPACE',''
  ) );
#9561 = ADVANCED_FACE('',(#9562),#748,.T.);
#9562 = FACE_BOUND('',#9563,.T.);
#9563 = EDGE_LOOP('',(#9564,#9589,#9590));
#9564 = ORIENTED_EDGE('',*,*,#9565,.T.);
#9565 = EDGE_CURVE('',#652,#9515,#9566,.T.);
#9566 = SURFACE_CURVE('',#9567,(#9571,#9578),.PCURVE_S1.);
#9567 = LINE('',#9568,#9569);
#9568 = CARTESIAN_POINT('',(-10.,25.323438644409,315.4917602539));
#9569 = VECTOR('',#9570,1.);
#9570 = DIRECTION('',(-1.,0.,0.));
#9571 = PCURVE('',#748,#9572);
#9572 = DEFINITIONAL_REPRESENTATION('',(#9573),#9577);
#9573 = LINE('',#9574,#9575);
#9574 = CARTESIAN_POINT('',(-0.112590975563,3.144704600874));
#9575 = VECTOR('',#9576,1.);
#9576 = DIRECTION('',(0.,-1.));
#9577 = ( GEOMETRIC_REPRESENTATION_CONTEXT(2) 
PARAMETRIC_REPRESENTATION_CONTEXT() REPRESENTATION_CONTEXT('2D SPACE',''
  ) );
#9578 = PCURVE('',#9579,#9584);
#9579 = PLANE('',#9580);
#9580 = AXIS2_PLACEMENT_3D('',#9581,#9582,#9583);
#9581 = CARTESIAN_POINT('',(-13.35529912352,25.244000138862,
    315.41196545116));
#9582 = DIRECTION('',(-5.793940353534E-18,0.708687214766,-0.705522807304
    ));
#9583 = DIRECTION('',(3.851859888774E-34,0.705522807304,0.708687214766)
  );
#9584 = DEFINITIONAL_REPRESENTATION('',(#9585),#9588);
#9585 = B_SPLINE_CURVE_WITH_KNOTS('',1,(#9586,#9587),.UNSPECIFIED.,.F.,
  .F.,(2,2),(0.,6.5),.PIECEWISE_BEZIER_KNOTS.);
#9586 = CARTESIAN_POINT('',(0.112595233952,3.355299123523));
#9587 = CARTESIAN_POINT('',(0.112595233952,-3.144700876477));
#9588 = ( GEOMETRIC_REPRESENTATION_CONTEXT(2) 
PARAMETRIC_REPRESENTATION_CONTEXT() REPRESENTATION_CONTEXT('2D SPACE',''
  ) );
#9589 = ORIENTED_EDGE('',*,*,#9542,.F.);
#9590 = ORIENTED_EDGE('',*,*,#734,.F.);
#9591 = ADVANCED_FACE('',(#9592),#9579,.T.);
#9592 = FACE_BOUND('',#9593,.T.);
#9593 = EDGE_LOOP('',(#9594,#9621,#9622));
#9594 = ORIENTED_EDGE('',*,*,#9595,.T.);
#9595 = EDGE_CURVE('',#9596,#9515,#9598,.T.);
#9596 = VERTEX_POINT('',#9597);
#9597 = CARTESIAN_POINT('',(-16.5,25.015979766846,315.18292236328));
#9598 = SURFACE_CURVE('',#9599,(#9603,#9610),.PCURVE_S1.);
#9599 = LINE('',#9600,#9601);
#9600 = CARTESIAN_POINT('',(-16.5,25.015979766846,315.18292236328));
#9601 = VECTOR('',#9602,1.);
#9602 = DIRECTION('',(0.,0.705522807304,0.708687214766));
#9603 = PCURVE('',#9579,#9604);
#9604 = DEFINITIONAL_REPRESENTATION('',(#9605),#9609);
#9605 = LINE('',#9606,#9607);
#9606 = CARTESIAN_POINT('',(-0.323193480998,-3.144700876477));
#9607 = VECTOR('',#9608,1.);
#9608 = DIRECTION('',(1.,3.851859888774E-34));
#9609 = ( GEOMETRIC_REPRESENTATION_CONTEXT(2) 
PARAMETRIC_REPRESENTATION_CONTEXT() REPRESENTATION_CONTEXT('2D SPACE',''
  ) );
#9610 = PCURVE('',#9611,#9616);
#9611 = PLANE('',#9612);
#9612 = AXIS2_PLACEMENT_3D('',#9613,#9614,#9615);
#9613 = CARTESIAN_POINT('',(-19.64470087647,25.095418272393,
    315.26271716602));
#9614 = DIRECTION('',(-5.790550567393E-18,0.708687214766,-0.705522807304
    ));
#9615 = DIRECTION('',(3.851859888774E-34,0.705522807304,0.708687214766)
  );
#9616 = DEFINITIONAL_REPRESENTATION('',(#9617),#9620);
#9617 = B_SPLINE_CURVE_WITH_KNOTS('',1,(#9618,#9619),.UNSPECIFIED.,.F.,
  .F.,(2,2),(0.,0.435788714951),.PIECEWISE_BEZIER_KNOTS.);
#9618 = CARTESIAN_POINT('',(-0.112595233952,3.144700876477));
#9619 = CARTESIAN_POINT('',(0.323193480998,3.144700876477));
#9620 = ( GEOMETRIC_REPRESENTATION_CONTEXT(2) 
PARAMETRIC_REPRESENTATION_CONTEXT() REPRESENTATION_CONTEXT('2D SPACE',''
  ) );
#9621 = ORIENTED_EDGE('',*,*,#9565,.F.);
#9622 = ORIENTED_EDGE('',*,*,#9623,.T.);
#9623 = EDGE_CURVE('',#652,#9596,#9624,.T.);
#9624 = SURFACE_CURVE('',#9625,(#9629,#9636),.PCURVE_S1.);
#9625 = LINE('',#9626,#9627);
#9626 = CARTESIAN_POINT('',(-10.,25.323438644409,315.4917602539));
#9627 = VECTOR('',#9628,1.);
#9628 = DIRECTION('',(-0.997760071488,-4.719541410113E-02,
    -4.74070947428E-02));
#9629 = PCURVE('',#9579,#9630);
#9630 = DEFINITIONAL_REPRESENTATION('',(#9631),#9635);
#9631 = LINE('',#9632,#9633);
#9632 = CARTESIAN_POINT('',(0.112595233952,3.355299123523));
#9633 = VECTOR('',#9634,1.);
#9634 = DIRECTION('',(-6.689424298197E-02,-0.997760071488));
#9635 = ( GEOMETRIC_REPRESENTATION_CONTEXT(2) 
PARAMETRIC_REPRESENTATION_CONTEXT() REPRESENTATION_CONTEXT('2D SPACE',''
  ) );
#9636 = PCURVE('',#667,#9637);
#9637 = DEFINITIONAL_REPRESENTATION('',(#9638),#9641);
#9638 = B_SPLINE_CURVE_WITH_KNOTS('',1,(#9639,#9640),.UNSPECIFIED.,.F.,
  .F.,(2,2),(0.,6.514592220859),.PIECEWISE_BEZIER_KNOTS.);
#9639 = CARTESIAN_POINT('',(0.323193480998,3.144700876477));
#9640 = CARTESIAN_POINT('',(-0.112595233952,-3.355299123523));
#9641 = ( GEOMETRIC_REPRESENTATION_CONTEXT(2) 
PARAMETRIC_REPRESENTATION_CONTEXT() REPRESENTATION_CONTEXT('2D SPACE',''
  ) );
#9642 = ADVANCED_FACE('',(#9643),#667,.T.);
#9643 = FACE_BOUND('',#9644,.T.);
#9644 = EDGE_LOOP('',(#9645,#9670,#9671));
#9645 = ORIENTED_EDGE('',*,*,#9646,.T.);
#9646 = EDGE_CURVE('',#595,#9596,#9647,.T.);
#9647 = SURFACE_CURVE('',#9648,(#9652,#9659),.PCURVE_S1.);
#9648 = LINE('',#9649,#9650);
#9649 = CARTESIAN_POINT('',(-10.,25.015979766846,315.18292236328));
#9650 = VECTOR('',#9651,1.);
#9651 = DIRECTION('',(-1.,0.,0.));
#9652 = PCURVE('',#667,#9653);
#9653 = DEFINITIONAL_REPRESENTATION('',(#9654),#9658);
#9654 = LINE('',#9655,#9656);
#9655 = CARTESIAN_POINT('',(-0.112595233952,3.144700876477));
#9656 = VECTOR('',#9657,1.);
#9657 = DIRECTION('',(1.925929944387E-34,-1.));
#9658 = ( GEOMETRIC_REPRESENTATION_CONTEXT(2) 
PARAMETRIC_REPRESENTATION_CONTEXT() REPRESENTATION_CONTEXT('2D SPACE',''
  ) );
#9659 = PCURVE('',#9660,#9665);
#9660 = PLANE('',#9661);
#9661 = AXIS2_PLACEMENT_3D('',#9662,#9663,#9664);
#9662 = CARTESIAN_POINT('',(-13.35529549663,24.923892570556,
    315.11814041236));
#9663 = DIRECTION('',(-7.950493685088E-18,0.575373705031,-0.817890640342
    ));
#9664 = DIRECTION('',(7.703719777549E-34,-0.817890640342,-0.575373705031
    ));
#9665 = DEFINITIONAL_REPRESENTATION('',(#9666),#9669);
#9666 = B_SPLINE_CURVE_WITH_KNOTS('',1,(#9667,#9668),.UNSPECIFIED.,.F.,
  .F.,(2,2),(0.,6.5),.PIECEWISE_BEZIER_KNOTS.);
#9667 = CARTESIAN_POINT('',(-0.112591087057,-3.355295496639));
#9668 = CARTESIAN_POINT('',(-0.112591087057,3.144704503361));
#9669 = ( GEOMETRIC_REPRESENTATION_CONTEXT(2) 
PARAMETRIC_REPRESENTATION_CONTEXT() REPRESENTATION_CONTEXT('2D SPACE',''
  ) );
#9670 = ORIENTED_EDGE('',*,*,#9623,.F.);
#9671 = ORIENTED_EDGE('',*,*,#651,.F.);
#9672 = ADVANCED_FACE('',(#9673),#9660,.T.);
#9673 = FACE_BOUND('',#9674,.T.);
#9674 = EDGE_LOOP('',(#9675,#9702,#9703));
#9675 = ORIENTED_EDGE('',*,*,#9676,.T.);
#9676 = EDGE_CURVE('',#9677,#9596,#9679,.T.);
#9677 = VERTEX_POINT('',#9678);
#9678 = CARTESIAN_POINT('',(-16.5,24.659564971924,314.9321899414));
#9679 = SURFACE_CURVE('',#9680,(#9684,#9691),.PCURVE_S1.);
#9680 = LINE('',#9681,#9682);
#9681 = CARTESIAN_POINT('',(-16.5,24.659564971924,314.9321899414));
#9682 = VECTOR('',#9683,1.);
#9683 = DIRECTION('',(0.,0.817890640342,0.575373705031));
#9684 = PCURVE('',#9660,#9685);
#9685 = DEFINITIONAL_REPRESENTATION('',(#9686),#9690);
#9686 = LINE('',#9687,#9688);
#9687 = CARTESIAN_POINT('',(0.323182080335,3.144704503361));
#9688 = VECTOR('',#9689,1.);
#9689 = DIRECTION('',(-1.,-1.54074395551E-33));
#9690 = ( GEOMETRIC_REPRESENTATION_CONTEXT(2) 
PARAMETRIC_REPRESENTATION_CONTEXT() REPRESENTATION_CONTEXT('2D SPACE',''
  ) );
#9691 = PCURVE('',#9692,#9697);
#9692 = PLANE('',#9693);
#9693 = AXIS2_PLACEMENT_3D('',#9694,#9695,#9696);
#9694 = CARTESIAN_POINT('',(-19.64470450336,24.751652168214,
    314.99697189231));
#9695 = DIRECTION('',(-7.950493685088E-18,0.575373705031,-0.817890640342
    ));
#9696 = DIRECTION('',(7.703719777549E-34,-0.817890640342,-0.575373705031
    ));
#9697 = DEFINITIONAL_REPRESENTATION('',(#9698),#9701);
#9698 = B_SPLINE_CURVE_WITH_KNOTS('',1,(#9699,#9700),.UNSPECIFIED.,.F.,
  .F.,(2,2),(0.,0.435773167392),.PIECEWISE_BEZIER_KNOTS.);
#9699 = CARTESIAN_POINT('',(0.112591087057,-3.144704503361));
#9700 = CARTESIAN_POINT('',(-0.323182080335,-3.144704503361));
#9701 = ( GEOMETRIC_REPRESENTATION_CONTEXT(2) 
PARAMETRIC_REPRESENTATION_CONTEXT() REPRESENTATION_CONTEXT('2D SPACE',''
  ) );
#9702 = ORIENTED_EDGE('',*,*,#9646,.F.);
#9703 = ORIENTED_EDGE('',*,*,#9704,.T.);
#9704 = EDGE_CURVE('',#595,#9677,#9705,.T.);
#9705 = SURFACE_CURVE('',#9706,(#9710,#9717),.PCURVE_S1.);
#9706 = LINE('',#9707,#9708);
#9707 = CARTESIAN_POINT('',(-10.,25.015979766846,315.18292236328));
#9708 = VECTOR('',#9709,1.);
#9709 = DIRECTION('',(-0.997760230776,-5.47102320051E-02,
    -3.848782140199E-02));
#9710 = PCURVE('',#9660,#9711);
#9711 = DEFINITIONAL_REPRESENTATION('',(#9712),#9716);
#9712 = LINE('',#9713,#9714);
#9713 = CARTESIAN_POINT('',(-0.112591087057,-3.355295496639));
#9714 = VECTOR('',#9715,1.);
#9715 = DIRECTION('',(6.689186708654E-02,0.997760230776));
#9716 = ( GEOMETRIC_REPRESENTATION_CONTEXT(2) 
PARAMETRIC_REPRESENTATION_CONTEXT() REPRESENTATION_CONTEXT('2D SPACE',''
  ) );
#9717 = PCURVE('',#636,#9718);
#9718 = DEFINITIONAL_REPRESENTATION('',(#9719),#9722);
#9719 = B_SPLINE_CURVE_WITH_KNOTS('',1,(#9720,#9721),.UNSPECIFIED.,.F.,
  .F.,(2,2),(0.,6.514591180835),.PIECEWISE_BEZIER_KNOTS.);
#9720 = CARTESIAN_POINT('',(-0.323182080335,-3.144704503361));
#9721 = CARTESIAN_POINT('',(0.112591087057,3.355295496639));
#9722 = ( GEOMETRIC_REPRESENTATION_CONTEXT(2) 
PARAMETRIC_REPRESENTATION_CONTEXT() REPRESENTATION_CONTEXT('2D SPACE',''
  ) );
#9723 = ADVANCED_FACE('',(#9724),#636,.T.);
#9724 = FACE_BOUND('',#9725,.T.);
#9725 = EDGE_LOOP('',(#9726,#9751,#9752));
#9726 = ORIENTED_EDGE('',*,*,#9727,.T.);
#9727 = EDGE_CURVE('',#539,#9677,#9728,.T.);
#9728 = SURFACE_CURVE('',#9729,(#9733,#9740),.PCURVE_S1.);
#9729 = LINE('',#9730,#9731);
#9730 = CARTESIAN_POINT('',(-10.,24.659564971924,314.9321899414));
#9731 = VECTOR('',#9732,1.);
#9732 = DIRECTION('',(-1.,0.,0.));
#9733 = PCURVE('',#636,#9734);
#9734 = DEFINITIONAL_REPRESENTATION('',(#9735),#9739);
#9735 = LINE('',#9736,#9737);
#9736 = CARTESIAN_POINT('',(0.112591087057,-3.144704503361));
#9737 = VECTOR('',#9738,1.);
#9738 = DIRECTION('',(0.,1.));
#9739 = ( GEOMETRIC_REPRESENTATION_CONTEXT(2) 
PARAMETRIC_REPRESENTATION_CONTEXT() REPRESENTATION_CONTEXT('2D SPACE',''
  ) );
#9740 = PCURVE('',#9741,#9746);
#9741 = PLANE('',#9742);
#9742 = AXIS2_PLACEMENT_3D('',#9743,#9744,#9745);
#9743 = CARTESIAN_POINT('',(-13.35529840393,24.557627036181,
    314.88437614959));
#9744 = DIRECTION('',(-2.042780218547E-18,0.424655107713,-0.905355200732
    ));
#9745 = DIRECTION('',(-9.629649721936E-35,-0.905355200732,
    -0.424655107713));
#9746 = DEFINITIONAL_REPRESENTATION('',(#9747),#9750);
#9747 = B_SPLINE_CURVE_WITH_KNOTS('',1,(#9748,#9749),.UNSPECIFIED.,.F.,
  .F.,(2,2),(0.,6.5),.PIECEWISE_BEZIER_KNOTS.);
#9748 = CARTESIAN_POINT('',(-0.112594411188,-3.355298403933));
#9749 = CARTESIAN_POINT('',(-0.112594411188,3.144701596067));
#9750 = ( GEOMETRIC_REPRESENTATION_CONTEXT(2) 
PARAMETRIC_REPRESENTATION_CONTEXT() REPRESENTATION_CONTEXT('2D SPACE',''
  ) );
#9751 = ORIENTED_EDGE('',*,*,#9704,.F.);
#9752 = ORIENTED_EDGE('',*,*,#622,.F.);
#9753 = ADVANCED_FACE('',(#9754),#9741,.T.);
#9754 = FACE_BOUND('',#9755,.T.);
#9755 = EDGE_LOOP('',(#9756,#9783,#9784));
#9756 = ORIENTED_EDGE('',*,*,#9757,.T.);
#9757 = EDGE_CURVE('',#9758,#9677,#9760,.T.);
#9758 = VERTEX_POINT('',#9759);
#9759 = CARTESIAN_POINT('',(-16.5,24.265024185181,314.74713134765));
#9760 = SURFACE_CURVE('',#9761,(#9765,#9772),.PCURVE_S1.);
#9761 = LINE('',#9762,#9763);
#9762 = CARTESIAN_POINT('',(-16.5,24.265024185181,314.74713134765));
#9763 = VECTOR('',#9764,1.);
#9764 = DIRECTION('',(0.,0.905355200732,0.424655107713));
#9765 = PCURVE('',#9741,#9766);
#9766 = DEFINITIONAL_REPRESENTATION('',(#9767),#9771);
#9767 = LINE('',#9768,#9769);
#9768 = CARTESIAN_POINT('',(0.323191219053,3.144701596067));
#9769 = VECTOR('',#9770,1.);
#9770 = DIRECTION('',(-1.,0.));
#9771 = ( GEOMETRIC_REPRESENTATION_CONTEXT(2) 
PARAMETRIC_REPRESENTATION_CONTEXT() REPRESENTATION_CONTEXT('2D SPACE',''
  ) );
#9772 = PCURVE('',#9773,#9778);
#9773 = PLANE('',#9774);
#9774 = AXIS2_PLACEMENT_3D('',#9775,#9776,#9777);
#9775 = CARTESIAN_POINT('',(-19.64470159606,24.366962120923,
    314.79494513946));
#9776 = DIRECTION('',(-3.080571561609E-19,0.424655107713,-0.905355200732
    ));
#9777 = DIRECTION('',(0.,-0.905355200732,-0.424655107713));
#9778 = DEFINITIONAL_REPRESENTATION('',(#9779),#9782);
#9779 = B_SPLINE_CURVE_WITH_KNOTS('',1,(#9780,#9781),.UNSPECIFIED.,.F.,
  .F.,(2,2),(0.,0.435785630241),.PIECEWISE_BEZIER_KNOTS.);
#9780 = CARTESIAN_POINT('',(0.112594411188,-3.144701596067));
#9781 = CARTESIAN_POINT('',(-0.323191219053,-3.144701596067));
#9782 = ( GEOMETRIC_REPRESENTATION_CONTEXT(2) 
PARAMETRIC_REPRESENTATION_CONTEXT() REPRESENTATION_CONTEXT('2D SPACE',''
  ) );
#9783 = ORIENTED_EDGE('',*,*,#9727,.F.);
#9784 = ORIENTED_EDGE('',*,*,#9785,.T.);
#9785 = EDGE_CURVE('',#539,#9758,#9786,.T.);
#9786 = SURFACE_CURVE('',#9787,(#9791,#9798),.PCURVE_S1.);
#9787 = LINE('',#9788,#9789);
#9788 = CARTESIAN_POINT('',(-10.,24.659564971924,314.9321899414));
#9789 = VECTOR('',#9790,1.);
#9790 = DIRECTION('',(-0.997760103092,-6.056262400844E-02,
    -2.840678178124E-02));
#9791 = PCURVE('',#9741,#9792);
#9792 = DEFINITIONAL_REPRESENTATION('',(#9793),#9797);
#9793 = LINE('',#9794,#9795);
#9794 = CARTESIAN_POINT('',(-0.112594411188,-3.355298403933));
#9795 = VECTOR('',#9796,1.);
#9796 = DIRECTION('',(6.689377159313E-02,0.997760103092));
#9797 = ( GEOMETRIC_REPRESENTATION_CONTEXT(2) 
PARAMETRIC_REPRESENTATION_CONTEXT() REPRESENTATION_CONTEXT('2D SPACE',''
  ) );
#9798 = PCURVE('',#580,#9799);
#9799 = DEFINITIONAL_REPRESENTATION('',(#9800),#9803);
#9800 = B_SPLINE_CURVE_WITH_KNOTS('',1,(#9801,#9802),.UNSPECIFIED.,.F.,
  .F.,(2,2),(0.,6.514592014511),.PIECEWISE_BEZIER_KNOTS.);
#9801 = CARTESIAN_POINT('',(-0.323191219053,-3.144701596067));
#9802 = CARTESIAN_POINT('',(0.112594411188,3.355298403933));
#9803 = ( GEOMETRIC_REPRESENTATION_CONTEXT(2) 
PARAMETRIC_REPRESENTATION_CONTEXT() REPRESENTATION_CONTEXT('2D SPACE',''
  ) );
#9804 = ADVANCED_FACE('',(#9805),#580,.T.);
#9805 = FACE_BOUND('',#9806,.T.);
#9806 = EDGE_LOOP('',(#9807,#9832,#9833));
#9807 = ORIENTED_EDGE('',*,*,#9808,.T.);
#9808 = EDGE_CURVE('',#484,#9758,#9809,.T.);
#9809 = SURFACE_CURVE('',#9810,(#9814,#9821),.PCURVE_S1.);
#9810 = LINE('',#9811,#9812);
#9811 = CARTESIAN_POINT('',(-10.,24.265024185181,314.74713134765));
#9812 = VECTOR('',#9813,1.);
#9813 = DIRECTION('',(-1.,0.,0.));
#9814 = PCURVE('',#580,#9815);
#9815 = DEFINITIONAL_REPRESENTATION('',(#9816),#9820);
#9816 = LINE('',#9817,#9818);
#9817 = CARTESIAN_POINT('',(0.112594411188,-3.144701596067));
#9818 = VECTOR('',#9819,1.);
#9819 = DIRECTION('',(0.,1.));
#9820 = ( GEOMETRIC_REPRESENTATION_CONTEXT(2) 
PARAMETRIC_REPRESENTATION_CONTEXT() REPRESENTATION_CONTEXT('2D SPACE',''
  ) );
#9821 = PCURVE('',#9822,#9827);
#9822 = PLANE('',#9823);
#9823 = AXIS2_PLACEMENT_3D('',#9824,#9825,#9826);
#9824 = CARTESIAN_POINT('',(-13.35529610354,24.156332946249,
    314.71775238031));
#9825 = DIRECTION('',(1.311893109894E-18,0.260933498774,-0.9653567782));
#9826 = DIRECTION('',(4.814824860968E-35,-0.9653567782,-0.260933498774)
  );
#9827 = DEFINITIONAL_REPRESENTATION('',(#9828),#9831);
#9828 = B_SPLINE_CURVE_WITH_KNOTS('',1,(#9829,#9830),.UNSPECIFIED.,.F.,
  .F.,(2,2),(0.,6.5),.PIECEWISE_BEZIER_KNOTS.);
#9829 = CARTESIAN_POINT('',(-0.112591780973,-3.355296103541));
#9830 = CARTESIAN_POINT('',(-0.112591780973,3.144703896459));
#9831 = ( GEOMETRIC_REPRESENTATION_CONTEXT(2) 
PARAMETRIC_REPRESENTATION_CONTEXT() REPRESENTATION_CONTEXT('2D SPACE',''
  ) );
#9832 = ORIENTED_EDGE('',*,*,#9785,.F.);
#9833 = ORIENTED_EDGE('',*,*,#566,.F.);
#9834 = ADVANCED_FACE('',(#9835),#9822,.T.);
#9835 = FACE_BOUND('',#9836,.T.);
#9836 = EDGE_LOOP('',(#9837,#9864,#9865));
#9837 = ORIENTED_EDGE('',*,*,#9838,.T.);
#9838 = EDGE_CURVE('',#9839,#9758,#9841,.T.);
#9839 = VERTEX_POINT('',#9840);
#9840 = CARTESIAN_POINT('',(-16.5,23.844345092773,314.63342285156));
#9841 = SURFACE_CURVE('',#9842,(#9846,#9853),.PCURVE_S1.);
#9842 = LINE('',#9843,#9844);
#9843 = CARTESIAN_POINT('',(-16.5,23.844345092773,314.63342285156));
#9844 = VECTOR('',#9845,1.);
#9845 = DIRECTION('',(0.,0.9653567782,0.260933498774));
#9846 = PCURVE('',#9822,#9847);
#9847 = DEFINITIONAL_REPRESENTATION('',(#9848),#9852);
#9848 = LINE('',#9849,#9850);
#9849 = CARTESIAN_POINT('',(0.323183988055,3.144703896459));
#9850 = VECTOR('',#9851,1.);
#9851 = DIRECTION('',(-1.,-4.814824860968E-35));
#9852 = ( GEOMETRIC_REPRESENTATION_CONTEXT(2) 
PARAMETRIC_REPRESENTATION_CONTEXT() REPRESENTATION_CONTEXT('2D SPACE',''
  ) );
#9853 = PCURVE('',#9854,#9859);
#9854 = PLANE('',#9855);
#9855 = AXIS2_PLACEMENT_3D('',#9856,#9857,#9858);
#9856 = CARTESIAN_POINT('',(-19.64470389645,23.953036331706,
    314.6628018189));
#9857 = DIRECTION('',(-4.23889338213E-19,0.260933498774,-0.9653567782));
#9858 = DIRECTION('',(0.,-0.9653567782,-0.260933498774));
#9859 = DEFINITIONAL_REPRESENTATION('',(#9860),#9863);
#9860 = B_SPLINE_CURVE_WITH_KNOTS('',1,(#9861,#9862),.UNSPECIFIED.,.F.,
  .F.,(2,2),(0.,0.435775769029),.PIECEWISE_BEZIER_KNOTS.);
#9861 = CARTESIAN_POINT('',(0.112591780973,-3.144703896459));
#9862 = CARTESIAN_POINT('',(-0.323183988055,-3.144703896459));
#9863 = ( GEOMETRIC_REPRESENTATION_CONTEXT(2) 
PARAMETRIC_REPRESENTATION_CONTEXT() REPRESENTATION_CONTEXT('2D SPACE',''
  ) );
#9864 = ORIENTED_EDGE('',*,*,#9808,.F.);
#9865 = ORIENTED_EDGE('',*,*,#9866,.T.);
#9866 = EDGE_CURVE('',#484,#9839,#9867,.T.);
#9867 = SURFACE_CURVE('',#9868,(#9872,#9879),.PCURVE_S1.);
#9868 = LINE('',#9869,#9870);
#9869 = CARTESIAN_POINT('',(-10.,24.265024185181,314.74713134765));
#9870 = VECTOR('',#9871,1.);
#9871 = DIRECTION('',(-0.997760204122,-6.457490109385E-02,
    -1.745443265737E-02));
#9872 = PCURVE('',#9822,#9873);
#9873 = DEFINITIONAL_REPRESENTATION('',(#9874),#9878);
#9874 = LINE('',#9875,#9876);
#9875 = CARTESIAN_POINT('',(-0.112591780973,-3.355296103541));
#9876 = VECTOR('',#9877,1.);
#9877 = DIRECTION('',(6.689226465498E-02,0.997760204122));
#9878 = ( GEOMETRIC_REPRESENTATION_CONTEXT(2) 
PARAMETRIC_REPRESENTATION_CONTEXT() REPRESENTATION_CONTEXT('2D SPACE',''
  ) );
#9879 = PCURVE('',#499,#9880);
#9880 = DEFINITIONAL_REPRESENTATION('',(#9881),#9884);
#9881 = B_SPLINE_CURVE_WITH_KNOTS('',1,(#9882,#9883),.UNSPECIFIED.,.F.,
  .F.,(2,2),(0.,6.514591354864),.PIECEWISE_BEZIER_KNOTS.);
#9882 = CARTESIAN_POINT('',(-0.323183988055,-3.144703896459));
#9883 = CARTESIAN_POINT('',(0.112591780973,3.355296103541));
#9884 = ( GEOMETRIC_REPRESENTATION_CONTEXT(2) 
PARAMETRIC_REPRESENTATION_CONTEXT() REPRESENTATION_CONTEXT('2D SPACE',''
  ) );
#9885 = ADVANCED_FACE('',(#9886),#499,.T.);
#9886 = FACE_BOUND('',#9887,.T.);
#9887 = EDGE_LOOP('',(#9888,#9908,#9909));
#9888 = ORIENTED_EDGE('',*,*,#9889,.T.);
#9889 = EDGE_CURVE('',#452,#9839,#9890,.T.);
#9890 = SURFACE_CURVE('',#9891,(#9895,#9902),.PCURVE_S1.);
#9891 = LINE('',#9892,#9893);
#9892 = CARTESIAN_POINT('',(-10.,23.844345092773,314.63342285156));
#9893 = VECTOR('',#9894,1.);
#9894 = DIRECTION('',(-1.,0.,0.));
#9895 = PCURVE('',#499,#9896);
#9896 = DEFINITIONAL_REPRESENTATION('',(#9897),#9901);
#9897 = LINE('',#9898,#9899);
#9898 = CARTESIAN_POINT('',(0.112591780973,-3.144703896459));
#9899 = VECTOR('',#9900,1.);
#9900 = DIRECTION('',(0.,1.));
#9901 = ( GEOMETRIC_REPRESENTATION_CONTEXT(2) 
PARAMETRIC_REPRESENTATION_CONTEXT() REPRESENTATION_CONTEXT('2D SPACE',''
  ) );
#9902 = PCURVE('',#472,#9903);
#9903 = DEFINITIONAL_REPRESENTATION('',(#9904),#9907);
#9904 = B_SPLINE_CURVE_WITH_KNOTS('',1,(#9905,#9906),.UNSPECIFIED.,.F.,
  .F.,(2,2),(0.,6.5),.PIECEWISE_BEZIER_KNOTS.);
#9905 = CARTESIAN_POINT('',(-0.11259279294,-3.144703011389));
#9906 = CARTESIAN_POINT('',(-0.11259279294,3.355296988611));
#9907 = ( GEOMETRIC_REPRESENTATION_CONTEXT(2) 
PARAMETRIC_REPRESENTATION_CONTEXT() REPRESENTATION_CONTEXT('2D SPACE',''
  ) );
#9908 = ORIENTED_EDGE('',*,*,#9866,.F.);
#9909 = ORIENTED_EDGE('',*,*,#483,.F.);
#9910 = ADVANCED_FACE('',(#9911),#472,.T.);
#9911 = FACE_BOUND('',#9912,.T.);
#9912 = EDGE_LOOP('',(#9913,#9938,#9939));
#9913 = ORIENTED_EDGE('',*,*,#9914,.T.);
#9914 = EDGE_CURVE('',#450,#9839,#9915,.T.);
#9915 = SURFACE_CURVE('',#9916,(#9920,#9927),.PCURVE_S1.);
#9916 = LINE('',#9917,#9918);
#9917 = CARTESIAN_POINT('',(-10.,23.410308837891,314.59448242187));
#9918 = VECTOR('',#9919,1.);
#9919 = DIRECTION('',(-0.997760165251,6.662524390721E-02,
    5.977416855377E-03));
#9920 = PCURVE('',#472,#9921);
#9921 = DEFINITIONAL_REPRESENTATION('',(#9922),#9926);
#9922 = LINE('',#9923,#9924);
#9923 = CARTESIAN_POINT('',(0.323186770161,-3.144703011389));
#9924 = VECTOR('',#9925,1.);
#9925 = DIRECTION('',(-6.689284444511E-02,0.997760165251));
#9926 = ( GEOMETRIC_REPRESENTATION_CONTEXT(2) 
PARAMETRIC_REPRESENTATION_CONTEXT() REPRESENTATION_CONTEXT('2D SPACE',''
  ) );
#9927 = PCURVE('',#9928,#9933);
#9928 = PLANE('',#9929);
#9929 = AXIS2_PLACEMENT_3D('',#9930,#9931,#9932);
#9930 = CARTESIAN_POINT('',(-16.5,23.518939559043,314.60422844403));
#9931 = DIRECTION('',(1.537914145918E-20,8.935809061433E-02,
    -0.995999564077));
#9932 = DIRECTION('',(-1.880790961316E-37,-0.995999564077,
    -8.935809061433E-02));
#9933 = DEFINITIONAL_REPRESENTATION('',(#9934),#9937);
#9934 = B_SPLINE_CURVE_WITH_KNOTS('',1,(#9935,#9936),.UNSPECIFIED.,.F.,
  .F.,(2,2),(0.,6.51459160866),.PIECEWISE_BEZIER_KNOTS.);
#9935 = CARTESIAN_POINT('',(0.109067036845,-6.5));
#9936 = CARTESIAN_POINT('',(-0.326712526257,0.));
#9937 = ( GEOMETRIC_REPRESENTATION_CONTEXT(2) 
PARAMETRIC_REPRESENTATION_CONTEXT() REPRESENTATION_CONTEXT('2D SPACE',''
  ) );
#9938 = ORIENTED_EDGE('',*,*,#9889,.F.);
#9939 = ORIENTED_EDGE('',*,*,#449,.F.);
#9940 = ADVANCED_FACE('',(#9941),#9928,.T.);
#9941 = FACE_BOUND('',#9942,.T.);
#9942 = EDGE_LOOP('',(#9943,#9944,#9966));
#9943 = ORIENTED_EDGE('',*,*,#9914,.F.);
#9944 = ORIENTED_EDGE('',*,*,#9945,.T.);
#9945 = EDGE_CURVE('',#450,#9946,#9948,.T.);
#9946 = VERTEX_POINT('',#9947);
#9947 = CARTESIAN_POINT('',(-23.,23.410308837891,314.59448242187));
#9948 = SURFACE_CURVE('',#9949,(#9953,#9960),.PCURVE_S1.);
#9949 = LINE('',#9950,#9951);
#9950 = CARTESIAN_POINT('',(-10.,23.410308837891,314.59448242187));
#9951 = VECTOR('',#9952,1.);
#9952 = DIRECTION('',(-1.,0.,0.));
#9953 = PCURVE('',#9928,#9954);
#9954 = DEFINITIONAL_REPRESENTATION('',(#9955),#9959);
#9955 = LINE('',#9956,#9957);
#9956 = CARTESIAN_POINT('',(0.109067036845,-6.5));
#9957 = VECTOR('',#9958,1.);
#9958 = DIRECTION('',(0.,1.));
#9959 = ( GEOMETRIC_REPRESENTATION_CONTEXT(2) 
PARAMETRIC_REPRESENTATION_CONTEXT() REPRESENTATION_CONTEXT('2D SPACE',''
  ) );
#9960 = PCURVE('',#5408,#9961);
#9961 = DEFINITIONAL_REPRESENTATION('',(#9962),#9965);
#9962 = B_SPLINE_CURVE_WITH_KNOTS('',1,(#9963,#9964),.UNSPECIFIED.,.F.,
  .F.,(2,2),(0.,13.),.PIECEWISE_BEZIER_KNOTS.);
#9963 = CARTESIAN_POINT('',(-1.619232704265,-5.419232945213));
#9964 = CARTESIAN_POINT('',(-1.619232704265,7.580767054787));
#9965 = ( GEOMETRIC_REPRESENTATION_CONTEXT(2) 
PARAMETRIC_REPRESENTATION_CONTEXT() REPRESENTATION_CONTEXT('2D SPACE',''
  ) );
#9966 = ORIENTED_EDGE('',*,*,#9967,.T.);
#9967 = EDGE_CURVE('',#9946,#9839,#9968,.T.);
#9968 = SURFACE_CURVE('',#9969,(#9973,#9980),.PCURVE_S1.);
#9969 = LINE('',#9970,#9971);
#9970 = CARTESIAN_POINT('',(-23.,23.410308837891,314.59448242187));
#9971 = VECTOR('',#9972,1.);
#9972 = DIRECTION('',(0.997760165251,6.662524390721E-02,
    5.977416855377E-03));
#9973 = PCURVE('',#9928,#9974);
#9974 = DEFINITIONAL_REPRESENTATION('',(#9975),#9979);
#9975 = LINE('',#9976,#9977);
#9976 = CARTESIAN_POINT('',(0.109067036845,6.5));
#9977 = VECTOR('',#9978,1.);
#9978 = DIRECTION('',(-6.689284444511E-02,-0.997760165251));
#9979 = ( GEOMETRIC_REPRESENTATION_CONTEXT(2) 
PARAMETRIC_REPRESENTATION_CONTEXT() REPRESENTATION_CONTEXT('2D SPACE',''
  ) );
#9980 = PCURVE('',#9981,#9986);
#9981 = PLANE('',#9982);
#9982 = AXIS2_PLACEMENT_3D('',#9983,#9984,#9985);
#9983 = CARTESIAN_POINT('',(-19.85529698861,23.732202720087,
    314.62336177456));
#9984 = DIRECTION('',(3.553678361142E-19,8.935809061433E-02,
    -0.995999564077));
#9985 = DIRECTION('',(0.,-0.995999564077,-8.935809061433E-02));
#9986 = DEFINITIONAL_REPRESENTATION('',(#9987),#9990);
#9987 = B_SPLINE_CURVE_WITH_KNOTS('',1,(#9988,#9989),.UNSPECIFIED.,.F.,
  .F.,(2,2),(0.,6.51459160866),.PIECEWISE_BEZIER_KNOTS.);
#9988 = CARTESIAN_POINT('',(0.323186770161,3.14470301139));
#9989 = CARTESIAN_POINT('',(-0.11259279294,-3.35529698861));
#9990 = ( GEOMETRIC_REPRESENTATION_CONTEXT(2) 
PARAMETRIC_REPRESENTATION_CONTEXT() REPRESENTATION_CONTEXT('2D SPACE',''
  ) );
#9991 = ADVANCED_FACE('',(#9992),#9981,.T.);
#9992 = FACE_BOUND('',#9993,.T.);
#9993 = EDGE_LOOP('',(#9994,#10016,#10017));
#9994 = ORIENTED_EDGE('',*,*,#9995,.T.);
#9995 = EDGE_CURVE('',#9996,#9839,#9998,.T.);
#9996 = VERTEX_POINT('',#9997);
#9997 = CARTESIAN_POINT('',(-23.,23.844345092773,314.63342285156));
#9998 = SURFACE_CURVE('',#9999,(#10003,#10010),.PCURVE_S1.);
#9999 = LINE('',#10000,#10001);
#10000 = CARTESIAN_POINT('',(-23.,23.844345092773,314.63342285156));
#10001 = VECTOR('',#10002,1.);
#10002 = DIRECTION('',(1.,0.,0.));
#10003 = PCURVE('',#9981,#10004);
#10004 = DEFINITIONAL_REPRESENTATION('',(#10005),#10009);
#10005 = LINE('',#10006,#10007);
#10006 = CARTESIAN_POINT('',(-0.11259279294,3.14470301139));
#10007 = VECTOR('',#10008,1.);
#10008 = DIRECTION('',(0.,-1.));
#10009 = ( GEOMETRIC_REPRESENTATION_CONTEXT(2) 
PARAMETRIC_REPRESENTATION_CONTEXT() REPRESENTATION_CONTEXT('2D SPACE',''
  ) );
#10010 = PCURVE('',#9854,#10011);
#10011 = DEFINITIONAL_REPRESENTATION('',(#10012),#10015);
#10012 = B_SPLINE_CURVE_WITH_KNOTS('',1,(#10013,#10014),.UNSPECIFIED.,
  .F.,.F.,(2,2),(0.,6.5),.PIECEWISE_BEZIER_KNOTS.);
#10013 = CARTESIAN_POINT('',(0.112591780973,3.355296103541));
#10014 = CARTESIAN_POINT('',(0.112591780973,-3.144703896459));
#10015 = ( GEOMETRIC_REPRESENTATION_CONTEXT(2) 
PARAMETRIC_REPRESENTATION_CONTEXT() REPRESENTATION_CONTEXT('2D SPACE',''
  ) );
#10016 = ORIENTED_EDGE('',*,*,#9967,.F.);
#10017 = ORIENTED_EDGE('',*,*,#10018,.T.);
#10018 = EDGE_CURVE('',#9946,#9996,#10019,.T.);
#10019 = SURFACE_CURVE('',#10020,(#10024,#10031),.PCURVE_S1.);
#10020 = LINE('',#10021,#10022);
#10021 = CARTESIAN_POINT('',(-23.,23.410308837891,314.59448242187));
#10022 = VECTOR('',#10023,1.);
#10023 = DIRECTION('',(0.,0.995999564077,8.935809061433E-02));
#10024 = PCURVE('',#9981,#10025);
#10025 = DEFINITIONAL_REPRESENTATION('',(#10026),#10030);
#10026 = LINE('',#10027,#10028);
#10027 = CARTESIAN_POINT('',(0.323186770161,3.14470301139));
#10028 = VECTOR('',#10029,1.);
#10029 = DIRECTION('',(-1.,0.));
#10030 = ( GEOMETRIC_REPRESENTATION_CONTEXT(2) 
PARAMETRIC_REPRESENTATION_CONTEXT() REPRESENTATION_CONTEXT('2D SPACE',''
  ) );
#10031 = PCURVE('',#10032,#10037);
#10032 = PLANE('',#10033);
#10033 = AXIS2_PLACEMENT_3D('',#10034,#10035,#10036);
#10034 = CARTESIAN_POINT('',(-23.,23.839338872894,314.6614429815));
#10035 = DIRECTION('',(-1.,-0.,-0.));
#10036 = DIRECTION('',(0.,0.,-1.));
#10037 = DEFINITIONAL_REPRESENTATION('',(#10038),#10041);
#10038 = B_SPLINE_CURVE_WITH_KNOTS('',1,(#10039,#10040),.UNSPECIFIED.,
  .F.,.F.,(2,2),(0.,0.435779563102),.PIECEWISE_BEZIER_KNOTS.);
#10039 = CARTESIAN_POINT('',(6.696055962925E-02,0.429030035003));
#10040 = CARTESIAN_POINT('',(2.802012994175E-02,-5.006219879686E-03));
#10041 = ( GEOMETRIC_REPRESENTATION_CONTEXT(2) 
PARAMETRIC_REPRESENTATION_CONTEXT() REPRESENTATION_CONTEXT('2D SPACE',''
  ) );
#10042 = ADVANCED_FACE('',(#10043),#9854,.T.);
#10043 = FACE_BOUND('',#10044,.T.);
#10044 = EDGE_LOOP('',(#10045,#10046,#10047));
#10045 = ORIENTED_EDGE('',*,*,#9838,.F.);
#10046 = ORIENTED_EDGE('',*,*,#9995,.F.);
#10047 = ORIENTED_EDGE('',*,*,#10048,.T.);
#10048 = EDGE_CURVE('',#9996,#9758,#10049,.T.);
#10049 = SURFACE_CURVE('',#10050,(#10054,#10061),.PCURVE_S1.);
#10050 = LINE('',#10051,#10052);
#10051 = CARTESIAN_POINT('',(-23.,23.844345092773,314.63342285156));
#10052 = VECTOR('',#10053,1.);
#10053 = DIRECTION('',(0.997760204122,6.457490109385E-02,
    1.745443265737E-02));
#10054 = PCURVE('',#9854,#10055);
#10055 = DEFINITIONAL_REPRESENTATION('',(#10056),#10060);
#10056 = LINE('',#10057,#10058);
#10057 = CARTESIAN_POINT('',(0.112591780973,3.355296103541));
#10058 = VECTOR('',#10059,1.);
#10059 = DIRECTION('',(-6.689226465498E-02,-0.997760204122));
#10060 = ( GEOMETRIC_REPRESENTATION_CONTEXT(2) 
PARAMETRIC_REPRESENTATION_CONTEXT() REPRESENTATION_CONTEXT('2D SPACE',''
  ) );
#10061 = PCURVE('',#10062,#10067);
#10062 = PLANE('',#10063);
#10063 = AXIS2_PLACEMENT_3D('',#10064,#10065,#10066);
#10064 = CARTESIAN_POINT('',(-19.85529610354,24.156332946249,
    314.71775238031));
#10065 = DIRECTION('',(4.78070465789E-18,0.260933498774,-0.9653567782));
#10066 = DIRECTION('',(0.,-0.9653567782,-0.260933498774));
#10067 = DEFINITIONAL_REPRESENTATION('',(#10068),#10071);
#10068 = B_SPLINE_CURVE_WITH_KNOTS('',1,(#10069,#10070),.UNSPECIFIED.,
  .F.,.F.,(2,2),(0.,6.514591354864),.PIECEWISE_BEZIER_KNOTS.);
#10069 = CARTESIAN_POINT('',(0.323183988055,3.144703896459));
#10070 = CARTESIAN_POINT('',(-0.112591780973,-3.355296103541));
#10071 = ( GEOMETRIC_REPRESENTATION_CONTEXT(2) 
PARAMETRIC_REPRESENTATION_CONTEXT() REPRESENTATION_CONTEXT('2D SPACE',''
  ) );
#10072 = ADVANCED_FACE('',(#10073),#10062,.T.);
#10073 = FACE_BOUND('',#10074,.T.);
#10074 = EDGE_LOOP('',(#10075,#10097,#10098));
#10075 = ORIENTED_EDGE('',*,*,#10076,.T.);
#10076 = EDGE_CURVE('',#10077,#9758,#10079,.T.);
#10077 = VERTEX_POINT('',#10078);
#10078 = CARTESIAN_POINT('',(-23.,24.265024185181,314.74713134765));
#10079 = SURFACE_CURVE('',#10080,(#10084,#10091),.PCURVE_S1.);
#10080 = LINE('',#10081,#10082);
#10081 = CARTESIAN_POINT('',(-23.,24.265024185181,314.74713134765));
#10082 = VECTOR('',#10083,1.);
#10083 = DIRECTION('',(1.,0.,0.));
#10084 = PCURVE('',#10062,#10085);
#10085 = DEFINITIONAL_REPRESENTATION('',(#10086),#10090);
#10086 = LINE('',#10087,#10088);
#10087 = CARTESIAN_POINT('',(-0.112591780973,3.144703896459));
#10088 = VECTOR('',#10089,1.);
#10089 = DIRECTION('',(0.,-1.));
#10090 = ( GEOMETRIC_REPRESENTATION_CONTEXT(2) 
PARAMETRIC_REPRESENTATION_CONTEXT() REPRESENTATION_CONTEXT('2D SPACE',''
  ) );
#10091 = PCURVE('',#9773,#10092);
#10092 = DEFINITIONAL_REPRESENTATION('',(#10093),#10096);
#10093 = B_SPLINE_CURVE_WITH_KNOTS('',1,(#10094,#10095),.UNSPECIFIED.,
  .F.,.F.,(2,2),(0.,6.5),.PIECEWISE_BEZIER_KNOTS.);
#10094 = CARTESIAN_POINT('',(0.112594411188,3.355298403933));
#10095 = CARTESIAN_POINT('',(0.112594411188,-3.144701596067));
#10096 = ( GEOMETRIC_REPRESENTATION_CONTEXT(2) 
PARAMETRIC_REPRESENTATION_CONTEXT() REPRESENTATION_CONTEXT('2D SPACE',''
  ) );
#10097 = ORIENTED_EDGE('',*,*,#10048,.F.);
#10098 = ORIENTED_EDGE('',*,*,#10099,.T.);
#10099 = EDGE_CURVE('',#9996,#10077,#10100,.T.);
#10100 = SURFACE_CURVE('',#10101,(#10105,#10112),.PCURVE_S1.);
#10101 = LINE('',#10102,#10103);
#10102 = CARTESIAN_POINT('',(-23.,23.844345092773,314.63342285156));
#10103 = VECTOR('',#10104,1.);
#10104 = DIRECTION('',(0.,0.9653567782,0.260933498774));
#10105 = PCURVE('',#10062,#10106);
#10106 = DEFINITIONAL_REPRESENTATION('',(#10107),#10111);
#10107 = LINE('',#10108,#10109);
#10108 = CARTESIAN_POINT('',(0.323183988055,3.144703896459));
#10109 = VECTOR('',#10110,1.);
#10110 = DIRECTION('',(-1.,-1.925929944387E-34));
#10111 = ( GEOMETRIC_REPRESENTATION_CONTEXT(2) 
PARAMETRIC_REPRESENTATION_CONTEXT() REPRESENTATION_CONTEXT('2D SPACE',''
  ) );
#10112 = PCURVE('',#10032,#10113);
#10113 = DEFINITIONAL_REPRESENTATION('',(#10114),#10117);
#10114 = B_SPLINE_CURVE_WITH_KNOTS('',1,(#10115,#10116),.UNSPECIFIED.,
  .F.,.F.,(2,2),(0.,0.435775769029),.PIECEWISE_BEZIER_KNOTS.);
#10115 = CARTESIAN_POINT('',(2.802012994175E-02,-5.006219879686E-03));
#10116 = CARTESIAN_POINT('',(-8.5688366152E-02,-0.425685312287));
#10117 = ( GEOMETRIC_REPRESENTATION_CONTEXT(2) 
PARAMETRIC_REPRESENTATION_CONTEXT() REPRESENTATION_CONTEXT('2D SPACE',''
  ) );
#10118 = ADVANCED_FACE('',(#10119),#9773,.T.);
#10119 = FACE_BOUND('',#10120,.T.);
#10120 = EDGE_LOOP('',(#10121,#10122,#10123));
#10121 = ORIENTED_EDGE('',*,*,#9757,.F.);
#10122 = ORIENTED_EDGE('',*,*,#10076,.F.);
#10123 = ORIENTED_EDGE('',*,*,#10124,.T.);
#10124 = EDGE_CURVE('',#10077,#9677,#10125,.T.);
#10125 = SURFACE_CURVE('',#10126,(#10130,#10137),.PCURVE_S1.);
#10126 = LINE('',#10127,#10128);
#10127 = CARTESIAN_POINT('',(-23.,24.265024185181,314.74713134765));
#10128 = VECTOR('',#10129,1.);
#10129 = DIRECTION('',(0.997760103092,6.056262400844E-02,
    2.840678178124E-02));
#10130 = PCURVE('',#9773,#10131);
#10131 = DEFINITIONAL_REPRESENTATION('',(#10132),#10136);
#10132 = LINE('',#10133,#10134);
#10133 = CARTESIAN_POINT('',(0.112594411188,3.355298403933));
#10134 = VECTOR('',#10135,1.);
#10135 = DIRECTION('',(-6.689377159313E-02,-0.997760103092));
#10136 = ( GEOMETRIC_REPRESENTATION_CONTEXT(2) 
PARAMETRIC_REPRESENTATION_CONTEXT() REPRESENTATION_CONTEXT('2D SPACE',''
  ) );
#10137 = PCURVE('',#10138,#10143);
#10138 = PLANE('',#10139);
#10139 = AXIS2_PLACEMENT_3D('',#10140,#10141,#10142);
#10140 = CARTESIAN_POINT('',(-19.85529840393,24.557627036181,
    314.88437614959));
#10141 = DIRECTION('',(1.426666836804E-18,0.424655107713,-0.905355200732
    ));
#10142 = DIRECTION('',(0.,-0.905355200732,-0.424655107713));
#10143 = DEFINITIONAL_REPRESENTATION('',(#10144),#10147);
#10144 = B_SPLINE_CURVE_WITH_KNOTS('',1,(#10145,#10146),.UNSPECIFIED.,
  .F.,.F.,(2,2),(0.,6.514592014511),.PIECEWISE_BEZIER_KNOTS.);
#10145 = CARTESIAN_POINT('',(0.323191219053,3.144701596067));
#10146 = CARTESIAN_POINT('',(-0.112594411188,-3.355298403933));
#10147 = ( GEOMETRIC_REPRESENTATION_CONTEXT(2) 
PARAMETRIC_REPRESENTATION_CONTEXT() REPRESENTATION_CONTEXT('2D SPACE',''
  ) );
#10148 = ADVANCED_FACE('',(#10149),#10138,.T.);
#10149 = FACE_BOUND('',#10150,.T.);
#10150 = EDGE_LOOP('',(#10151,#10173,#10174));
#10151 = ORIENTED_EDGE('',*,*,#10152,.T.);
#10152 = EDGE_CURVE('',#10153,#9677,#10155,.T.);
#10153 = VERTEX_POINT('',#10154);
#10154 = CARTESIAN_POINT('',(-23.,24.659564971924,314.9321899414));
#10155 = SURFACE_CURVE('',#10156,(#10160,#10167),.PCURVE_S1.);
#10156 = LINE('',#10157,#10158);
#10157 = CARTESIAN_POINT('',(-23.,24.659564971924,314.9321899414));
#10158 = VECTOR('',#10159,1.);
#10159 = DIRECTION('',(1.,0.,0.));
#10160 = PCURVE('',#10138,#10161);
#10161 = DEFINITIONAL_REPRESENTATION('',(#10162),#10166);
#10162 = LINE('',#10163,#10164);
#10163 = CARTESIAN_POINT('',(-0.112594411188,3.144701596067));
#10164 = VECTOR('',#10165,1.);
#10165 = DIRECTION('',(0.,-1.));
#10166 = ( GEOMETRIC_REPRESENTATION_CONTEXT(2) 
PARAMETRIC_REPRESENTATION_CONTEXT() REPRESENTATION_CONTEXT('2D SPACE',''
  ) );
#10167 = PCURVE('',#9692,#10168);
#10168 = DEFINITIONAL_REPRESENTATION('',(#10169),#10172);
#10169 = B_SPLINE_CURVE_WITH_KNOTS('',1,(#10170,#10171),.UNSPECIFIED.,
  .F.,.F.,(2,2),(0.,6.5),.PIECEWISE_BEZIER_KNOTS.);
#10170 = CARTESIAN_POINT('',(0.112591087057,3.355295496639));
#10171 = CARTESIAN_POINT('',(0.112591087057,-3.144704503361));
#10172 = ( GEOMETRIC_REPRESENTATION_CONTEXT(2) 
PARAMETRIC_REPRESENTATION_CONTEXT() REPRESENTATION_CONTEXT('2D SPACE',''
  ) );
#10173 = ORIENTED_EDGE('',*,*,#10124,.F.);
#10174 = ORIENTED_EDGE('',*,*,#10175,.T.);
#10175 = EDGE_CURVE('',#10077,#10153,#10176,.T.);
#10176 = SURFACE_CURVE('',#10177,(#10181,#10188),.PCURVE_S1.);
#10177 = LINE('',#10178,#10179);
#10178 = CARTESIAN_POINT('',(-23.,24.265024185181,314.74713134765));
#10179 = VECTOR('',#10180,1.);
#10180 = DIRECTION('',(0.,0.905355200732,0.424655107713));
#10181 = PCURVE('',#10138,#10182);
#10182 = DEFINITIONAL_REPRESENTATION('',(#10183),#10187);
#10183 = LINE('',#10184,#10185);
#10184 = CARTESIAN_POINT('',(0.323191219053,3.144701596067));
#10185 = VECTOR('',#10186,1.);
#10186 = DIRECTION('',(-1.,9.629649721936E-35));
#10187 = ( GEOMETRIC_REPRESENTATION_CONTEXT(2) 
PARAMETRIC_REPRESENTATION_CONTEXT() REPRESENTATION_CONTEXT('2D SPACE',''
  ) );
#10188 = PCURVE('',#10189,#10194);
#10189 = PLANE('',#10190);
#10190 = AXIS2_PLACEMENT_3D('',#10191,#10192,#10193);
#10191 = CARTESIAN_POINT('',(-23.,24.040694279656,314.7452167513));
#10192 = DIRECTION('',(-1.,3.436906405088E-26,-1.345013402763E-25));
#10193 = DIRECTION('',(1.345013402763E-25,0.,-1.));
#10194 = DEFINITIONAL_REPRESENTATION('',(#10195),#10198);
#10195 = B_SPLINE_CURVE_WITH_KNOTS('',1,(#10196,#10197),.UNSPECIFIED.,
  .F.,.F.,(2,2),(0.,0.435785630241),.PIECEWISE_BEZIER_KNOTS.);
#10196 = CARTESIAN_POINT('',(-1.914596355277E-03,-0.224329905524));
#10197 = CARTESIAN_POINT('',(-0.186973190105,-0.618870692268));
#10198 = ( GEOMETRIC_REPRESENTATION_CONTEXT(2) 
PARAMETRIC_REPRESENTATION_CONTEXT() REPRESENTATION_CONTEXT('2D SPACE',''
  ) );
#10199 = ADVANCED_FACE('',(#10200),#9692,.T.);
#10200 = FACE_BOUND('',#10201,.T.);
#10201 = EDGE_LOOP('',(#10202,#10203,#10204));
#10202 = ORIENTED_EDGE('',*,*,#9676,.F.);
#10203 = ORIENTED_EDGE('',*,*,#10152,.F.);
#10204 = ORIENTED_EDGE('',*,*,#10205,.T.);
#10205 = EDGE_CURVE('',#10153,#9596,#10206,.T.);
#10206 = SURFACE_CURVE('',#10207,(#10211,#10218),.PCURVE_S1.);
#10207 = LINE('',#10208,#10209);
#10208 = CARTESIAN_POINT('',(-23.,24.659564971924,314.9321899414));
#10209 = VECTOR('',#10210,1.);
#10210 = DIRECTION('',(0.997760230776,5.47102320051E-02,
    3.848782140199E-02));
#10211 = PCURVE('',#9692,#10212);
#10212 = DEFINITIONAL_REPRESENTATION('',(#10213),#10217);
#10213 = LINE('',#10214,#10215);
#10214 = CARTESIAN_POINT('',(0.112591087057,3.355295496639));
#10215 = VECTOR('',#10216,1.);
#10216 = DIRECTION('',(-6.689186708654E-02,-0.997760230776));
#10217 = ( GEOMETRIC_REPRESENTATION_CONTEXT(2) 
PARAMETRIC_REPRESENTATION_CONTEXT() REPRESENTATION_CONTEXT('2D SPACE',''
  ) );
#10218 = PCURVE('',#10219,#10224);
#10219 = PLANE('',#10220);
#10220 = AXIS2_PLACEMENT_3D('',#10221,#10222,#10223);
#10221 = CARTESIAN_POINT('',(-19.85529549663,24.923892570556,
    315.11814041236));
#10222 = DIRECTION('',(2.473098313317E-18,0.575373705031,-0.817890640342
    ));
#10223 = DIRECTION('',(1.925929944387E-34,-0.817890640342,
    -0.575373705031));
#10224 = DEFINITIONAL_REPRESENTATION('',(#10225),#10228);
#10225 = B_SPLINE_CURVE_WITH_KNOTS('',1,(#10226,#10227),.UNSPECIFIED.,
  .F.,.F.,(2,2),(0.,6.514591180835),.PIECEWISE_BEZIER_KNOTS.);
#10226 = CARTESIAN_POINT('',(0.323182080335,3.144704503361));
#10227 = CARTESIAN_POINT('',(-0.112591087057,-3.355295496639));
#10228 = ( GEOMETRIC_REPRESENTATION_CONTEXT(2) 
PARAMETRIC_REPRESENTATION_CONTEXT() REPRESENTATION_CONTEXT('2D SPACE',''
  ) );
#10229 = ADVANCED_FACE('',(#10230),#10219,.T.);
#10230 = FACE_BOUND('',#10231,.T.);
#10231 = EDGE_LOOP('',(#10232,#10254,#10255));
#10232 = ORIENTED_EDGE('',*,*,#10233,.T.);
#10233 = EDGE_CURVE('',#10234,#9596,#10236,.T.);
#10234 = VERTEX_POINT('',#10235);
#10235 = CARTESIAN_POINT('',(-23.,25.015979766846,315.18292236328));
#10236 = SURFACE_CURVE('',#10237,(#10241,#10248),.PCURVE_S1.);
#10237 = LINE('',#10238,#10239);
#10238 = CARTESIAN_POINT('',(-23.,25.015979766846,315.18292236328));
#10239 = VECTOR('',#10240,1.);
#10240 = DIRECTION('',(1.,0.,0.));
#10241 = PCURVE('',#10219,#10242);
#10242 = DEFINITIONAL_REPRESENTATION('',(#10243),#10247);
#10243 = LINE('',#10244,#10245);
#10244 = CARTESIAN_POINT('',(-0.112591087057,3.144704503361));
#10245 = VECTOR('',#10246,1.);
#10246 = DIRECTION('',(0.,-1.));
#10247 = ( GEOMETRIC_REPRESENTATION_CONTEXT(2) 
PARAMETRIC_REPRESENTATION_CONTEXT() REPRESENTATION_CONTEXT('2D SPACE',''
  ) );
#10248 = PCURVE('',#9611,#10249);
#10249 = DEFINITIONAL_REPRESENTATION('',(#10250),#10253);
#10250 = B_SPLINE_CURVE_WITH_KNOTS('',1,(#10251,#10252),.UNSPECIFIED.,
  .F.,.F.,(2,2),(0.,6.5),.PIECEWISE_BEZIER_KNOTS.);
#10251 = CARTESIAN_POINT('',(-0.112595233952,-3.355299123523));
#10252 = CARTESIAN_POINT('',(-0.112595233952,3.144700876477));
#10253 = ( GEOMETRIC_REPRESENTATION_CONTEXT(2) 
PARAMETRIC_REPRESENTATION_CONTEXT() REPRESENTATION_CONTEXT('2D SPACE',''
  ) );
#10254 = ORIENTED_EDGE('',*,*,#10205,.F.);
#10255 = ORIENTED_EDGE('',*,*,#10256,.T.);
#10256 = EDGE_CURVE('',#10153,#10234,#10257,.T.);
#10257 = SURFACE_CURVE('',#10258,(#10262,#10269),.PCURVE_S1.);
#10258 = LINE('',#10259,#10260);
#10259 = CARTESIAN_POINT('',(-23.,24.659564971924,314.9321899414));
#10260 = VECTOR('',#10261,1.);
#10261 = DIRECTION('',(0.,0.817890640342,0.575373705031));
#10262 = PCURVE('',#10219,#10263);
#10263 = DEFINITIONAL_REPRESENTATION('',(#10264),#10268);
#10264 = LINE('',#10265,#10266);
#10265 = CARTESIAN_POINT('',(0.323182080335,3.144704503361));
#10266 = VECTOR('',#10267,1.);
#10267 = DIRECTION('',(-1.,-5.777789833162E-34));
#10268 = ( GEOMETRIC_REPRESENTATION_CONTEXT(2) 
PARAMETRIC_REPRESENTATION_CONTEXT() REPRESENTATION_CONTEXT('2D SPACE',''
  ) );
#10269 = PCURVE('',#10270,#10275);
#10270 = PLANE('',#10271);
#10271 = AXIS2_PLACEMENT_3D('',#10272,#10273,#10274);
#10272 = CARTESIAN_POINT('',(-23.,24.225231175167,314.8629306232));
#10273 = DIRECTION('',(-1.,2.897230855041E-27,-8.542265187216E-27));
#10274 = DIRECTION('',(8.542265187216E-27,0.,-1.));
#10275 = DEFINITIONAL_REPRESENTATION('',(#10276),#10279);
#10276 = B_SPLINE_CURVE_WITH_KNOTS('',1,(#10277,#10278),.UNSPECIFIED.,
  .F.,.F.,(2,2),(0.,0.435773167392),.PIECEWISE_BEZIER_KNOTS.);
#10277 = CARTESIAN_POINT('',(-6.925931820018E-02,-0.434333796757));
#10278 = CARTESIAN_POINT('',(-0.319991740075,-0.790748591679));
#10279 = ( GEOMETRIC_REPRESENTATION_CONTEXT(2) 
PARAMETRIC_REPRESENTATION_CONTEXT() REPRESENTATION_CONTEXT('2D SPACE',''
  ) );
#10280 = ADVANCED_FACE('',(#10281),#9611,.T.);
#10281 = FACE_BOUND('',#10282,.T.);
#10282 = EDGE_LOOP('',(#10283,#10284,#10285));
#10283 = ORIENTED_EDGE('',*,*,#9595,.F.);
#10284 = ORIENTED_EDGE('',*,*,#10233,.F.);
#10285 = ORIENTED_EDGE('',*,*,#10286,.T.);
#10286 = EDGE_CURVE('',#10234,#9515,#10287,.T.);
#10287 = SURFACE_CURVE('',#10288,(#10292,#10299),.PCURVE_S1.);
#10288 = LINE('',#10289,#10290);
#10289 = CARTESIAN_POINT('',(-23.,25.015979766846,315.18292236328));
#10290 = VECTOR('',#10291,1.);
#10291 = DIRECTION('',(0.997760071488,4.719541410113E-02,
    4.74070947428E-02));
#10292 = PCURVE('',#9611,#10293);
#10293 = DEFINITIONAL_REPRESENTATION('',(#10294),#10298);
#10294 = LINE('',#10295,#10296);
#10295 = CARTESIAN_POINT('',(-0.112595233952,-3.355299123523));
#10296 = VECTOR('',#10297,1.);
#10297 = DIRECTION('',(6.689424298197E-02,0.997760071488));
#10298 = ( GEOMETRIC_REPRESENTATION_CONTEXT(2) 
PARAMETRIC_REPRESENTATION_CONTEXT() REPRESENTATION_CONTEXT('2D SPACE',''
  ) );
#10299 = PCURVE('',#10300,#10305);
#10300 = PLANE('',#10301);
#10301 = AXIS2_PLACEMENT_3D('',#10302,#10303,#10304);
#10302 = CARTESIAN_POINT('',(-19.85529912352,25.244000138862,
    315.41196545116));
#10303 = DIRECTION('',(-5.783767686375E-18,0.708687214766,
    -0.705522807304));
#10304 = DIRECTION('',(0.,0.705522807304,0.708687214766));
#10305 = DEFINITIONAL_REPRESENTATION('',(#10306),#10309);
#10306 = B_SPLINE_CURVE_WITH_KNOTS('',1,(#10307,#10308),.UNSPECIFIED.,
  .F.,.F.,(2,2),(0.,6.514592220859),.PIECEWISE_BEZIER_KNOTS.);
#10307 = CARTESIAN_POINT('',(-0.323193480998,-3.144700876477));
#10308 = CARTESIAN_POINT('',(0.112595233952,3.355299123523));
#10309 = ( GEOMETRIC_REPRESENTATION_CONTEXT(2) 
PARAMETRIC_REPRESENTATION_CONTEXT() REPRESENTATION_CONTEXT('2D SPACE',''
  ) );
#10310 = ADVANCED_FACE('',(#10311),#10300,.T.);
#10311 = FACE_BOUND('',#10312,.T.);
#10312 = EDGE_LOOP('',(#10313,#10335,#10336));
#10313 = ORIENTED_EDGE('',*,*,#10314,.T.);
#10314 = EDGE_CURVE('',#10315,#9515,#10317,.T.);
#10315 = VERTEX_POINT('',#10316);
#10316 = CARTESIAN_POINT('',(-23.,25.323438644409,315.4917602539));
#10317 = SURFACE_CURVE('',#10318,(#10322,#10329),.PCURVE_S1.);
#10318 = LINE('',#10319,#10320);
#10319 = CARTESIAN_POINT('',(-23.,25.323438644409,315.4917602539));
#10320 = VECTOR('',#10321,1.);
#10321 = DIRECTION('',(1.,0.,0.));
#10322 = PCURVE('',#10300,#10323);
#10323 = DEFINITIONAL_REPRESENTATION('',(#10324),#10328);
#10324 = LINE('',#10325,#10326);
#10325 = CARTESIAN_POINT('',(0.112595233952,-3.144700876477));
#10326 = VECTOR('',#10327,1.);
#10327 = DIRECTION('',(0.,1.));
#10328 = ( GEOMETRIC_REPRESENTATION_CONTEXT(2) 
PARAMETRIC_REPRESENTATION_CONTEXT() REPRESENTATION_CONTEXT('2D SPACE',''
  ) );
#10329 = PCURVE('',#9530,#10330);
#10330 = DEFINITIONAL_REPRESENTATION('',(#10331),#10334);
#10331 = B_SPLINE_CURVE_WITH_KNOTS('',1,(#10332,#10333),.UNSPECIFIED.,
  .F.,.F.,(2,2),(0.,6.5),.PIECEWISE_BEZIER_KNOTS.);
#10332 = CARTESIAN_POINT('',(-0.112590975563,-3.355295399126));
#10333 = CARTESIAN_POINT('',(-0.112590975563,3.144704600874));
#10334 = ( GEOMETRIC_REPRESENTATION_CONTEXT(2) 
PARAMETRIC_REPRESENTATION_CONTEXT() REPRESENTATION_CONTEXT('2D SPACE',''
  ) );
#10335 = ORIENTED_EDGE('',*,*,#10286,.F.);
#10336 = ORIENTED_EDGE('',*,*,#10337,.T.);
#10337 = EDGE_CURVE('',#10234,#10315,#10338,.T.);
#10338 = SURFACE_CURVE('',#10339,(#10343,#10350),.PCURVE_S1.);
#10339 = LINE('',#10340,#10341);
#10340 = CARTESIAN_POINT('',(-23.,25.015979766846,315.18292236328));
#10341 = VECTOR('',#10342,1.);
#10342 = DIRECTION('',(0.,0.705522807304,0.708687214766));
#10343 = PCURVE('',#10300,#10344);
#10344 = DEFINITIONAL_REPRESENTATION('',(#10345),#10349);
#10345 = LINE('',#10346,#10347);
#10346 = CARTESIAN_POINT('',(-0.323193480998,-3.144700876477));
#10347 = VECTOR('',#10348,1.);
#10348 = DIRECTION('',(1.,3.851859888774E-34));
#10349 = ( GEOMETRIC_REPRESENTATION_CONTEXT(2) 
PARAMETRIC_REPRESENTATION_CONTEXT() REPRESENTATION_CONTEXT('2D SPACE',''
  ) );
#10350 = PCURVE('',#10351,#10356);
#10351 = PLANE('',#10352);
#10352 = AXIS2_PLACEMENT_3D('',#10353,#10354,#10355);
#10353 = CARTESIAN_POINT('',(-23.,21.696912490245,314.97277536814));
#10354 = DIRECTION('',(-1.,-0.,-0.));
#10355 = DIRECTION('',(0.,0.,-1.));
#10356 = DEFINITIONAL_REPRESENTATION('',(#10357),#10360);
#10357 = B_SPLINE_CURVE_WITH_KNOTS('',1,(#10358,#10359),.UNSPECIFIED.,
  .F.,.F.,(2,2),(0.,0.435788714951),.PIECEWISE_BEZIER_KNOTS.);
#10358 = CARTESIAN_POINT('',(-0.210146995134,-3.3190672766));
#10359 = CARTESIAN_POINT('',(-0.518984885759,-3.626526154164));
#10360 = ( GEOMETRIC_REPRESENTATION_CONTEXT(2) 
PARAMETRIC_REPRESENTATION_CONTEXT() REPRESENTATION_CONTEXT('2D SPACE',''
  ) );
#10361 = ADVANCED_FACE('',(#10362),#9530,.T.);
#10362 = FACE_BOUND('',#10363,.T.);
#10363 = EDGE_LOOP('',(#10364,#10365,#10366));
#10364 = ORIENTED_EDGE('',*,*,#9514,.F.);
#10365 = ORIENTED_EDGE('',*,*,#10314,.F.);
#10366 = ORIENTED_EDGE('',*,*,#10367,.T.);
#10367 = EDGE_CURVE('',#10315,#9434,#10368,.T.);
#10368 = SURFACE_CURVE('',#10369,(#10373,#10380),.PCURVE_S1.);
#10369 = LINE('',#10370,#10371);
#10370 = CARTESIAN_POINT('',(-23.,25.323438644409,315.4917602539));
#10371 = VECTOR('',#10372,1.);
#10372 = DIRECTION('',(0.997760235058,3.824686278897E-02,
    5.487887410658E-02));
#10373 = PCURVE('',#9530,#10374);
#10374 = DEFINITIONAL_REPRESENTATION('',(#10375),#10379);
#10375 = LINE('',#10376,#10377);
#10376 = CARTESIAN_POINT('',(-0.112590975563,-3.355295399126));
#10377 = VECTOR('',#10378,1.);
#10378 = DIRECTION('',(6.68918032079E-02,0.997760235058));
#10379 = ( GEOMETRIC_REPRESENTATION_CONTEXT(2) 
PARAMETRIC_REPRESENTATION_CONTEXT() REPRESENTATION_CONTEXT('2D SPACE',''
  ) );
#10380 = PCURVE('',#10381,#10386);
#10381 = PLANE('',#10382);
#10382 = AXIS2_PLACEMENT_3D('',#10383,#10384,#10385);
#10383 = CARTESIAN_POINT('',(-19.85529539912,25.50822494656,
    315.75690263351));
#10384 = DIRECTION('',(3.380564651243E-18,0.820412538978,-0.571772040142
    ));
#10385 = DIRECTION('',(0.,0.571772040142,0.820412538978));
#10386 = DEFINITIONAL_REPRESENTATION('',(#10387),#10390);
#10387 = B_SPLINE_CURVE_WITH_KNOTS('',1,(#10388,#10389),.UNSPECIFIED.,
  .F.,.F.,(2,2),(0.,6.514591152874),.PIECEWISE_BEZIER_KNOTS.);
#10388 = CARTESIAN_POINT('',(-0.323181773815,-3.144704600874));
#10389 = CARTESIAN_POINT('',(0.112590975563,3.355295399126));
#10390 = ( GEOMETRIC_REPRESENTATION_CONTEXT(2) 
PARAMETRIC_REPRESENTATION_CONTEXT() REPRESENTATION_CONTEXT('2D SPACE',''
  ) );
#10391 = ADVANCED_FACE('',(#10392),#10381,.T.);
#10392 = FACE_BOUND('',#10393,.T.);
#10393 = EDGE_LOOP('',(#10394,#10416,#10417));
#10394 = ORIENTED_EDGE('',*,*,#10395,.T.);
#10395 = EDGE_CURVE('',#10396,#9434,#10398,.T.);
#10396 = VERTEX_POINT('',#10397);
#10397 = CARTESIAN_POINT('',(-23.,25.572601318359,315.84927368164));
#10398 = SURFACE_CURVE('',#10399,(#10403,#10410),.PCURVE_S1.);
#10399 = LINE('',#10400,#10401);
#10400 = CARTESIAN_POINT('',(-23.,25.572601318359,315.84927368164));
#10401 = VECTOR('',#10402,1.);
#10402 = DIRECTION('',(1.,0.,0.));
#10403 = PCURVE('',#10381,#10404);
#10404 = DEFINITIONAL_REPRESENTATION('',(#10405),#10409);
#10405 = LINE('',#10406,#10407);
#10406 = CARTESIAN_POINT('',(0.112590975563,-3.144704600874));
#10407 = VECTOR('',#10408,1.);
#10408 = DIRECTION('',(0.,1.));
#10409 = ( GEOMETRIC_REPRESENTATION_CONTEXT(2) 
PARAMETRIC_REPRESENTATION_CONTEXT() REPRESENTATION_CONTEXT('2D SPACE',''
  ) );
#10410 = PCURVE('',#9449,#10411);
#10411 = DEFINITIONAL_REPRESENTATION('',(#10412),#10415);
#10412 = B_SPLINE_CURVE_WITH_KNOTS('',1,(#10413,#10414),.UNSPECIFIED.,
  .F.,.F.,(2,2),(0.,6.5),.PIECEWISE_BEZIER_KNOTS.);
#10413 = CARTESIAN_POINT('',(-0.112592188788,-3.355296460217));
#10414 = CARTESIAN_POINT('',(-0.112592188788,3.144703539783));
#10415 = ( GEOMETRIC_REPRESENTATION_CONTEXT(2) 
PARAMETRIC_REPRESENTATION_CONTEXT() REPRESENTATION_CONTEXT('2D SPACE',''
  ) );
#10416 = ORIENTED_EDGE('',*,*,#10367,.F.);
#10417 = ORIENTED_EDGE('',*,*,#10418,.T.);
#10418 = EDGE_CURVE('',#10315,#10396,#10419,.T.);
#10419 = SURFACE_CURVE('',#10420,(#10424,#10431),.PCURVE_S1.);
#10420 = LINE('',#10421,#10422);
#10421 = CARTESIAN_POINT('',(-23.,25.323438644409,315.4917602539));
#10422 = VECTOR('',#10423,1.);
#10423 = DIRECTION('',(0.,0.571772040142,0.820412538978));
#10424 = PCURVE('',#10381,#10425);
#10425 = DEFINITIONAL_REPRESENTATION('',(#10426),#10430);
#10426 = LINE('',#10427,#10428);
#10427 = CARTESIAN_POINT('',(-0.323181773815,-3.144704600874));
#10428 = VECTOR('',#10429,1.);
#10429 = DIRECTION('',(1.,5.777789833162E-34));
#10430 = ( GEOMETRIC_REPRESENTATION_CONTEXT(2) 
PARAMETRIC_REPRESENTATION_CONTEXT() REPRESENTATION_CONTEXT('2D SPACE',''
  ) );
#10431 = PCURVE('',#10432,#10437);
#10432 = PLANE('',#10433);
#10433 = AXIS2_PLACEMENT_3D('',#10434,#10435,#10436);
#10434 = CARTESIAN_POINT('',(-23.,21.835108489962,315.14356193472));
#10435 = DIRECTION('',(-1.,-0.,-0.));
#10436 = DIRECTION('',(0.,0.,-1.));
#10437 = DEFINITIONAL_REPRESENTATION('',(#10438),#10441);
#10438 = B_SPLINE_CURVE_WITH_KNOTS('',1,(#10439,#10440),.UNSPECIFIED.,
  .F.,.F.,(2,2),(0.,0.435772749378),.PIECEWISE_BEZIER_KNOTS.);
#10439 = CARTESIAN_POINT('',(-0.348198319183,-3.488330154447));
#10440 = CARTESIAN_POINT('',(-0.705711746917,-3.737492828397));
#10441 = ( GEOMETRIC_REPRESENTATION_CONTEXT(2) 
PARAMETRIC_REPRESENTATION_CONTEXT() REPRESENTATION_CONTEXT('2D SPACE',''
  ) );
#10442 = ADVANCED_FACE('',(#10443),#9449,.T.);
#10443 = FACE_BOUND('',#10444,.T.);
#10444 = EDGE_LOOP('',(#10445,#10446,#10447));
#10445 = ORIENTED_EDGE('',*,*,#9433,.F.);
#10446 = ORIENTED_EDGE('',*,*,#10395,.F.);
#10447 = ORIENTED_EDGE('',*,*,#10448,.T.);
#10448 = EDGE_CURVE('',#10396,#9353,#10449,.T.);
#10449 = SURFACE_CURVE('',#10450,(#10454,#10461),.PCURVE_S1.);
#10450 = LINE('',#10451,#10452);
#10451 = CARTESIAN_POINT('',(-23.,25.572601318359,315.84927368164));
#10452 = VECTOR('',#10453,1.);
#10453 = DIRECTION('',(0.997760188457,2.813566900118E-02,
    6.068764667905E-02));
#10454 = PCURVE('',#9449,#10455);
#10455 = DEFINITIONAL_REPRESENTATION('',(#10456),#10460);
#10456 = LINE('',#10457,#10458);
#10457 = CARTESIAN_POINT('',(-0.112592188788,-3.355296460217));
#10458 = VECTOR('',#10459,1.);
#10459 = DIRECTION('',(6.689249830575E-02,0.997760188457));
#10460 = ( GEOMETRIC_REPRESENTATION_CONTEXT(2) 
PARAMETRIC_REPRESENTATION_CONTEXT() REPRESENTATION_CONTEXT('2D SPACE',''
  ) );
#10461 = PCURVE('',#10462,#10467);
#10462 = PLANE('',#10463);
#10463 = AXIS2_PLACEMENT_3D('',#10464,#10465,#10466);
#10464 = CARTESIAN_POINT('',(-19.85529646021,25.708536281016,
    316.14248060644));
#10465 = DIRECTION('',(-2.427907612406E-19,0.907241442854,
    -0.420610228558));
#10466 = DIRECTION('',(1.203706215242E-35,0.420610228558,0.907241442854)
  );
#10467 = DEFINITIONAL_REPRESENTATION('',(#10468),#10471);
#10468 = B_SPLINE_CURVE_WITH_KNOTS('',1,(#10469,#10470),.UNSPECIFIED.,
  .F.,.F.,(2,2),(0.,6.514591457141),.PIECEWISE_BEZIER_KNOTS.);
#10469 = CARTESIAN_POINT('',(-0.323185109222,-3.144703539783));
#10470 = CARTESIAN_POINT('',(0.112592188788,3.355296460217));
#10471 = ( GEOMETRIC_REPRESENTATION_CONTEXT(2) 
PARAMETRIC_REPRESENTATION_CONTEXT() REPRESENTATION_CONTEXT('2D SPACE',''
  ) );
#10472 = ADVANCED_FACE('',(#10473),#10462,.T.);
#10473 = FACE_BOUND('',#10474,.T.);
#10474 = EDGE_LOOP('',(#10475,#10497,#10498));
#10475 = ORIENTED_EDGE('',*,*,#10476,.T.);
#10476 = EDGE_CURVE('',#10477,#9353,#10479,.T.);
#10477 = VERTEX_POINT('',#10478);
#10478 = CARTESIAN_POINT('',(-23.,25.755893707275,316.24462890625));
#10479 = SURFACE_CURVE('',#10480,(#10484,#10491),.PCURVE_S1.);
#10480 = LINE('',#10481,#10482);
#10481 = CARTESIAN_POINT('',(-23.,25.755893707275,316.24462890625));
#10482 = VECTOR('',#10483,1.);
#10483 = DIRECTION('',(1.,0.,0.));
#10484 = PCURVE('',#10462,#10485);
#10485 = DEFINITIONAL_REPRESENTATION('',(#10486),#10490);
#10486 = LINE('',#10487,#10488);
#10487 = CARTESIAN_POINT('',(0.112592188788,-3.144703539783));
#10488 = VECTOR('',#10489,1.);
#10489 = DIRECTION('',(0.,1.));
#10490 = ( GEOMETRIC_REPRESENTATION_CONTEXT(2) 
PARAMETRIC_REPRESENTATION_CONTEXT() REPRESENTATION_CONTEXT('2D SPACE',''
  ) );
#10491 = PCURVE('',#9368,#10492);
#10492 = DEFINITIONAL_REPRESENTATION('',(#10493),#10496);
#10493 = B_SPLINE_CURVE_WITH_KNOTS('',1,(#10494,#10495),.UNSPECIFIED.,
  .F.,.F.,(2,2),(0.,6.5),.PIECEWISE_BEZIER_KNOTS.);
#10494 = CARTESIAN_POINT('',(-0.112591206685,-3.355295601266));
#10495 = CARTESIAN_POINT('',(-0.112591206685,3.144704398734));
#10496 = ( GEOMETRIC_REPRESENTATION_CONTEXT(2) 
PARAMETRIC_REPRESENTATION_CONTEXT() REPRESENTATION_CONTEXT('2D SPACE',''
  ) );
#10497 = ORIENTED_EDGE('',*,*,#10448,.F.);
#10498 = ORIENTED_EDGE('',*,*,#10499,.T.);
#10499 = EDGE_CURVE('',#10396,#10477,#10500,.T.);
#10500 = SURFACE_CURVE('',#10501,(#10505,#10512),.PCURVE_S1.);
#10501 = LINE('',#10502,#10503);
#10502 = CARTESIAN_POINT('',(-23.,25.572601318359,315.84927368164));
#10503 = VECTOR('',#10504,1.);
#10504 = DIRECTION('',(0.,0.420610228558,0.907241442854));
#10505 = PCURVE('',#10462,#10506);
#10506 = DEFINITIONAL_REPRESENTATION('',(#10507),#10511);
#10507 = LINE('',#10508,#10509);
#10508 = CARTESIAN_POINT('',(-0.323185109222,-3.144703539783));
#10509 = VECTOR('',#10510,1.);
#10510 = DIRECTION('',(1.,-2.407412430484E-35));
#10511 = ( GEOMETRIC_REPRESENTATION_CONTEXT(2) 
PARAMETRIC_REPRESENTATION_CONTEXT() REPRESENTATION_CONTEXT('2D SPACE',''
  ) );
#10512 = PCURVE('',#10513,#10518);
#10513 = PLANE('',#10514);
#10514 = AXIS2_PLACEMENT_3D('',#10515,#10516,#10517);
#10515 = CARTESIAN_POINT('',(-23.,21.94207886054,315.33621477125));
#10516 = DIRECTION('',(-1.,-0.,-0.));
#10517 = DIRECTION('',(0.,0.,-1.));
#10518 = DEFINITIONAL_REPRESENTATION('',(#10519),#10522);
#10519 = B_SPLINE_CURVE_WITH_KNOTS('',1,(#10520,#10521),.UNSPECIFIED.,
  .F.,.F.,(2,2),(0.,0.43577729801),.PIECEWISE_BEZIER_KNOTS.);
#10520 = CARTESIAN_POINT('',(-0.513058910383,-3.630522457819));
#10521 = CARTESIAN_POINT('',(-0.908414134992,-3.813814846735));
#10522 = ( GEOMETRIC_REPRESENTATION_CONTEXT(2) 
PARAMETRIC_REPRESENTATION_CONTEXT() REPRESENTATION_CONTEXT('2D SPACE',''
  ) );
#10523 = ADVANCED_FACE('',(#10524),#9368,.T.);
#10524 = FACE_BOUND('',#10525,.T.);
#10525 = EDGE_LOOP('',(#10526,#10527,#10528));
#10526 = ORIENTED_EDGE('',*,*,#9352,.F.);
#10527 = ORIENTED_EDGE('',*,*,#10476,.F.);
#10528 = ORIENTED_EDGE('',*,*,#10529,.T.);
#10529 = EDGE_CURVE('',#10477,#9272,#10530,.T.);
#10530 = SURFACE_CURVE('',#10531,(#10535,#10542),.PCURVE_S1.);
#10531 = LINE('',#10532,#10533);
#10532 = CARTESIAN_POINT('',(-23.,25.755893707275,316.24462890625));
#10533 = VECTOR('',#10534,1.);
#10534 = DIRECTION('',(0.997760226181,1.717014267683E-02,
    6.465073280462E-02));
#10535 = PCURVE('',#9368,#10536);
#10536 = DEFINITIONAL_REPRESENTATION('',(#10537),#10541);
#10537 = LINE('',#10538,#10539);
#10538 = CARTESIAN_POINT('',(-0.112591206685,-3.355295601266));
#10539 = VECTOR('',#10540,1.);
#10540 = DIRECTION('',(6.689193562543E-02,0.997760226181));
#10541 = ( GEOMETRIC_REPRESENTATION_CONTEXT(2) 
PARAMETRIC_REPRESENTATION_CONTEXT() REPRESENTATION_CONTEXT('2D SPACE',''
  ) );
#10542 = PCURVE('',#10543,#10548);
#10543 = PLANE('',#10544);
#10544 = AXIS2_PLACEMENT_3D('',#10545,#10546,#10547);
#10545 = CARTESIAN_POINT('',(-19.85529560126,25.838849717219,
    316.55698314432));
#10546 = DIRECTION('',(7.580225876607E-18,0.966495171655,-0.25668479341)
  );
#10547 = DIRECTION('',(-3.851859888774E-34,0.25668479341,0.966495171655)
  );
#10548 = DEFINITIONAL_REPRESENTATION('',(#10549),#10552);
#10549 = B_SPLINE_CURVE_WITH_KNOTS('',1,(#10550,#10551),.UNSPECIFIED.,
  .F.,.F.,(2,2),(0.,6.514591210837),.PIECEWISE_BEZIER_KNOTS.);
#10550 = CARTESIAN_POINT('',(-0.323182409217,-3.144704398734));
#10551 = CARTESIAN_POINT('',(0.112591206685,3.355295601266));
#10552 = ( GEOMETRIC_REPRESENTATION_CONTEXT(2) 
PARAMETRIC_REPRESENTATION_CONTEXT() REPRESENTATION_CONTEXT('2D SPACE',''
  ) );
#10553 = ADVANCED_FACE('',(#10554),#10543,.T.);
#10554 = FACE_BOUND('',#10555,.T.);
#10555 = EDGE_LOOP('',(#10556,#10578,#10579));
#10556 = ORIENTED_EDGE('',*,*,#10557,.T.);
#10557 = EDGE_CURVE('',#10558,#9272,#10560,.T.);
#10558 = VERTEX_POINT('',#10559);
#10559 = CARTESIAN_POINT('',(-23.,25.867750167847,316.66580200195));
#10560 = SURFACE_CURVE('',#10561,(#10565,#10572),.PCURVE_S1.);
#10561 = LINE('',#10562,#10563);
#10562 = CARTESIAN_POINT('',(-23.,25.867750167847,316.66580200195));
#10563 = VECTOR('',#10564,1.);
#10564 = DIRECTION('',(1.,0.,0.));
#10565 = PCURVE('',#10543,#10566);
#10566 = DEFINITIONAL_REPRESENTATION('',(#10567),#10571);
#10567 = LINE('',#10568,#10569);
#10568 = CARTESIAN_POINT('',(0.112591206685,-3.144704398734));
#10569 = VECTOR('',#10570,1.);
#10570 = DIRECTION('',(0.,1.));
#10571 = ( GEOMETRIC_REPRESENTATION_CONTEXT(2) 
PARAMETRIC_REPRESENTATION_CONTEXT() REPRESENTATION_CONTEXT('2D SPACE',''
  ) );
#10572 = PCURVE('',#9287,#10573);
#10573 = DEFINITIONAL_REPRESENTATION('',(#10574),#10577);
#10574 = B_SPLINE_CURVE_WITH_KNOTS('',1,(#10575,#10576),.UNSPECIFIED.,
  .F.,.F.,(2,2),(0.,6.5),.PIECEWISE_BEZIER_KNOTS.);
#10575 = CARTESIAN_POINT('',(-0.112592742316,-3.144703055666));
#10576 = CARTESIAN_POINT('',(-0.112592742316,3.355296944334));
#10577 = ( GEOMETRIC_REPRESENTATION_CONTEXT(2) 
PARAMETRIC_REPRESENTATION_CONTEXT() REPRESENTATION_CONTEXT('2D SPACE',''
  ) );
#10578 = ORIENTED_EDGE('',*,*,#10529,.F.);
#10579 = ORIENTED_EDGE('',*,*,#10580,.T.);
#10580 = EDGE_CURVE('',#10477,#10558,#10581,.T.);
#10581 = SURFACE_CURVE('',#10582,(#10586,#10593),.PCURVE_S1.);
#10582 = LINE('',#10583,#10584);
#10583 = CARTESIAN_POINT('',(-23.,25.755893707275,316.24462890625));
#10584 = VECTOR('',#10585,1.);
#10585 = DIRECTION('',(0.,0.25668479341,0.966495171655));
#10586 = PCURVE('',#10543,#10587);
#10587 = DEFINITIONAL_REPRESENTATION('',(#10588),#10592);
#10588 = LINE('',#10589,#10590);
#10589 = CARTESIAN_POINT('',(-0.323182409217,-3.144704398734));
#10590 = VECTOR('',#10591,1.);
#10591 = DIRECTION('',(1.,1.925929944387E-33));
#10592 = ( GEOMETRIC_REPRESENTATION_CONTEXT(2) 
PARAMETRIC_REPRESENTATION_CONTEXT() REPRESENTATION_CONTEXT('2D SPACE',''
  ) );
#10593 = PCURVE('',#10594,#10599);
#10594 = PLANE('',#10595);
#10595 = AXIS2_PLACEMENT_3D('',#10596,#10597,#10598);
#10596 = CARTESIAN_POINT('',(-23.,22.008963603686,317.49098036351));
#10597 = DIRECTION('',(-1.,-2.446572415792E-27,-8.99253714841E-27));
#10598 = DIRECTION('',(8.99253714841E-27,0.,-1.));
#10599 = DEFINITIONAL_REPRESENTATION('',(#10600),#10603);
#10600 = B_SPLINE_CURVE_WITH_KNOTS('',1,(#10601,#10602),.UNSPECIFIED.,
  .F.,.F.,(2,2),(0.,0.435773615901),.PIECEWISE_BEZIER_KNOTS.);
#10601 = CARTESIAN_POINT('',(1.246351457267,-3.74693010359));
#10602 = CARTESIAN_POINT('',(0.825178361564,-3.858786564161));
#10603 = ( GEOMETRIC_REPRESENTATION_CONTEXT(2) 
PARAMETRIC_REPRESENTATION_CONTEXT() REPRESENTATION_CONTEXT('2D SPACE',''
  ) );
#10604 = ADVANCED_FACE('',(#10605),#9287,.T.);
#10605 = FACE_BOUND('',#10606,.T.);
#10606 = EDGE_LOOP('',(#10607,#10608,#10609));
#10607 = ORIENTED_EDGE('',*,*,#9271,.F.);
#10608 = ORIENTED_EDGE('',*,*,#10557,.F.);
#10609 = ORIENTED_EDGE('',*,*,#10610,.T.);
#10610 = EDGE_CURVE('',#10558,#9167,#10611,.T.);
#10611 = SURFACE_CURVE('',#10612,(#10616,#10623),.PCURVE_S1.);
#10612 = LINE('',#10613,#10614);
#10613 = CARTESIAN_POINT('',(-23.,25.867750167847,316.66580200195));
#10614 = VECTOR('',#10615,1.);
#10615 = DIRECTION('',(0.,8.495062383025E-02,0.996385162229));
#10616 = PCURVE('',#9287,#10617);
#10617 = DEFINITIONAL_REPRESENTATION('',(#10618),#10622);
#10618 = LINE('',#10619,#10620);
#10619 = CARTESIAN_POINT('',(-0.112592742316,-3.144703055666));
#10620 = VECTOR('',#10621,1.);
#10621 = DIRECTION('',(1.,-6.01853107621E-36));
#10622 = ( GEOMETRIC_REPRESENTATION_CONTEXT(2) 
PARAMETRIC_REPRESENTATION_CONTEXT() REPRESENTATION_CONTEXT('2D SPACE',''
  ) );
#10623 = PCURVE('',#10624,#10629);
#10624 = PLANE('',#10625);
#10625 = AXIS2_PLACEMENT_3D('',#10626,#10627,#10628);
#10626 = CARTESIAN_POINT('',(-23.,22.047494722261,317.71000486413));
#10627 = DIRECTION('',(-1.,-3.555181818592E-28,-1.648031796784E-27));
#10628 = DIRECTION('',(1.648031796784E-27,0.,-1.));
#10629 = DEFINITIONAL_REPRESENTATION('',(#10630),#10633);
#10630 = B_SPLINE_CURVE_WITH_KNOTS('',1,(#10631,#10632),.UNSPECIFIED.,
  .F.,.F.,(2,2),(0.,0.435779373301),.PIECEWISE_BEZIER_KNOTS.);
#10631 = CARTESIAN_POINT('',(1.044202862178,-3.820255445585));
#10632 = CARTESIAN_POINT('',(0.609998760616,-3.8572751752));
#10633 = ( GEOMETRIC_REPRESENTATION_CONTEXT(2) 
PARAMETRIC_REPRESENTATION_CONTEXT() REPRESENTATION_CONTEXT('2D SPACE',''
  ) );
#10634 = ADVANCED_FACE('',(#10635),#5408,.T.);
#10635 = FACE_BOUND('',#10636,.T.);
#10636 = EDGE_LOOP('',(#10637,#10638,#10639));
#10637 = ORIENTED_EDGE('',*,*,#9945,.F.);
#10638 = ORIENTED_EDGE('',*,*,#5394,.F.);
#10639 = ORIENTED_EDGE('',*,*,#10640,.T.);
#10640 = EDGE_CURVE('',#5368,#9946,#10641,.T.);
#10641 = SURFACE_CURVE('',#10642,(#10646,#10653),.PCURVE_S1.);
#10642 = LINE('',#10643,#10644);
#10643 = CARTESIAN_POINT('',(-10.,18.010322570801,314.58251953125));
#10644 = VECTOR('',#10645,1.);
#10645 = DIRECTION('',(-0.923496728365,0.383605357759,8.498223349209E-04
    ));
#10646 = PCURVE('',#5408,#10647);
#10647 = DEFINITIONAL_REPRESENTATION('',(#10648),#10652);
#10648 = LINE('',#10649,#10650);
#10649 = CARTESIAN_POINT('',(3.780766813838,-5.419232945213));
#10650 = VECTOR('',#10651,1.);
#10651 = DIRECTION('',(-0.383606299088,0.923496728365));
#10652 = ( GEOMETRIC_REPRESENTATION_CONTEXT(2) 
PARAMETRIC_REPRESENTATION_CONTEXT() REPRESENTATION_CONTEXT('2D SPACE',''
  ) );
#10653 = PCURVE('',#10654,#10659);
#10654 = PLANE('',#10655);
#10655 = AXIS2_PLACEMENT_3D('',#10656,#10657,#10658);
#10656 = CARTESIAN_POINT('',(-17.58076705478,19.629551301644,
    314.58610669892));
#10657 = DIRECTION('',(1.285372646021E-19,2.215350313439E-03,
    -0.999997546108));
#10658 = DIRECTION('',(0.,-0.999997546108,-2.215350313439E-03));
#10659 = DEFINITIONAL_REPRESENTATION('',(#10660),#10663);
#10660 = B_SPLINE_CURVE_WITH_KNOTS('',1,(#10661,#10662),.UNSPECIFIED.,
  .F.,.F.,(2,2),(0.,14.076931298955),.PIECEWISE_BEZIER_KNOTS.);
#10661 = CARTESIAN_POINT('',(1.619232704265,-7.580767054787));
#10662 = CARTESIAN_POINT('',(-3.780766813838,5.419232945213));
#10663 = ( GEOMETRIC_REPRESENTATION_CONTEXT(2) 
PARAMETRIC_REPRESENTATION_CONTEXT() REPRESENTATION_CONTEXT('2D SPACE',''
  ) );
#10664 = ADVANCED_FACE('',(#10665),#10654,.T.);
#10665 = FACE_BOUND('',#10666,.T.);
#10666 = EDGE_LOOP('',(#10667,#10694,#10695));
#10667 = ORIENTED_EDGE('',*,*,#10668,.T.);
#10668 = EDGE_CURVE('',#10669,#9946,#10671,.T.);
#10669 = VERTEX_POINT('',#10670);
#10670 = CARTESIAN_POINT('',(-23.,18.010322570801,314.58251953125));
#10671 = SURFACE_CURVE('',#10672,(#10676,#10683),.PCURVE_S1.);
#10672 = LINE('',#10673,#10674);
#10673 = CARTESIAN_POINT('',(-23.,18.010322570801,314.58251953125));
#10674 = VECTOR('',#10675,1.);
#10675 = DIRECTION('',(0.,0.999997546108,2.215350313439E-03));
#10676 = PCURVE('',#10654,#10677);
#10677 = DEFINITIONAL_REPRESENTATION('',(#10678),#10682);
#10678 = LINE('',#10679,#10680);
#10679 = CARTESIAN_POINT('',(1.619232704265,5.419232945213));
#10680 = VECTOR('',#10681,1.);
#10681 = DIRECTION('',(-1.,4.701977403289E-38));
#10682 = ( GEOMETRIC_REPRESENTATION_CONTEXT(2) 
PARAMETRIC_REPRESENTATION_CONTEXT() REPRESENTATION_CONTEXT('2D SPACE',''
  ) );
#10683 = PCURVE('',#10684,#10689);
#10684 = PLANE('',#10685);
#10685 = AXIS2_PLACEMENT_3D('',#10686,#10687,#10688);
#10686 = CARTESIAN_POINT('',(-23.,21.533088753229,314.7710944697));
#10687 = DIRECTION('',(-1.,-0.,-0.));
#10688 = DIRECTION('',(0.,0.,-1.));
#10689 = DEFINITIONAL_REPRESENTATION('',(#10690),#10693);
#10690 = B_SPLINE_CURVE_WITH_KNOTS('',1,(#10691,#10692),.UNSPECIFIED.,
  .F.,.F.,(2,2),(0.,5.399999518103),.PIECEWISE_BEZIER_KNOTS.);
#10691 = CARTESIAN_POINT('',(0.188574938456,3.522766182428));
#10692 = CARTESIAN_POINT('',(0.176612047831,-1.877220084662));
#10693 = ( GEOMETRIC_REPRESENTATION_CONTEXT(2) 
PARAMETRIC_REPRESENTATION_CONTEXT() REPRESENTATION_CONTEXT('2D SPACE',''
  ) );
#10694 = ORIENTED_EDGE('',*,*,#10640,.F.);
#10695 = ORIENTED_EDGE('',*,*,#10696,.T.);
#10696 = EDGE_CURVE('',#5368,#10669,#10697,.T.);
#10697 = SURFACE_CURVE('',#10698,(#10702,#10709),.PCURVE_S1.);
#10698 = LINE('',#10699,#10700);
#10699 = CARTESIAN_POINT('',(-10.,18.010322570801,314.58251953125));
#10700 = VECTOR('',#10701,1.);
#10701 = DIRECTION('',(-1.,0.,0.));
#10702 = PCURVE('',#10654,#10703);
#10703 = DEFINITIONAL_REPRESENTATION('',(#10704),#10708);
#10704 = LINE('',#10705,#10706);
#10705 = CARTESIAN_POINT('',(1.619232704265,-7.580767054787));
#10706 = VECTOR('',#10707,1.);
#10707 = DIRECTION('',(0.,1.));
#10708 = ( GEOMETRIC_REPRESENTATION_CONTEXT(2) 
PARAMETRIC_REPRESENTATION_CONTEXT() REPRESENTATION_CONTEXT('2D SPACE',''
  ) );
#10709 = PCURVE('',#5463,#10710);
#10710 = DEFINITIONAL_REPRESENTATION('',(#10711),#10714);
#10711 = B_SPLINE_CURVE_WITH_KNOTS('',1,(#10712,#10713),.UNSPECIFIED.,
  .F.,.F.,(2,2),(0.,13.),.PIECEWISE_BEZIER_KNOTS.);
#10712 = CARTESIAN_POINT('',(1.150370797358,5.650365897879));
#10713 = CARTESIAN_POINT('',(1.150370797358,-7.349634102121));
#10714 = ( GEOMETRIC_REPRESENTATION_CONTEXT(2) 
PARAMETRIC_REPRESENTATION_CONTEXT() REPRESENTATION_CONTEXT('2D SPACE',''
  ) );
#10715 = ADVANCED_FACE('',(#10716),#8159,.T.);
#10716 = FACE_BOUND('',#10717,.T.);
#10717 = EDGE_LOOP('',(#10718,#10719,#10720));
#10718 = ORIENTED_EDGE('',*,*,#8143,.F.);
#10719 = ORIENTED_EDGE('',*,*,#8224,.F.);
#10720 = ORIENTED_EDGE('',*,*,#10721,.T.);
#10721 = EDGE_CURVE('',#8225,#8088,#10722,.T.);
#10722 = SURFACE_CURVE('',#10723,(#10727,#10734),.PCURVE_S1.);
#10723 = LINE('',#10724,#10725);
#10724 = CARTESIAN_POINT('',(-18.04549789428,23.975412368774,
    349.91717529296));
#10725 = VECTOR('',#10726,1.);
#10726 = DIRECTION('',(7.055110465162E-02,-0.989217936874,0.128337114658
    ));
#10727 = PCURVE('',#8159,#10728);
#10728 = DEFINITIONAL_REPRESENTATION('',(#10729),#10733);
#10729 = LINE('',#10730,#10731);
#10730 = CARTESIAN_POINT('',(5.307750784491E-02,-0.318102810927));
#10731 = VECTOR('',#10732,1.);
#10732 = DIRECTION('',(-0.146450888457,0.98921794225));
#10733 = ( GEOMETRIC_REPRESENTATION_CONTEXT(2) 
PARAMETRIC_REPRESENTATION_CONTEXT() REPRESENTATION_CONTEXT('2D SPACE',''
  ) );
#10734 = PCURVE('',#8316,#10735);
#10735 = DEFINITIONAL_REPRESENTATION('',(#10736),#10739);
#10736 = B_SPLINE_CURVE_WITH_KNOTS('',1,(#10737,#10738),.UNSPECIFIED.,
  .F.,.F.,(2,2),(0.,0.644892727219),.PIECEWISE_BEZIER_KNOTS.);
#10737 = CARTESIAN_POINT('',(1.133616972186E-03,-0.165263249761));
#10738 = CARTESIAN_POINT('',(-9.331130903348E-02,0.472676234495));
#10739 = ( GEOMETRIC_REPRESENTATION_CONTEXT(2) 
PARAMETRIC_REPRESENTATION_CONTEXT() REPRESENTATION_CONTEXT('2D SPACE',''
  ) );
#10740 = ADVANCED_FACE('',(#10741),#8316,.T.);
#10741 = FACE_BOUND('',#10742,.T.);
#10742 = EDGE_LOOP('',(#10743,#10768,#10769));
#10743 = ORIENTED_EDGE('',*,*,#10744,.T.);
#10744 = EDGE_CURVE('',#8301,#8088,#10745,.T.);
#10745 = SURFACE_CURVE('',#10746,(#10750,#10757),.PCURVE_S1.);
#10746 = LINE('',#10747,#10748);
#10747 = CARTESIAN_POINT('',(-18.10089492797,24.276941299438,
    349.81671142578));
#10748 = VECTOR('',#10749,1.);
#10749 = DIRECTION('',(0.104828914201,-0.97609912185,0.190371749666));
#10750 = PCURVE('',#8316,#10751);
#10751 = DEFINITIONAL_REPRESENTATION('',(#10752),#10756);
#10752 = LINE('',#10753,#10754);
#10753 = CARTESIAN_POINT('',(0.115858553575,-0.466792195139));
#10754 = VECTOR('',#10755,1.);
#10755 = DIRECTION('',(-0.217325588315,0.976099169482));
#10756 = ( GEOMETRIC_REPRESENTATION_CONTEXT(2) 
PARAMETRIC_REPRESENTATION_CONTEXT() REPRESENTATION_CONTEXT('2D SPACE',''
  ) );
#10757 = PCURVE('',#10758,#10763);
#10758 = PLANE('',#10759);
#10759 = AXIS2_PLACEMENT_3D('',#10760,#10761,#10762);
#10760 = CARTESIAN_POINT('',(-18.11263962813,-0.166362701945,
    349.79574935801));
#10761 = DIRECTION('',(-0.875958383994,7.202229390788E-06,0.482386680432
    ));
#10762 = DIRECTION('',(-0.482386680445,0.,-0.875958384017));
#10763 = DEFINITIONAL_REPRESENTATION('',(#10764),#10767);
#10764 = B_SPLINE_CURVE_WITH_KNOTS('',1,(#10765,#10766),.UNSPECIFIED.,
  .F.,.F.,(2,2),(0.,0.962472317369),.PIECEWISE_BEZIER_KNOTS.);
#10765 = CARTESIAN_POINT('',(-2.402738592577E-02,-24.44330400201));
#10766 = CARTESIAN_POINT('',(-0.233197454332,-23.5038356182));
#10767 = ( GEOMETRIC_REPRESENTATION_CONTEXT(2) 
PARAMETRIC_REPRESENTATION_CONTEXT() REPRESENTATION_CONTEXT('2D SPACE',''
  ) );
#10768 = ORIENTED_EDGE('',*,*,#10721,.F.);
#10769 = ORIENTED_EDGE('',*,*,#8300,.F.);
#10770 = ADVANCED_FACE('',(#10771),#10758,.T.);
#10771 = FACE_BOUND('',#10772,.T.);
#10772 = EDGE_LOOP('',(#10773,#10793,#10794));
#10773 = ORIENTED_EDGE('',*,*,#10774,.T.);
#10774 = EDGE_CURVE('',#7713,#8088,#10775,.T.);
#10775 = SURFACE_CURVE('',#10776,(#10780,#10787),.PCURVE_S1.);
#10776 = LINE('',#10777,#10778);
#10777 = CARTESIAN_POINT('',(-18.17557907104,-24.62093162536,
    349.68182373046));
#10778 = VECTOR('',#10779,1.);
#10779 = DIRECTION('',(3.660964822305E-03,0.999971300188,
    6.632958447468E-03));
#10780 = PCURVE('',#10758,#10781);
#10781 = DEFINITIONAL_REPRESENTATION('',(#10782),#10786);
#10782 = LINE('',#10783,#10784);
#10783 = CARTESIAN_POINT('',(0.13015525754,24.454568924055));
#10784 = VECTOR('',#10785,1.);
#10785 = DIRECTION('',(-7.576196230752E-03,-0.999971300213));
#10786 = ( GEOMETRIC_REPRESENTATION_CONTEXT(2) 
PARAMETRIC_REPRESENTATION_CONTEXT() REPRESENTATION_CONTEXT('2D SPACE',''
  ) );
#10787 = PCURVE('',#7784,#10788);
#10788 = DEFINITIONAL_REPRESENTATION('',(#10789),#10792);
#10789 = B_SPLINE_CURVE_WITH_KNOTS('',1,(#10790,#10791),.UNSPECIFIED.,
  .F.,.F.,(2,2),(0.,47.959780977734),.PIECEWISE_BEZIER_KNOTS.);
#10790 = CARTESIAN_POINT('',(0.219825433536,23.96934260565));
#10791 = CARTESIAN_POINT('',(-0.1435271655,-23.98906193746));
#10792 = ( GEOMETRIC_REPRESENTATION_CONTEXT(2) 
PARAMETRIC_REPRESENTATION_CONTEXT() REPRESENTATION_CONTEXT('2D SPACE',''
  ) );
#10793 = ORIENTED_EDGE('',*,*,#10744,.F.);
#10794 = ORIENTED_EDGE('',*,*,#10795,.T.);
#10795 = EDGE_CURVE('',#8301,#7713,#10796,.T.);
#10796 = SURFACE_CURVE('',#10797,(#10801,#10808),.PCURVE_S1.);
#10797 = LINE('',#10798,#10799);
#10798 = CARTESIAN_POINT('',(-18.10089492797,24.276941299438,
    349.81671142578));
#10799 = VECTOR('',#10800,1.);
#10800 = DIRECTION('',(-1.527341933921E-03,-0.999995028813,
    -2.75854585675E-03));
#10801 = PCURVE('',#10758,#10802);
#10802 = DEFINITIONAL_REPRESENTATION('',(#10803),#10807);
#10803 = LINE('',#10804,#10805);
#10804 = CARTESIAN_POINT('',(-2.402738592577E-02,-24.44330400201));
#10805 = VECTOR('',#10806,1.);
#10806 = DIRECTION('',(3.153140776323E-03,0.999995028839));
#10807 = ( GEOMETRIC_REPRESENTATION_CONTEXT(2) 
PARAMETRIC_REPRESENTATION_CONTEXT() REPRESENTATION_CONTEXT('2D SPACE',''
  ) );
#10808 = PCURVE('',#8397,#10809);
#10809 = DEFINITIONAL_REPRESENTATION('',(#10810),#10813);
#10810 = B_SPLINE_CURVE_WITH_KNOTS('',1,(#10811,#10812),.UNSPECIFIED.,
  .F.,.F.,(2,2),(0.,48.898116006467),.PIECEWISE_BEZIER_KNOTS.);
#10811 = CARTESIAN_POINT('',(-0.115994440882,-24.29738125832));
#10812 = CARTESIAN_POINT('',(3.818860165108E-02,24.600491666486));
#10813 = ( GEOMETRIC_REPRESENTATION_CONTEXT(2) 
PARAMETRIC_REPRESENTATION_CONTEXT() REPRESENTATION_CONTEXT('2D SPACE',''
  ) );
#10814 = ADVANCED_FACE('',(#10815),#8397,.T.);
#10815 = FACE_BOUND('',#10816,.T.);
#10816 = EDGE_LOOP('',(#10817,#10837,#10838));
#10817 = ORIENTED_EDGE('',*,*,#10818,.T.);
#10818 = EDGE_CURVE('',#8382,#7713,#10819,.T.);
#10819 = SURFACE_CURVE('',#10820,(#10824,#10831),.PCURVE_S1.);
#10820 = LINE('',#10821,#10822);
#10821 = CARTESIAN_POINT('',(-18.17626953125,24.5601978302,
    349.6805114746));
#10822 = VECTOR('',#10823,1.);
#10823 = DIRECTION('',(1.40391286741E-05,-0.999999999545,
    2.668210090547E-05));
#10824 = PCURVE('',#8397,#10825);
#10825 = DEFINITIONAL_REPRESENTATION('',(#10826),#10830);
#10826 = LINE('',#10827,#10828);
#10827 = CARTESIAN_POINT('',(3.96710900414E-02,-24.58063778909));
#10828 = VECTOR('',#10829,1.);
#10829 = DIRECTION('',(-3.014343928369E-05,0.999999999546));
#10830 = ( GEOMETRIC_REPRESENTATION_CONTEXT(2) 
PARAMETRIC_REPRESENTATION_CONTEXT() REPRESENTATION_CONTEXT('2D SPACE',''
  ) );
#10831 = PCURVE('',#7728,#10832);
#10832 = DEFINITIONAL_REPRESENTATION('',(#10833),#10836);
#10833 = B_SPLINE_CURVE_WITH_KNOTS('',1,(#10834,#10835),.UNSPECIFIED.,
  .F.,.F.,(2,2),(0.,49.18112947792),.PIECEWISE_BEZIER_KNOTS.);
#10834 = CARTESIAN_POINT('',(-4.724579190791E-02,-24.73574085437));
#10835 = CARTESIAN_POINT('',(-4.872821152797E-02,24.445388601203));
#10836 = ( GEOMETRIC_REPRESENTATION_CONTEXT(2) 
PARAMETRIC_REPRESENTATION_CONTEXT() REPRESENTATION_CONTEXT('2D SPACE',''
  ) );
#10837 = ORIENTED_EDGE('',*,*,#10795,.F.);
#10838 = ORIENTED_EDGE('',*,*,#8381,.F.);
#10839 = ADVANCED_FACE('',(#10840),#7728,.T.);
#10840 = FACE_BOUND('',#10841,.T.);
#10841 = EDGE_LOOP('',(#10842,#10843,#10844));
#10842 = ORIENTED_EDGE('',*,*,#7712,.F.);
#10843 = ORIENTED_EDGE('',*,*,#10818,.F.);
#10844 = ORIENTED_EDGE('',*,*,#10845,.T.);
#10845 = EDGE_CURVE('',#8382,#7632,#10846,.T.);
#10846 = SURFACE_CURVE('',#10847,(#10851,#10858),.PCURVE_S1.);
#10847 = LINE('',#10848,#10849);
#10848 = CARTESIAN_POINT('',(-18.17626953125,24.5601978302,
    349.6805114746));
#10849 = VECTOR('',#10850,1.);
#10850 = DIRECTION('',(-1.862107943202E-03,-0.999992665837,
    -3.346763658918E-03));
#10851 = PCURVE('',#7728,#10852);
#10852 = DEFINITIONAL_REPRESENTATION('',(#10853),#10857);
#10853 = LINE('',#10854,#10855);
#10854 = CARTESIAN_POINT('',(-4.724579190791E-02,-24.73574085437));
#10855 = VECTOR('',#10856,1.);
#10856 = DIRECTION('',(3.829918078991E-03,0.999992665837));
#10857 = ( GEOMETRIC_REPRESENTATION_CONTEXT(2) 
PARAMETRIC_REPRESENTATION_CONTEXT() REPRESENTATION_CONTEXT('2D SPACE',''
  ) );
#10858 = PCURVE('',#8453,#10859);
#10859 = DEFINITIONAL_REPRESENTATION('',(#10860),#10863);
#10860 = B_SPLINE_CURVE_WITH_KNOTS('',1,(#10861,#10862),.UNSPECIFIED.,
  .F.,.F.,(2,2),(0.,49.44069120413),.PIECEWISE_BEZIER_KNOTS.);
#10861 = CARTESIAN_POINT('',(-0.142571106947,-24.5746334275));
#10862 = CARTESIAN_POINT('',(4.678269251591E-02,24.86569517052));
#10863 = ( GEOMETRIC_REPRESENTATION_CONTEXT(2) 
PARAMETRIC_REPRESENTATION_CONTEXT() REPRESENTATION_CONTEXT('2D SPACE',''
  ) );
#10864 = ADVANCED_FACE('',(#10865),#8453,.T.);
#10865 = FACE_BOUND('',#10866,.T.);
#10866 = EDGE_LOOP('',(#10867,#10887,#10888));
#10867 = ORIENTED_EDGE('',*,*,#10868,.T.);
#10868 = EDGE_CURVE('',#8438,#7632,#10869,.T.);
#10869 = SURFACE_CURVE('',#10870,(#10874,#10881),.PCURVE_S1.);
#10870 = LINE('',#10871,#10872);
#10871 = CARTESIAN_POINT('',(-18.26945114135,24.819906234741,
    349.51300048828));
#10872 = VECTOR('',#10873,1.);
#10873 = DIRECTION('',(2.248904357037E-05,-0.999999998901,
    4.114036639494E-05));
#10874 = PCURVE('',#8453,#10875);
#10875 = DEFINITIONAL_REPRESENTATION('',(#10876),#10880);
#10876 = LINE('',#10877,#10878);
#10877 = CARTESIAN_POINT('',(4.911285952587E-02,-24.83434183204));
#10878 = VECTOR('',#10879,1.);
#10879 = DIRECTION('',(-4.688461312966E-05,0.999999998901));
#10880 = ( GEOMETRIC_REPRESENTATION_CONTEXT(2) 
PARAMETRIC_REPRESENTATION_CONTEXT() REPRESENTATION_CONTEXT('2D SPACE',''
  ) );
#10881 = PCURVE('',#7647,#10882);
#10882 = DEFINITIONAL_REPRESENTATION('',(#10883),#10886);
#10883 = B_SPLINE_CURVE_WITH_KNOTS('',1,(#10884,#10885),.UNSPECIFIED.,
  .F.,.F.,(2,2),(0.,49.700037057191),.PIECEWISE_BEZIER_KNOTS.);
#10884 = CARTESIAN_POINT('',(-5.485603393343E-02,-24.98902345962));
#10885 = CARTESIAN_POINT('',(-5.718615206534E-02,24.711013542948));
#10886 = ( GEOMETRIC_REPRESENTATION_CONTEXT(2) 
PARAMETRIC_REPRESENTATION_CONTEXT() REPRESENTATION_CONTEXT('2D SPACE',''
  ) );
#10887 = ORIENTED_EDGE('',*,*,#10845,.F.);
#10888 = ORIENTED_EDGE('',*,*,#8437,.F.);
#10889 = ADVANCED_FACE('',(#10890),#7647,.T.);
#10890 = FACE_BOUND('',#10891,.T.);
#10891 = EDGE_LOOP('',(#10892,#10893,#10894));
#10892 = ORIENTED_EDGE('',*,*,#7631,.F.);
#10893 = ORIENTED_EDGE('',*,*,#10868,.F.);
#10894 = ORIENTED_EDGE('',*,*,#10895,.T.);
#10895 = EDGE_CURVE('',#8438,#7556,#10896,.T.);
#10896 = SURFACE_CURVE('',#10897,(#10901,#10908),.PCURVE_S1.);
#10897 = LINE('',#10898,#10899);
#10898 = CARTESIAN_POINT('',(-18.26945114135,24.819906234741,
    349.51300048828));
#10899 = VECTOR('',#10900,1.);
#10900 = DIRECTION('',(-2.156694269511E-03,-0.999990247815,
    -3.853951773168E-03));
#10901 = PCURVE('',#7647,#10902);
#10902 = DEFINITIONAL_REPRESENTATION('',(#10903),#10907);
#10903 = LINE('',#10904,#10905);
#10904 = CARTESIAN_POINT('',(-5.485603393343E-02,-24.98902345962));
#10905 = VECTOR('',#10906,1.);
#10906 = DIRECTION('',(4.416364367888E-03,0.999990247815));
#10907 = ( GEOMETRIC_REPRESENTATION_CONTEXT(2) 
PARAMETRIC_REPRESENTATION_CONTEXT() REPRESENTATION_CONTEXT('2D SPACE',''
  ) );
#10908 = PCURVE('',#8534,#10909);
#10909 = DEFINITIONAL_REPRESENTATION('',(#10910),#10913);
#10910 = B_SPLINE_CURVE_WITH_KNOTS('',1,(#10911,#10912),.UNSPECIFIED.,
  .F.,.F.,(2,2),(0.,49.934160825805),.PIECEWISE_BEZIER_KNOTS.);
#10911 = CARTESIAN_POINT('',(-0.166115487914,-24.82768276814));
#10912 = CARTESIAN_POINT('',(5.44119599515E-02,25.10599109051));
#10913 = ( GEOMETRIC_REPRESENTATION_CONTEXT(2) 
PARAMETRIC_REPRESENTATION_CONTEXT() REPRESENTATION_CONTEXT('2D SPACE',''
  ) );
#10914 = ADVANCED_FACE('',(#10915),#8534,.T.);
#10915 = FACE_BOUND('',#10916,.T.);
#10916 = EDGE_LOOP('',(#10917,#10937,#10938));
#10917 = ORIENTED_EDGE('',*,*,#10918,.T.);
#10918 = EDGE_CURVE('',#8519,#7556,#10919,.T.);
#10919 = SURFACE_CURVE('',#10920,(#10924,#10931),.PCURVE_S1.);
#10920 = LINE('',#10921,#10922);
#10921 = CARTESIAN_POINT('',(-18.37861251831,25.053598403931,
    349.31787109375));
#10922 = VECTOR('',#10923,1.);
#10923 = DIRECTION('',(2.927517549391E-05,-0.999999998139,
    5.353174947458E-05));
#10924 = PCURVE('',#8534,#10925);
#10925 = DEFINITIONAL_REPRESENTATION('',(#10926),#10930);
#10926 = LINE('',#10927,#10928);
#10927 = CARTESIAN_POINT('',(5.747272024685E-02,-25.06137493733));
#10928 = VECTOR('',#10929,1.);
#10929 = DIRECTION('',(-6.101098247732E-05,0.999999998139));
#10930 = ( GEOMETRIC_REPRESENTATION_CONTEXT(2) 
PARAMETRIC_REPRESENTATION_CONTEXT() REPRESENTATION_CONTEXT('2D SPACE',''
  ) );
#10931 = PCURVE('',#8615,#10932);
#10932 = DEFINITIONAL_REPRESENTATION('',(#10933),#10936);
#10933 = B_SPLINE_CURVE_WITH_KNOTS('',1,(#10934,#10935),.UNSPECIFIED.,
  .F.,.F.,(2,2),(0.,50.167366121211),.PIECEWISE_BEZIER_KNOTS.);
#10934 = CARTESIAN_POINT('',(-6.138402988107E-02,-24.95171554005));
#10935 = CARTESIAN_POINT('',(-6.44446925043E-02,25.215650487789));
#10936 = ( GEOMETRIC_REPRESENTATION_CONTEXT(2) 
PARAMETRIC_REPRESENTATION_CONTEXT() REPRESENTATION_CONTEXT('2D SPACE',''
  ) );
#10937 = ORIENTED_EDGE('',*,*,#10895,.F.);
#10938 = ORIENTED_EDGE('',*,*,#8518,.F.);
#10939 = ADVANCED_FACE('',(#10940),#8615,.T.);
#10940 = FACE_BOUND('',#10941,.T.);
#10941 = EDGE_LOOP('',(#10942,#10962,#10963));
#10942 = ORIENTED_EDGE('',*,*,#10943,.T.);
#10943 = EDGE_CURVE('',#8600,#7556,#10944,.T.);
#10944 = SURFACE_CURVE('',#10945,(#10949,#10956),.PCURVE_S1.);
#10945 = LINE('',#10946,#10947);
#10946 = CARTESIAN_POINT('',(-18.50145721435,25.258560180664,
    349.09976196289));
#10947 = VECTOR('',#10948,1.);
#10948 = DIRECTION('',(2.467858587549E-03,-0.999987348545,
    4.383197957756E-03));
#10949 = PCURVE('',#8615,#10950);
#10950 = DEFINITIONAL_REPRESENTATION('',(#10951),#10955);
#10951 = LINE('',#10952,#10953);
#10952 = CARTESIAN_POINT('',(0.188940583992,-25.15667731679));
#10953 = VECTOR('',#10954,1.);
#10954 = DIRECTION('',(-5.030183869736E-03,0.999987348545));
#10955 = ( GEOMETRIC_REPRESENTATION_CONTEXT(2) 
PARAMETRIC_REPRESENTATION_CONTEXT() REPRESENTATION_CONTEXT('2D SPACE',''
  ) );
#10956 = PCURVE('',#8671,#10957);
#10957 = DEFINITIONAL_REPRESENTATION('',(#10958),#10961);
#10958 = B_SPLINE_CURVE_WITH_KNOTS('',1,(#10959,#10960),.UNSPECIFIED.,
  .F.,.F.,(2,2),(0.,50.372965095877),.PIECEWISE_BEZIER_KNOTS.);
#10959 = CARTESIAN_POINT('',(5.785701181797E-02,-25.06176948398));
#10960 = CARTESIAN_POINT('',(-0.195526936172,25.310558327279));
#10961 = ( GEOMETRIC_REPRESENTATION_CONTEXT(2) 
PARAMETRIC_REPRESENTATION_CONTEXT() REPRESENTATION_CONTEXT('2D SPACE',''
  ) );
#10962 = ORIENTED_EDGE('',*,*,#10918,.F.);
#10963 = ORIENTED_EDGE('',*,*,#8599,.F.);
#10964 = ADVANCED_FACE('',(#10965),#8671,.T.);
#10965 = FACE_BOUND('',#10966,.T.);
#10966 = EDGE_LOOP('',(#10967,#10968,#10969));
#10967 = ORIENTED_EDGE('',*,*,#10943,.F.);
#10968 = ORIENTED_EDGE('',*,*,#8655,.F.);
#10969 = ORIENTED_EDGE('',*,*,#10970,.T.);
#10970 = EDGE_CURVE('',#8656,#7556,#10971,.T.);
#10971 = SURFACE_CURVE('',#10972,(#10976,#10983),.PCURVE_S1.);
#10972 = LINE('',#10973,#10974);
#10973 = CARTESIAN_POINT('',(-18.63585281372,25.433280944824,
    348.8628540039));
#10974 = VECTOR('',#10975,1.);
#10975 = DIRECTION('',(5.117904361442E-03,-0.999945910146,
    9.054492648126E-03));
#10976 = PCURVE('',#8671,#10977);
#10977 = DEFINITIONAL_REPRESENTATION('',(#10978),#10982);
#10978 = LINE('',#10979,#10980);
#10979 = CARTESIAN_POINT('',(0.330230942565,-25.23649024816));
#10980 = VECTOR('',#10981,1.);
#10981 = DIRECTION('',(-1.040079402175E-02,0.999945910279));
#10982 = ( GEOMETRIC_REPRESENTATION_CONTEXT(2) 
PARAMETRIC_REPRESENTATION_CONTEXT() REPRESENTATION_CONTEXT('2D SPACE',''
  ) );
#10983 = PCURVE('',#10984,#10989);
#10984 = PLANE('',#10985);
#10985 = AXIS2_PLACEMENT_3D('',#10986,#10987,#10988);
#10986 = CARTESIAN_POINT('',(-18.67138687726,0.156197617457,
    348.80513189399));
#10987 = DIRECTION('',(-0.866764465257,7.962251889855E-05,0.498717711163
    ));
#10988 = DIRECTION('',(-0.498717712743,0.,-0.866764468005));
#10989 = DEFINITIONAL_REPRESENTATION('',(#10990),#10993);
#10990 = B_SPLINE_CURVE_WITH_KNOTS('',1,(#10991,#10992),.UNSPECIFIED.,
  .F.,.F.,(2,2),(0.,50.549782799094),.PIECEWISE_BEZIER_KNOTS.);
#10991 = CARTESIAN_POINT('',(-6.775294078197E-02,-25.27708340749));
#10992 = CARTESIAN_POINT('',(-0.593496060936,25.269965321461));
#10993 = ( GEOMETRIC_REPRESENTATION_CONTEXT(2) 
PARAMETRIC_REPRESENTATION_CONTEXT() REPRESENTATION_CONTEXT('2D SPACE',''
  ) );
#10994 = ADVANCED_FACE('',(#10995),#10984,.T.);
#10995 = FACE_BOUND('',#10996,.T.);
#10996 = EDGE_LOOP('',(#10997,#11024,#11025));
#10997 = ORIENTED_EDGE('',*,*,#10998,.T.);
#10998 = EDGE_CURVE('',#10999,#7556,#11001,.T.);
#10999 = VERTEX_POINT('',#11000);
#11000 = CARTESIAN_POINT('',(-19.16470336914,-3.014782629907E-02,
    347.94778442382));
#11001 = SURFACE_CURVE('',#11002,(#11006,#11013),.PCURVE_S1.);
#11002 = LINE('',#11003,#11004);
#11003 = CARTESIAN_POINT('',(-19.16470336914,-3.014782629907E-02,
    347.94778442382));
#11004 = VECTOR('',#11005,1.);
#11005 = DIRECTION('',(3.133505334458E-02,-0.998015458101,
    5.461922576843E-02));
#11006 = PCURVE('',#10984,#11007);
#11007 = DEFINITIONAL_REPRESENTATION('',(#11008),#11012);
#11008 = LINE('',#11009,#11010);
#11009 = CARTESIAN_POINT('',(0.989143996364,0.186345444347));
#11010 = VECTOR('',#11011,1.);
#11011 = DIRECTION('',(-6.296935029872E-02,0.998015461264));
#11012 = ( GEOMETRIC_REPRESENTATION_CONTEXT(2) 
PARAMETRIC_REPRESENTATION_CONTEXT() REPRESENTATION_CONTEXT('2D SPACE',''
  ) );
#11013 = PCURVE('',#11014,#11019);
#11014 = PLANE('',#11015);
#11015 = AXIS2_PLACEMENT_3D('',#11016,#11017,#11018);
#11016 = CARTESIAN_POINT('',(-18.83131749747,-12.82650533301,
    348.52720296541));
#11017 = DIRECTION('',(-0.870401975534,-3.835363177701E-04,0.49234160284
    ));
#11018 = DIRECTION('',(-0.492341639052,0.,-0.870402039552));
#11019 = DEFINITIONAL_REPRESENTATION('',(#11020),#11023);
#11020 = B_SPLINE_CURVE_WITH_KNOTS('',1,(#11021,#11022),.UNSPECIFIED.,
  .F.,.F.,(2,2),(0.,25.133498278006),.PIECEWISE_BEZIER_KNOTS.);
#11021 = CARTESIAN_POINT('',(0.668466826844,-12.79635844788));
#11022 = CARTESIAN_POINT('',(-0.914145250145,12.287263194615));
#11023 = ( GEOMETRIC_REPRESENTATION_CONTEXT(2) 
PARAMETRIC_REPRESENTATION_CONTEXT() REPRESENTATION_CONTEXT('2D SPACE',''
  ) );
#11024 = ORIENTED_EDGE('',*,*,#10970,.F.);
#11025 = ORIENTED_EDGE('',*,*,#11026,.T.);
#11026 = EDGE_CURVE('',#8656,#10999,#11027,.T.);
#11027 = SURFACE_CURVE('',#11028,(#11032,#11039),.PCURVE_S1.);
#11028 = LINE('',#11029,#11030);
#11029 = CARTESIAN_POINT('',(-18.63585281372,25.433280944824,
    348.8628540039));
#11030 = VECTOR('',#11031,1.);
#11031 = DIRECTION('',(-2.075115640981E-02,-0.999139714886,
    -3.590570490558E-02));
#11032 = PCURVE('',#10984,#11033);
#11033 = DEFINITIONAL_REPRESENTATION('',(#11034),#11038);
#11034 = LINE('',#11035,#11036);
#11035 = CARTESIAN_POINT('',(-6.775294078197E-02,-25.27708340749));
#11036 = VECTOR('',#11037,1.);
#11037 = DIRECTION('',(4.147075847231E-02,0.999139718053));
#11038 = ( GEOMETRIC_REPRESENTATION_CONTEXT(2) 
PARAMETRIC_REPRESENTATION_CONTEXT() REPRESENTATION_CONTEXT('2D SPACE',''
  ) );
#11039 = PCURVE('',#11040,#11045);
#11040 = PLANE('',#11041);
#11041 = AXIS2_PLACEMENT_3D('',#11042,#11043,#11044);
#11042 = CARTESIAN_POINT('',(-19.15415785547,13.056732920724,
    347.97214230585));
#11043 = DIRECTION('',(-0.862830536037,-2.455706075588E-04,
    0.505493230199));
#11044 = DIRECTION('',(-0.505493245441,-1.355252715607E-20,
    -0.862830562054));
#11045 = DEFINITIONAL_REPRESENTATION('',(#11046),#11049);
#11046 = B_SPLINE_CURVE_WITH_KNOTS('',1,(#11047,#11048),.UNSPECIFIED.,
  .F.,.F.,(2,2),(0.,25.485353441309),.PIECEWISE_BEZIER_KNOTS.);
#11047 = CARTESIAN_POINT('',(-1.03053297274,-12.37654839728));
#11048 = CARTESIAN_POINT('',(2.634741096935E-02,13.086881141625));
#11049 = ( GEOMETRIC_REPRESENTATION_CONTEXT(2) 
PARAMETRIC_REPRESENTATION_CONTEXT() REPRESENTATION_CONTEXT('2D SPACE',''
  ) );
#11050 = ADVANCED_FACE('',(#11051),#11014,.T.);
#11051 = FACE_BOUND('',#11052,.T.);
#11052 = EDGE_LOOP('',(#11053,#11073,#11074));
#11053 = ORIENTED_EDGE('',*,*,#11054,.T.);
#11054 = EDGE_CURVE('',#7419,#7556,#11055,.T.);
#11055 = SURFACE_CURVE('',#11056,(#11060,#11067),.PCURVE_S1.);
#11056 = LINE('',#11057,#11058);
#11057 = CARTESIAN_POINT('',(-18.63354492187,-25.49358558654,
    348.86697387695));
#11058 = VECTOR('',#11059,1.);
#11059 = DIRECTION('',(0.397657012982,0.589066501199,0.703469656197));
#11060 = PCURVE('',#11014,#11061);
#11061 = DEFINITIONAL_REPRESENTATION('',(#11062),#11066);
#11062 = LINE('',#11063,#11064);
#11063 = CARTESIAN_POINT('',(-0.393108968414,12.667081185197));
#11064 = VECTOR('',#11065,1.);
#11065 = DIRECTION('',(-0.808084529069,-0.589066544525));
#11066 = ( GEOMETRIC_REPRESENTATION_CONTEXT(2) 
PARAMETRIC_REPRESENTATION_CONTEXT() REPRESENTATION_CONTEXT('2D SPACE',''
  ) );
#11067 = PCURVE('',#7515,#11068);
#11068 = DEFINITIONAL_REPRESENTATION('',(#11069),#11072);
#11069 = B_SPLINE_CURVE_WITH_KNOTS('',1,(#11070,#11071),.UNSPECIFIED.,
  .F.,.F.,(2,2),(0.,0.644779429611),.PIECEWISE_BEZIER_KNOTS.);
#11070 = CARTESIAN_POINT('',(0.263244869498,0.18616936997));
#11071 = CARTESIAN_POINT('',(-0.257747025673,-0.193709502852));
#11072 = ( GEOMETRIC_REPRESENTATION_CONTEXT(2) 
PARAMETRIC_REPRESENTATION_CONTEXT() REPRESENTATION_CONTEXT('2D SPACE',''
  ) );
#11073 = ORIENTED_EDGE('',*,*,#10998,.F.);
#11074 = ORIENTED_EDGE('',*,*,#11075,.T.);
#11075 = EDGE_CURVE('',#10999,#7419,#11076,.T.);
#11076 = SURFACE_CURVE('',#11077,(#11081,#11088),.PCURVE_S1.);
#11077 = LINE('',#11078,#11079);
#11078 = CARTESIAN_POINT('',(-19.16470336914,-3.014782629907E-02,
    347.94778442382));
#11079 = VECTOR('',#11080,1.);
#11080 = DIRECTION('',(2.084154614705E-02,-0.99913202148,
    3.60670709537E-02));
#11081 = PCURVE('',#11014,#11082);
#11082 = DEFINITIONAL_REPRESENTATION('',(#11083),#11087);
#11083 = LINE('',#11084,#11085);
#11084 = CARTESIAN_POINT('',(0.668466826844,-12.79635844788));
#11085 = VECTOR('',#11086,1.);
#11086 = DIRECTION('',(-4.165401310917E-02,0.999132094966));
#11087 = ( GEOMETRIC_REPRESENTATION_CONTEXT(2) 
PARAMETRIC_REPRESENTATION_CONTEXT() REPRESENTATION_CONTEXT('2D SPACE',''
  ) );
#11088 = PCURVE('',#11089,#11094);
#11089 = PLANE('',#11090);
#11090 = AXIS2_PLACEMENT_3D('',#11091,#11092,#11093);
#11091 = CARTESIAN_POINT('',(-19.15292730792,-13.11470142877,
    347.97427504263));
#11092 = DIRECTION('',(-0.862859869847,2.46734541411E-04,0.50544315618)
  );
#11093 = DIRECTION('',(-0.505443171565,-1.355252715607E-20,
    -0.862859896112));
#11094 = DEFINITIONAL_REPRESENTATION('',(#11095),#11098);
#11095 = B_SPLINE_CURVE_WITH_KNOTS('',1,(#11096,#11097),.UNSPECIFIED.,
  .F.,.F.,(2,2),(0.,25.485558677747),.PIECEWISE_BEZIER_KNOTS.);
#11096 = CARTESIAN_POINT('',(2.880982232025E-02,-13.08455400075));
#11097 = CARTESIAN_POINT('',(-1.0327923039,12.378884534577));
#11098 = ( GEOMETRIC_REPRESENTATION_CONTEXT(2) 
PARAMETRIC_REPRESENTATION_CONTEXT() REPRESENTATION_CONTEXT('2D SPACE',''
  ) );
#11099 = ADVANCED_FACE('',(#11100),#11089,.T.);
#11100 = FACE_BOUND('',#11101,.T.);
#11101 = EDGE_LOOP('',(#11102,#11129,#11130));
#11102 = ORIENTED_EDGE('',*,*,#11103,.T.);
#11103 = EDGE_CURVE('',#11104,#7419,#11106,.T.);
#11104 = VERTEX_POINT('',#11105);
#11105 = CARTESIAN_POINT('',(-19.6627960205,-24.84965324401,
    347.10958862304));
#11106 = SURFACE_CURVE('',#11107,(#11111,#11118),.PCURVE_S1.);
#11107 = LINE('',#11108,#11109);
#11108 = CARTESIAN_POINT('',(-19.6627960205,-24.84965324401,
    347.10958862304));
#11109 = VECTOR('',#11110,1.);
#11110 = DIRECTION('',(0.481863690254,-0.301469306428,0.822753694186));
#11111 = PCURVE('',#11089,#11112);
#11112 = DEFINITIONAL_REPRESENTATION('',(#11113),#11117);
#11113 = LINE('',#11114,#11115);
#11114 = CARTESIAN_POINT('',(1.003812893344,11.734952172447));
#11115 = VECTOR('',#11116,1.);
#11116 = DIRECTION('',(-0.953475878955,0.301469315604));
#11117 = ( GEOMETRIC_REPRESENTATION_CONTEXT(2) 
PARAMETRIC_REPRESENTATION_CONTEXT() REPRESENTATION_CONTEXT('2D SPACE',''
  ) );
#11118 = PCURVE('',#11119,#11124);
#11119 = PLANE('',#11120);
#11120 = AXIS2_PLACEMENT_3D('',#11121,#11122,#11123);
#11121 = CARTESIAN_POINT('',(-19.36277153592,-25.03726765865,
    341.5157672773));
#11122 = DIRECTION('',(-0.530368703854,-0.847767089368,
    -1.256221644506E-05));
#11123 = DIRECTION('',(-0.847767089435,0.530368703895,8.470329472543E-22
    ));
#11124 = DEFINITIONAL_REPRESENTATION('',(#11125),#11128);
#11125 = B_SPLINE_CURVE_WITH_KNOTS('',1,(#11126,#11127),.UNSPECIFIED.,
  .F.,.F.,(2,2),(0.,2.135979779033),.PIECEWISE_BEZIER_KNOTS.);
#11126 = CARTESIAN_POINT('',(0.353855697981,-5.593821346188));
#11127 = CARTESIAN_POINT('',(-0.860231072108,-7.351206600233));
#11128 = ( GEOMETRIC_REPRESENTATION_CONTEXT(2) 
PARAMETRIC_REPRESENTATION_CONTEXT() REPRESENTATION_CONTEXT('2D SPACE',''
  ) );
#11129 = ORIENTED_EDGE('',*,*,#11075,.F.);
#11130 = ORIENTED_EDGE('',*,*,#11131,.T.);
#11131 = EDGE_CURVE('',#10999,#11104,#11132,.T.);
#11132 = SURFACE_CURVE('',#11133,(#11137,#11144),.PCURVE_S1.);
#11133 = LINE('',#11134,#11135);
#11134 = CARTESIAN_POINT('',(-19.16470336914,-3.014782629907E-02,
    347.94778442382));
#11135 = VECTOR('',#11136,1.);
#11136 = DIRECTION('',(-2.005312921143E-02,-0.999229255319,
    -3.374562674516E-02));
#11137 = PCURVE('',#11089,#11138);
#11138 = DEFINITIONAL_REPRESENTATION('',(#11139),#11143);
#11139 = LINE('',#11140,#11141);
#11140 = CARTESIAN_POINT('',(2.880982232025E-02,-13.08455400075));
#11141 = VECTOR('',#11142,1.);
#11142 = DIRECTION('',(3.925346521599E-02,0.999229285734));
#11143 = ( GEOMETRIC_REPRESENTATION_CONTEXT(2) 
PARAMETRIC_REPRESENTATION_CONTEXT() REPRESENTATION_CONTEXT('2D SPACE',''
  ) );
#11144 = PCURVE('',#11145,#11150);
#11145 = PLANE('',#11146);
#11146 = AXIS2_PLACEMENT_3D('',#11147,#11148,#11149);
#11147 = CARTESIAN_POINT('',(-19.60127691236,-12.08200127895,
    347.21533701911));
#11148 = DIRECTION('',(-0.858134477145,-1.176567114358E-04,0.51342497533
    ));
#11149 = DIRECTION('',(-0.513424978883,-6.776263578034E-21,
    -0.858134483084));
#11150 = DEFINITIONAL_REPRESENTATION('',(#11151),#11154);
#11151 = B_SPLINE_CURVE_WITH_KNOTS('',1,(#11152,#11153),.UNSPECIFIED.,
  .F.,.F.,(2,2),(0.,24.838649674851),.PIECEWISE_BEZIER_KNOTS.);
#11152 = CARTESIAN_POINT('',(-0.852686137247,-12.05185353606));
#11153 = CARTESIAN_POINT('',(0.12233179199,12.76765205344));
#11154 = ( GEOMETRIC_REPRESENTATION_CONTEXT(2) 
PARAMETRIC_REPRESENTATION_CONTEXT() REPRESENTATION_CONTEXT('2D SPACE',''
  ) );
#11155 = ADVANCED_FACE('',(#11156),#11145,.T.);
#11156 = FACE_BOUND('',#11157,.T.);
#11157 = EDGE_LOOP('',(#11158,#11185,#11186));
#11158 = ORIENTED_EDGE('',*,*,#11159,.T.);
#11159 = EDGE_CURVE('',#11160,#11104,#11162,.T.);
#11160 = VERTEX_POINT('',#11161);
#11161 = CARTESIAN_POINT('',(-19.92191314697,-3.014039807022E-02,
    346.6821899414));
#11162 = SURFACE_CURVE('',#11163,(#11167,#11174),.PCURVE_S1.);
#11163 = LINE('',#11164,#11165);
#11164 = CARTESIAN_POINT('',(-19.92191314697,-3.014039807022E-02,
    346.6821899414));
#11165 = VECTOR('',#11166,1.);
#11166 = DIRECTION('',(1.043794065769E-02,-0.999797295428,
    1.721677813042E-02));
#11167 = PCURVE('',#11145,#11168);
#11168 = DEFINITIONAL_REPRESENTATION('',(#11169),#11173);
#11169 = LINE('',#11170,#11171);
#11170 = CARTESIAN_POINT('',(0.622134543915,-12.05186096429));
#11171 = VECTOR('',#11172,1.);
#11172 = DIRECTION('',(-2.013341046309E-02,0.999797302348));
#11173 = ( GEOMETRIC_REPRESENTATION_CONTEXT(2) 
PARAMETRIC_REPRESENTATION_CONTEXT() REPRESENTATION_CONTEXT('2D SPACE',''
  ) );
#11174 = PCURVE('',#11175,#11180);
#11175 = PLANE('',#11176);
#11176 = AXIS2_PLACEMENT_3D('',#11177,#11178,#11179);
#11177 = CARTESIAN_POINT('',(-20.06270849228,-12.79086397355,
    346.45924663222));
#11178 = DIRECTION('',(-0.85028742564,1.862984775995E-04,0.526318590866)
  );
#11179 = DIRECTION('',(-0.526318599999,0.,-0.850287440396));
#11180 = DEFINITIONAL_REPRESENTATION('',(#11181),#11184);
#11181 = B_SPLINE_CURVE_WITH_KNOTS('',1,(#11182,#11183),.UNSPECIFIED.,
  .F.,.F.,(2,2),(0.,24.82454489469),.PIECEWISE_BEZIER_KNOTS.);
#11182 = CARTESIAN_POINT('',(-0.263669104744,-12.76072379692));
#11183 = CARTESIAN_POINT('',(-0.763458999022,12.058789479726));
#11184 = ( GEOMETRIC_REPRESENTATION_CONTEXT(2) 
PARAMETRIC_REPRESENTATION_CONTEXT() REPRESENTATION_CONTEXT('2D SPACE',''
  ) );
#11185 = ORIENTED_EDGE('',*,*,#11131,.F.);
#11186 = ORIENTED_EDGE('',*,*,#11187,.T.);
#11187 = EDGE_CURVE('',#10999,#11160,#11188,.T.);
#11188 = SURFACE_CURVE('',#11189,(#11193,#11200),.PCURVE_S1.);
#11189 = LINE('',#11190,#11191);
#11190 = CARTESIAN_POINT('',(-19.16470336914,-3.014782629907E-02,
    347.94778442382));
#11191 = VECTOR('',#11192,1.);
#11192 = DIRECTION('',(-0.513424979385,5.036699681476E-06,
    -0.858134482769));
#11193 = PCURVE('',#11145,#11194);
#11194 = DEFINITIONAL_REPRESENTATION('',(#11195),#11199);
#11195 = LINE('',#11196,#11197);
#11196 = CARTESIAN_POINT('',(-0.852686137247,-12.05185353606));
#11197 = VECTOR('',#11198,1.);
#11198 = DIRECTION('',(0.999999999987,-5.036699716337E-06));
#11199 = ( GEOMETRIC_REPRESENTATION_CONTEXT(2) 
PARAMETRIC_REPRESENTATION_CONTEXT() REPRESENTATION_CONTEXT('2D SPACE',''
  ) );
#11200 = PCURVE('',#11201,#11206);
#11201 = PLANE('',#11202);
#11202 = AXIS2_PLACEMENT_3D('',#11203,#11204,#11205);
#11203 = CARTESIAN_POINT('',(-19.60231889295,12.028667932743,
    347.21358829955));
#11204 = DIRECTION('',(-0.858134476512,1.178937731204E-04,0.513424976333
    ));
#11205 = DIRECTION('',(-0.513424979901,6.776263578034E-21,
    -0.858134482475));
#11206 = DEFINITIONAL_REPRESENTATION('',(#11207),#11210);
#11207 = B_SPLINE_CURVE_WITH_KNOTS('',1,(#11208,#11209),.UNSPECIFIED.,
  .F.,.F.,(2,2),(0.,1.47482068118),.PIECEWISE_BEZIER_KNOTS.);
#11208 = CARTESIAN_POINT('',(-0.854721752656,12.058815842844));
#11209 = CARTESIAN_POINT('',(0.620098928505,12.058808414616));
#11210 = ( GEOMETRIC_REPRESENTATION_CONTEXT(2) 
PARAMETRIC_REPRESENTATION_CONTEXT() REPRESENTATION_CONTEXT('2D SPACE',''
  ) );
#11211 = ADVANCED_FACE('',(#11212),#11175,.T.);
#11212 = FACE_BOUND('',#11213,.T.);
#11213 = EDGE_LOOP('',(#11214,#11241,#11242));
#11214 = ORIENTED_EDGE('',*,*,#11215,.T.);
#11215 = EDGE_CURVE('',#11216,#11104,#11218,.T.);
#11216 = VERTEX_POINT('',#11217);
#11217 = CARTESIAN_POINT('',(-20.73379516601,-24.20140457153,
    345.37911987304));
#11218 = SURFACE_CURVE('',#11219,(#11223,#11230),.PCURVE_S1.);
#11219 = LINE('',#11220,#11221);
#11220 = CARTESIAN_POINT('',(-20.73379516601,-24.20140457153,
    345.37911987304));
#11221 = VECTOR('',#11222,1.);
#11222 = DIRECTION('',(0.501443024031,-0.303510769377,0.810207446598));
#11223 = PCURVE('',#11175,#11224);
#11224 = DEFINITIONAL_REPRESENTATION('',(#11225),#11229);
#11225 = LINE('',#11226,#11227);
#11226 = CARTESIAN_POINT('',(1.271623615965,11.410540795991));
#11227 = VECTOR('',#11228,1.);
#11228 = DIRECTION('',(-0.952828006345,0.303510774644));
#11229 = ( GEOMETRIC_REPRESENTATION_CONTEXT(2) 
PARAMETRIC_REPRESENTATION_CONTEXT() REPRESENTATION_CONTEXT('2D SPACE',''
  ) );
#11230 = PCURVE('',#11231,#11236);
#11231 = PLANE('',#11232);
#11232 = AXIS2_PLACEMENT_3D('',#11233,#11234,#11235);
#11233 = CARTESIAN_POINT('',(-19.92632611298,-24.69023876346,
    340.63888076535));
#11234 = DIRECTION('',(-0.517825564343,-0.855486227088,
    1.324837202442E-05));
#11235 = DIRECTION('',(-0.855486227163,0.517825564388,8.470329472543E-22
    ));
#11236 = DEFINITIONAL_REPRESENTATION('',(#11237),#11240);
#11237 = B_SPLINE_CURVE_WITH_KNOTS('',1,(#11238,#11239),.UNSPECIFIED.,
  .F.,.F.,(2,2),(0.,2.135834170947),.PIECEWISE_BEZIER_KNOTS.);
#11238 = CARTESIAN_POINT('',(0.943909495052,-4.740239108113));
#11239 = CARTESIAN_POINT('',(-0.307995257927,-6.470707858265));
#11240 = ( GEOMETRIC_REPRESENTATION_CONTEXT(2) 
PARAMETRIC_REPRESENTATION_CONTEXT() REPRESENTATION_CONTEXT('2D SPACE',''
  ) );
#11241 = ORIENTED_EDGE('',*,*,#11159,.F.);
#11242 = ORIENTED_EDGE('',*,*,#11243,.T.);
#11243 = EDGE_CURVE('',#11160,#11216,#11244,.T.);
#11244 = SURFACE_CURVE('',#11245,(#11249,#11256),.PCURVE_S1.);
#11245 = LINE('',#11246,#11247);
#11246 = CARTESIAN_POINT('',(-19.92191314697,-3.014039807022E-02,
    346.6821899414));
#11247 = VECTOR('',#11248,1.);
#11248 = DIRECTION('',(-3.352117589083E-02,-0.997988844263,
    -5.380146367946E-02));
#11249 = PCURVE('',#11175,#11250);
#11250 = DEFINITIONAL_REPRESENTATION('',(#11251),#11255);
#11251 = LINE('',#11252,#11253);
#11252 = CARTESIAN_POINT('',(-0.263669104744,-12.76072379692));
#11253 = VECTOR('',#11254,1.);
#11254 = DIRECTION('',(6.338952720675E-02,0.997988861581));
#11255 = ( GEOMETRIC_REPRESENTATION_CONTEXT(2) 
PARAMETRIC_REPRESENTATION_CONTEXT() REPRESENTATION_CONTEXT('2D SPACE',''
  ) );
#11256 = PCURVE('',#11257,#11262);
#11257 = PLANE('',#11258);
#11258 = AXIS2_PLACEMENT_3D('',#11259,#11260,#11261);
#11259 = CARTESIAN_POINT('',(-20.51628266791,-11.75832643406,
    345.72796113859));
#11260 = DIRECTION('',(-0.848936255468,2.357072626211E-05,0.528495254091
    ));
#11261 = DIRECTION('',(-0.528495254238,0.,-0.848936255703));
#11262 = DEFINITIONAL_REPRESENTATION('',(#11263),#11266);
#11263 = B_SPLINE_CURVE_WITH_KNOTS('',1,(#11264,#11265),.UNSPECIFIED.,
  .F.,.F.,(2,2),(0.,24.219974313761),.PIECEWISE_BEZIER_KNOTS.);
#11264 = CARTESIAN_POINT('',(-1.124200898026,-11.72818603924));
#11265 = CARTESIAN_POINT('',(0.411098320791,12.443078140929));
#11266 = ( GEOMETRIC_REPRESENTATION_CONTEXT(2) 
PARAMETRIC_REPRESENTATION_CONTEXT() REPRESENTATION_CONTEXT('2D SPACE',''
  ) );
#11267 = ADVANCED_FACE('',(#11268),#11257,.T.);
#11268 = FACE_BOUND('',#11269,.T.);
#11269 = EDGE_LOOP('',(#11270,#11297,#11298));
#11270 = ORIENTED_EDGE('',*,*,#11271,.T.);
#11271 = EDGE_CURVE('',#11272,#11216,#11274,.T.);
#11272 = VERTEX_POINT('',#11273);
#11273 = CARTESIAN_POINT('',(-20.70135879516,-3.013296052814E-02,
    345.43014526367));
#11274 = SURFACE_CURVE('',#11275,(#11279,#11286),.PCURVE_S1.);
#11275 = LINE('',#11276,#11277);
#11276 = CARTESIAN_POINT('',(-20.70135879516,-3.013296052814E-02,
    345.43014526367));
#11277 = VECTOR('',#11278,1.);
#11278 = DIRECTION('',(-1.341934751858E-03,-0.999996871468,
    -2.110986621292E-03));
#11279 = PCURVE('',#11257,#11280);
#11280 = DEFINITIONAL_REPRESENTATION('',(#11281),#11285);
#11281 = LINE('',#11282,#11283);
#11282 = CARTESIAN_POINT('',(0.35063854867,-11.72819347679));
#11283 = VECTOR('',#11284,1.);
#11284 = DIRECTION('',(2.501299225974E-03,0.999996871746));
#11285 = ( GEOMETRIC_REPRESENTATION_CONTEXT(2) 
PARAMETRIC_REPRESENTATION_CONTEXT() REPRESENTATION_CONTEXT('2D SPACE',''
  ) );
#11286 = PCURVE('',#11287,#11292);
#11287 = PLANE('',#11288);
#11288 = AXIS2_PLACEMENT_3D('',#11289,#11290,#11291);
#11289 = CARTESIAN_POINT('',(-20.92354910506,-11.75827294172,
    345.08645855721));
#11290 = DIRECTION('',(-0.839466604494,-2.06245974195E-05,0.54341128026)
  );
#11291 = DIRECTION('',(-0.543411280376,0.,-0.839466604672));
#11292 = DEFINITIONAL_REPRESENTATION('',(#11293),#11296);
#11293 = B_SPLINE_CURVE_WITH_KNOTS('',1,(#11294,#11295),.UNSPECIFIED.,
  .F.,.F.,(2,2),(0.,24.171347231828),.PIECEWISE_BEZIER_KNOTS.);
#11294 = CARTESIAN_POINT('',(-0.40925423333,-11.72813998369));
#11295 = CARTESIAN_POINT('',(-0.348793832096,12.443131632454));
#11296 = ( GEOMETRIC_REPRESENTATION_CONTEXT(2) 
PARAMETRIC_REPRESENTATION_CONTEXT() REPRESENTATION_CONTEXT('2D SPACE',''
  ) );
#11297 = ORIENTED_EDGE('',*,*,#11243,.F.);
#11298 = ORIENTED_EDGE('',*,*,#11299,.T.);
#11299 = EDGE_CURVE('',#11160,#11272,#11300,.T.);
#11300 = SURFACE_CURVE('',#11301,(#11305,#11312),.PCURVE_S1.);
#11301 = LINE('',#11302,#11303);
#11302 = CARTESIAN_POINT('',(-19.92191314697,-3.014039807022E-02,
    346.6821899414));
#11303 = VECTOR('',#11304,1.);
#11304 = DIRECTION('',(-0.528495254131,5.042950334321E-06,
    -0.848936255755));
#11305 = PCURVE('',#11257,#11306);
#11306 = DEFINITIONAL_REPRESENTATION('',(#11307),#11311);
#11307 = LINE('',#11308,#11309);
#11308 = CARTESIAN_POINT('',(-1.124200898026,-11.72818603924));
#11309 = VECTOR('',#11310,1.);
#11310 = DIRECTION('',(0.999999999987,-5.042950335721E-06));
#11311 = ( GEOMETRIC_REPRESENTATION_CONTEXT(2) 
PARAMETRIC_REPRESENTATION_CONTEXT() REPRESENTATION_CONTEXT('2D SPACE',''
  ) );
#11312 = PCURVE('',#11313,#11318);
#11313 = PLANE('',#11314);
#11314 = AXIS2_PLACEMENT_3D('',#11315,#11316,#11317);
#11315 = CARTESIAN_POINT('',(-20.51713200222,11.711248403865,
    345.72661847012));
#11316 = DIRECTION('',(-0.848936255576,-2.451830173448E-05,
    0.528495253874));
#11317 = DIRECTION('',(-0.528495254032,-1.694065894509E-21,
    -0.848936255832));
#11318 = DEFINITIONAL_REPRESENTATION('',(#11319),#11322);
#11319 = B_SPLINE_CURVE_WITH_KNOTS('',1,(#11320,#11321),.UNSPECIFIED.,
  .F.,.F.,(2,2),(0.,1.474839446715),.PIECEWISE_BEZIER_KNOTS.);
#11320 = CARTESIAN_POINT('',(-1.125789607117,11.741388805464));
#11321 = CARTESIAN_POINT('',(0.349049839579,11.741381367922));
#11322 = ( GEOMETRIC_REPRESENTATION_CONTEXT(2) 
PARAMETRIC_REPRESENTATION_CONTEXT() REPRESENTATION_CONTEXT('2D SPACE',''
  ) );
#11323 = ADVANCED_FACE('',(#11324),#11287,.T.);
#11324 = FACE_BOUND('',#11325,.T.);
#11325 = EDGE_LOOP('',(#11326,#11353,#11354));
#11326 = ORIENTED_EDGE('',*,*,#11327,.T.);
#11327 = EDGE_CURVE('',#11328,#11216,#11330,.T.);
#11328 = VERTEX_POINT('',#11329);
#11329 = CARTESIAN_POINT('',(-21.50279617309,-3.012551739812E-02,
    344.19207763671));
#11330 = SURFACE_CURVE('',#11331,(#11335,#11342),.PCURVE_S1.);
#11331 = LINE('',#11332,#11333);
#11332 = CARTESIAN_POINT('',(-21.50279617309,-3.012551739812E-02,
    344.19207763671));
#11333 = VECTOR('',#11334,1.);
#11334 = DIRECTION('',(3.176033319602E-02,-0.998292420251,
    4.902575756913E-02));
#11335 = PCURVE('',#11287,#11336);
#11336 = DEFINITIONAL_REPRESENTATION('',(#11337),#11341);
#11337 = LINE('',#11338,#11339);
#11338 = CARTESIAN_POINT('',(1.065572305505,-11.72814742682));
#11339 = VECTOR('',#11340,1.);
#11340 = DIRECTION('',(-5.841440957526E-02,0.998292420463));
#11341 = ( GEOMETRIC_REPRESENTATION_CONTEXT(2) 
PARAMETRIC_REPRESENTATION_CONTEXT() REPRESENTATION_CONTEXT('2D SPACE',''
  ) );
#11342 = PCURVE('',#11343,#11348);
#11343 = PLANE('',#11344);
#11344 = AXIS2_PLACEMENT_3D('',#11345,#11346,#11347);
#11345 = CARTESIAN_POINT('',(-21.38806127262,-12.46597331445,
    344.37276610284));
#11346 = DIRECTION('',(-0.837207528503,2.218537279627E-04,0.546885275902
    ));
#11347 = DIRECTION('',(-0.546885289361,0.,-0.837207549106));
#11348 = DEFINITIONAL_REPRESENTATION('',(#11349),#11352);
#11349 = B_SPLINE_CURVE_WITH_KNOTS('',1,(#11350,#11351),.UNSPECIFIED.,
  .F.,.F.,(2,2),(0.,24.212624040624),.PIECEWISE_BEZIER_KNOTS.);
#11350 = CARTESIAN_POINT('',(0.214020577119,-12.43584810309));
#11351 = CARTESIAN_POINT('',(-1.200335482519,11.735431545885));
#11352 = ( GEOMETRIC_REPRESENTATION_CONTEXT(2) 
PARAMETRIC_REPRESENTATION_CONTEXT() REPRESENTATION_CONTEXT('2D SPACE',''
  ) );
#11353 = ORIENTED_EDGE('',*,*,#11271,.F.);
#11354 = ORIENTED_EDGE('',*,*,#11355,.T.);
#11355 = EDGE_CURVE('',#11272,#11328,#11356,.T.);
#11356 = SURFACE_CURVE('',#11357,(#11361,#11368),.PCURVE_S1.);
#11357 = LINE('',#11358,#11359);
#11358 = CARTESIAN_POINT('',(-20.70135879516,-3.013296052814E-02,
    345.43014526367));
#11359 = VECTOR('',#11360,1.);
#11360 = DIRECTION('',(-0.543411280456,5.046783347221E-06,
    -0.839466604605));
#11361 = PCURVE('',#11287,#11362);
#11362 = DEFINITIONAL_REPRESENTATION('',(#11363),#11367);
#11363 = LINE('',#11364,#11365);
#11364 = CARTESIAN_POINT('',(-0.40925423333,-11.72813998369));
#11365 = VECTOR('',#11366,1.);
#11366 = DIRECTION('',(0.999999999987,-5.046783348294E-06));
#11367 = ( GEOMETRIC_REPRESENTATION_CONTEXT(2) 
PARAMETRIC_REPRESENTATION_CONTEXT() REPRESENTATION_CONTEXT('2D SPACE',''
  ) );
#11368 = PCURVE('',#11369,#11374);
#11369 = PLANE('',#11370);
#11370 = AXIS2_PLACEMENT_3D('',#11371,#11372,#11373);
#11371 = CARTESIAN_POINT('',(-20.92438528479,11.711199645304,
    345.08513656072));
#11372 = DIRECTION('',(-0.839466604352,2.200185534042E-05,0.543411280425
    ));
#11373 = DIRECTION('',(-0.543411280557,0.,-0.839466604555));
#11374 = DEFINITIONAL_REPRESENTATION('',(#11375),#11378);
#11375 = B_SPLINE_CURVE_WITH_KNOTS('',1,(#11376,#11377),.UNSPECIFIED.,
  .F.,.F.,(2,2),(0.,1.474826538854),.PIECEWISE_BEZIER_KNOTS.);
#11376 = CARTESIAN_POINT('',(-0.410818394731,11.741332608674));
#11377 = CARTESIAN_POINT('',(1.064008144104,11.741325165544));
#11378 = ( GEOMETRIC_REPRESENTATION_CONTEXT(2) 
PARAMETRIC_REPRESENTATION_CONTEXT() REPRESENTATION_CONTEXT('2D SPACE',''
  ) );
#11379 = ADVANCED_FACE('',(#11380),#11369,.T.);
#11380 = FACE_BOUND('',#11381,.T.);
#11381 = EDGE_LOOP('',(#11382,#11409,#11410));
#11382 = ORIENTED_EDGE('',*,*,#11383,.T.);
#11383 = EDGE_CURVE('',#11384,#11328,#11386,.T.);
#11384 = VERTEX_POINT('',#11385);
#11385 = CARTESIAN_POINT('',(-20.73553276062,24.167543411255,
    345.37637329101));
#11386 = SURFACE_CURVE('',#11387,(#11391,#11398),.PCURVE_S1.);
#11387 = LINE('',#11388,#11389);
#11388 = CARTESIAN_POINT('',(-20.73553276062,24.167543411255,
    345.37637329101));
#11389 = VECTOR('',#11390,1.);
#11390 = DIRECTION('',(-3.1654374881E-02,-0.998303934554,
    -4.885954158833E-02));
#11391 = PCURVE('',#11369,#11392);
#11392 = DEFINITIONAL_REPRESENTATION('',(#11393),#11397);
#11393 = LINE('',#11394,#11395);
#11394 = CARTESIAN_POINT('',(-0.347108101096,-12.45634376896));
#11395 = VECTOR('',#11396,1.);
#11396 = DIRECTION('',(5.82172978666E-02,0.998303934796));
#11397 = ( GEOMETRIC_REPRESENTATION_CONTEXT(2) 
PARAMETRIC_REPRESENTATION_CONTEXT() REPRESENTATION_CONTEXT('2D SPACE',''
  ) );
#11398 = PCURVE('',#11399,#11404);
#11399 = PLANE('',#11400);
#11400 = AXIS2_PLACEMENT_3D('',#11401,#11402,#11403);
#11401 = CARTESIAN_POINT('',(-21.38886672207,12.420568390232,
    344.37152033168));
#11402 = DIRECTION('',(-0.837189306288,-2.215985090435E-04,
    0.546913170742));
#11403 = DIRECTION('',(-0.54691318417,0.,-0.837189326843));
#11404 = DEFINITIONAL_REPRESENTATION('',(#11405),#11408);
#11405 = B_SPLINE_CURVE_WITH_KNOTS('',1,(#11406,#11407),.UNSPECIFIED.,
  .F.,.F.,(2,2),(0.,24.238779484983),.PIECEWISE_BEZIER_KNOTS.);
#11406 = CARTESIAN_POINT('',(-1.198569129788,-11.74697530944));
#11407 = CARTESIAN_POINT('',(0.212537027831,12.450694213332));
#11408 = ( GEOMETRIC_REPRESENTATION_CONTEXT(2) 
PARAMETRIC_REPRESENTATION_CONTEXT() REPRESENTATION_CONTEXT('2D SPACE',''
  ) );
#11409 = ORIENTED_EDGE('',*,*,#11355,.F.);
#11410 = ORIENTED_EDGE('',*,*,#11411,.T.);
#11411 = EDGE_CURVE('',#11272,#11384,#11412,.T.);
#11412 = SURFACE_CURVE('',#11413,(#11417,#11424),.PCURVE_S1.);
#11413 = LINE('',#11414,#11415);
#11414 = CARTESIAN_POINT('',(-20.70135879516,-3.013296052814E-02,
    345.43014526367));
#11415 = VECTOR('',#11416,1.);
#11416 = DIRECTION('',(-1.412278041527E-03,0.99999653367,
    -2.222188008413E-03));
#11417 = PCURVE('',#11369,#11418);
#11418 = DEFINITIONAL_REPRESENTATION('',(#11419),#11423);
#11419 = LINE('',#11420,#11421);
#11420 = CARTESIAN_POINT('',(-0.410818394731,11.741332608674));
#11421 = VECTOR('',#11422,1.);
#11422 = DIRECTION('',(2.632900441154E-03,-0.999996533912));
#11423 = ( GEOMETRIC_REPRESENTATION_CONTEXT(2) 
PARAMETRIC_REPRESENTATION_CONTEXT() REPRESENTATION_CONTEXT('2D SPACE',''
  ) );
#11424 = PCURVE('',#11313,#11425);
#11425 = DEFINITIONAL_REPRESENTATION('',(#11426),#11429);
#11426 = B_SPLINE_CURVE_WITH_KNOTS('',1,(#11427,#11428),.UNSPECIFIED.,
  .F.,.F.,(2,2),(0.,24.197760249215),.PIECEWISE_BEZIER_KNOTS.);
#11427 = CARTESIAN_POINT('',(0.349049839579,11.741381367922));
#11428 = CARTESIAN_POINT('',(0.412759595269,-12.45629501113));
#11429 = ( GEOMETRIC_REPRESENTATION_CONTEXT(2) 
PARAMETRIC_REPRESENTATION_CONTEXT() REPRESENTATION_CONTEXT('2D SPACE',''
  ) );
#11430 = ADVANCED_FACE('',(#11431),#11399,.T.);
#11431 = FACE_BOUND('',#11432,.T.);
#11432 = EDGE_LOOP('',(#11433,#11460,#11461));
#11433 = ORIENTED_EDGE('',*,*,#11434,.T.);
#11434 = EDGE_CURVE('',#11435,#11328,#11437,.T.);
#11435 = VERTEX_POINT('',#11436);
#11436 = CARTESIAN_POINT('',(-21.84735107421,23.528158187866,
    343.67419433593));
#11437 = SURFACE_CURVE('',#11438,(#11442,#11449),.PCURVE_S1.);
#11438 = LINE('',#11439,#11440);
#11439 = CARTESIAN_POINT('',(-21.84735107421,23.528158187866,
    343.67419433593));
#11440 = VECTOR('',#11441,1.);
#11441 = DIRECTION('',(1.462054122807E-02,-0.999651599942,
    2.197540689661E-02));
#11442 = PCURVE('',#11399,#11443);
#11443 = DEFINITIONAL_REPRESENTATION('',(#11444),#11448);
#11444 = LINE('',#11445,#11446);
#11445 = CARTESIAN_POINT('',(0.83454501789,-11.10759007035));
#11446 = VECTOR('',#11447,1.);
#11447 = DIRECTION('',(-2.639374286423E-02,0.999651624486));
#11448 = ( GEOMETRIC_REPRESENTATION_CONTEXT(2) 
PARAMETRIC_REPRESENTATION_CONTEXT() REPRESENTATION_CONTEXT('2D SPACE',''
  ) );
#11449 = PCURVE('',#11450,#11455);
#11450 = PLANE('',#11451);
#11451 = AXIS2_PLACEMENT_3D('',#11452,#11453,#11454);
#11452 = CARTESIAN_POINT('',(-21.88191576142,11.391681241701,
    343.62574188051));
#11453 = DIRECTION('',(-0.829732458756,1.34730841059E-04,0.55816129276)
  );
#11454 = DIRECTION('',(-0.558161297826,0.,-0.829732466286));
#11455 = DEFINITIONAL_REPRESENTATION('',(#11456),#11459);
#11456 = B_SPLINE_CURVE_WITH_KNOTS('',1,(#11457,#11458),.UNSPECIFIED.,
  .F.,.F.,(2,2),(0.,23.566494273244),.PIECEWISE_BEZIER_KNOTS.);
#11457 = CARTESIAN_POINT('',(-5.949524600931E-02,-12.13647705631));
#11458 = CARTESIAN_POINT('',(-0.681517045198,11.421806862766));
#11459 = ( GEOMETRIC_REPRESENTATION_CONTEXT(2) 
PARAMETRIC_REPRESENTATION_CONTEXT() REPRESENTATION_CONTEXT('2D SPACE',''
  ) );
#11460 = ORIENTED_EDGE('',*,*,#11383,.F.);
#11461 = ORIENTED_EDGE('',*,*,#11462,.T.);
#11462 = EDGE_CURVE('',#11384,#11435,#11463,.T.);
#11463 = SURFACE_CURVE('',#11464,(#11468,#11475),.PCURVE_S1.);
#11464 = LINE('',#11465,#11466);
#11465 = CARTESIAN_POINT('',(-20.73553276062,24.167543411255,
    345.37637329101));
#11466 = VECTOR('',#11467,1.);
#11467 = DIRECTION('',(-0.521666239348,-0.300000171701,-0.798664029304)
  );
#11468 = PCURVE('',#11399,#11469);
#11469 = DEFINITIONAL_REPRESENTATION('',(#11470),#11474);
#11470 = LINE('',#11471,#11472);
#11471 = CARTESIAN_POINT('',(-1.198569129788,-11.74697530944));
#11472 = VECTOR('',#11473,1.);
#11473 = DIRECTION('',(0.953939145103,0.300000179067));
#11474 = ( GEOMETRIC_REPRESENTATION_CONTEXT(2) 
PARAMETRIC_REPRESENTATION_CONTEXT() REPRESENTATION_CONTEXT('2D SPACE',''
  ) );
#11475 = PCURVE('',#11476,#11481);
#11476 = PLANE('',#11477);
#11477 = AXIS2_PLACEMENT_3D('',#11478,#11479,#11480);
#11478 = CARTESIAN_POINT('',(-21.46990489946,23.747171377307,
    339.77746207493));
#11479 = DIRECTION('',(-0.49895835455,0.866625880998,3.779002164844E-04)
  );
#11480 = DIRECTION('',(0.866625942879,0.498958390178,-2.710505431214E-20
    ));
#11481 = DEFINITIONAL_REPRESENTATION('',(#11482),#11485);
#11482 = B_SPLINE_CURVE_WITH_KNOTS('',1,(#11483,#11484),.UNSPECIFIED.,
  .F.,.F.,(2,2),(0.,2.131282858152),.PIECEWISE_BEZIER_KNOTS.);
#11483 = CARTESIAN_POINT('',(0.846174100588,-5.598911615868));
#11484 = CARTESIAN_POINT('',(-0.43638311551,-3.896732539247));
#11485 = ( GEOMETRIC_REPRESENTATION_CONTEXT(2) 
PARAMETRIC_REPRESENTATION_CONTEXT() REPRESENTATION_CONTEXT('2D SPACE',''
  ) );
#11486 = ADVANCED_FACE('',(#11487),#11040,.T.);
#11487 = FACE_BOUND('',#11488,.T.);
#11488 = EDGE_LOOP('',(#11489,#11490,#11517));
#11489 = ORIENTED_EDGE('',*,*,#11026,.F.);
#11490 = ORIENTED_EDGE('',*,*,#11491,.T.);
#11491 = EDGE_CURVE('',#8656,#11492,#11494,.T.);
#11492 = VERTEX_POINT('',#11493);
#11493 = CARTESIAN_POINT('',(-19.66494178772,24.803285598755,
    347.10598754882));
#11494 = SURFACE_CURVE('',#11495,(#11499,#11506),.PCURVE_S1.);
#11495 = LINE('',#11496,#11497);
#11496 = CARTESIAN_POINT('',(-18.63585281372,25.433280944824,
    348.8628540039));
#11497 = VECTOR('',#11498,1.);
#11498 = DIRECTION('',(-0.482842570142,-0.295590157663,-0.824311537679)
  );
#11499 = PCURVE('',#11040,#11500);
#11500 = DEFINITIONAL_REPRESENTATION('',(#11501),#11505);
#11501 = LINE('',#11502,#11503);
#11502 = CARTESIAN_POINT('',(-1.03053297274,-12.37654839728));
#11503 = VECTOR('',#11504,1.);
#11504 = DIRECTION('',(0.955314845181,0.295590166576));
#11505 = ( GEOMETRIC_REPRESENTATION_CONTEXT(2) 
PARAMETRIC_REPRESENTATION_CONTEXT() REPRESENTATION_CONTEXT('2D SPACE',''
  ) );
#11506 = PCURVE('',#11507,#11512);
#11507 = PLANE('',#11508);
#11508 = AXIS2_PLACEMENT_3D('',#11509,#11510,#11511);
#11509 = CARTESIAN_POINT('',(-19.17249181311,25.114259214493,
    341.51257437506));
#11510 = DIRECTION('',(-0.523679257293,0.851914580603,1.258108467649E-03
    ));
#11511 = DIRECTION('',(0.851915254825,0.523679671743,0.));
#11512 = DEFINITIONAL_REPRESENTATION('',(#11513),#11516);
#11513 = B_SPLINE_CURVE_WITH_KNOTS('',1,(#11514,#11515),.UNSPECIFIED.,
  .F.,.F.,(2,2),(0.,2.131313677865),.PIECEWISE_BEZIER_KNOTS.);
#11514 = CARTESIAN_POINT('',(0.62423614494,-7.350285445996));
#11515 = CARTESIAN_POINT('',(-0.582376206611,-5.593417600499));
#11516 = ( GEOMETRIC_REPRESENTATION_CONTEXT(2) 
PARAMETRIC_REPRESENTATION_CONTEXT() REPRESENTATION_CONTEXT('2D SPACE',''
  ) );
#11517 = ORIENTED_EDGE('',*,*,#11518,.T.);
#11518 = EDGE_CURVE('',#11492,#10999,#11519,.T.);
#11519 = SURFACE_CURVE('',#11520,(#11524,#11531),.PCURVE_S1.);
#11520 = LINE('',#11521,#11522);
#11521 = CARTESIAN_POINT('',(-19.66494178772,24.803285598755,
    347.10598754882));
#11522 = VECTOR('',#11523,1.);
#11523 = DIRECTION('',(2.012810596961E-02,-0.999223492247,
    3.387140226658E-02));
#11524 = PCURVE('',#11040,#11525);
#11525 = DEFINITIONAL_REPRESENTATION('',(#11526),#11530);
#11526 = LINE('',#11527,#11528);
#11527 = CARTESIAN_POINT('',(1.005542623462,-11.74655303221));
#11528 = VECTOR('',#11529,1.);
#11529 = DIRECTION('',(-3.939990266637E-02,0.999223522376));
#11530 = ( GEOMETRIC_REPRESENTATION_CONTEXT(2) 
PARAMETRIC_REPRESENTATION_CONTEXT() REPRESENTATION_CONTEXT('2D SPACE',''
  ) );
#11531 = PCURVE('',#11201,#11532);
#11532 = DEFINITIONAL_REPRESENTATION('',(#11533),#11536);
#11533 = B_SPLINE_CURVE_WITH_KNOTS('',1,(#11534,#11535),.UNSPECIFIED.,
  .F.,.F.,(2,2),(0.,24.852731763948),.PIECEWISE_BEZIER_KNOTS.);
#11534 = CARTESIAN_POINT('',(0.124488073027,-12.77461775478));
#11535 = CARTESIAN_POINT('',(-0.854721752656,12.058815842844));
#11536 = ( GEOMETRIC_REPRESENTATION_CONTEXT(2) 
PARAMETRIC_REPRESENTATION_CONTEXT() REPRESENTATION_CONTEXT('2D SPACE',''
  ) );
#11537 = ADVANCED_FACE('',(#11538),#11201,.T.);
#11538 = FACE_BOUND('',#11539,.T.);
#11539 = EDGE_LOOP('',(#11540,#11541,#11542));
#11540 = ORIENTED_EDGE('',*,*,#11187,.F.);
#11541 = ORIENTED_EDGE('',*,*,#11518,.F.);
#11542 = ORIENTED_EDGE('',*,*,#11543,.T.);
#11543 = EDGE_CURVE('',#11492,#11160,#11544,.T.);
#11544 = SURFACE_CURVE('',#11545,(#11549,#11556),.PCURVE_S1.);
#11545 = LINE('',#11546,#11547);
#11546 = CARTESIAN_POINT('',(-19.66494178772,24.803285598755,
    347.10598754882));
#11547 = VECTOR('',#11548,1.);
#11548 = DIRECTION('',(-1.034574114616E-02,-0.999800903426,
    -1.706221408291E-02));
#11549 = PCURVE('',#11201,#11550);
#11550 = DEFINITIONAL_REPRESENTATION('',(#11551),#11555);
#11551 = LINE('',#11552,#11553);
#11552 = CARTESIAN_POINT('',(0.124488073027,-12.77461775478));
#11553 = VECTOR('',#11554,1.);
#11554 = DIRECTION('',(1.995343619196E-02,0.999800910374));
#11555 = ( GEOMETRIC_REPRESENTATION_CONTEXT(2) 
PARAMETRIC_REPRESENTATION_CONTEXT() REPRESENTATION_CONTEXT('2D SPACE',''
  ) );
#11556 = PCURVE('',#11557,#11562);
#11557 = PLANE('',#11558);
#11558 = AXIS2_PLACEMENT_3D('',#11559,#11560,#11561);
#11559 = CARTESIAN_POINT('',(-20.06377315153,12.739536858521,
    346.45750628211));
#11560 = DIRECTION('',(-0.850261788629,-1.843154467345E-04,
    0.526360006864));
#11561 = DIRECTION('',(-0.526360015804,0.,-0.850261803072));
#11562 = DEFINITIONAL_REPRESENTATION('',(#11563),#11566);
#11563 = B_SPLINE_CURVE_WITH_KNOTS('',1,(#11564,#11565),.UNSPECIFIED.,
  .F.,.F.,(2,2),(0.,24.83837123145),.PIECEWISE_BEZIER_KNOTS.);
#11564 = CARTESIAN_POINT('',(-0.761307734059,-12.06374894515));
#11565 = CARTESIAN_POINT('',(-0.265709367518,12.769677473498));
#11566 = ( GEOMETRIC_REPRESENTATION_CONTEXT(2) 
PARAMETRIC_REPRESENTATION_CONTEXT() REPRESENTATION_CONTEXT('2D SPACE',''
  ) );
#11567 = ADVANCED_FACE('',(#11568),#11557,.T.);
#11568 = FACE_BOUND('',#11569,.T.);
#11569 = EDGE_LOOP('',(#11570,#11571,#11596));
#11570 = ORIENTED_EDGE('',*,*,#11543,.F.);
#11571 = ORIENTED_EDGE('',*,*,#11572,.T.);
#11572 = EDGE_CURVE('',#11492,#11384,#11573,.T.);
#11573 = SURFACE_CURVE('',#11574,(#11578,#11585),.PCURVE_S1.);
#11574 = LINE('',#11575,#11576);
#11575 = CARTESIAN_POINT('',(-19.66494178772,24.803285598755,
    347.10598754882));
#11576 = VECTOR('',#11577,1.);
#11577 = DIRECTION('',(-0.502348208849,-0.298306222698,-0.81157850795));
#11578 = PCURVE('',#11557,#11579);
#11579 = DEFINITIONAL_REPRESENTATION('',(#11580),#11584);
#11580 = LINE('',#11581,#11582);
#11581 = CARTESIAN_POINT('',(-0.761307734059,-12.06374894515));
#11582 = VECTOR('',#11583,1.);
#11583 = DIRECTION('',(0.954470216653,0.298306227765));
#11584 = ( GEOMETRIC_REPRESENTATION_CONTEXT(2) 
PARAMETRIC_REPRESENTATION_CONTEXT() REPRESENTATION_CONTEXT('2D SPACE',''
  ) );
#11585 = PCURVE('',#11586,#11591);
#11586 = PLANE('',#11587);
#11587 = AXIS2_PLACEMENT_3D('',#11588,#11589,#11590);
#11588 = CARTESIAN_POINT('',(-20.3085301579,24.426144125869,
    340.63856222542));
#11589 = DIRECTION('',(-0.51153739841,0.859260643977,7.973336239645E-04)
  );
#11590 = DIRECTION('',(0.85926091711,0.511537561013,5.421010862428E-20)
  );
#11591 = DEFINITIONAL_REPRESENTATION('',(#11592),#11595);
#11592 = B_SPLINE_CURVE_WITH_KNOTS('',1,(#11593,#11594),.UNSPECIFIED.,
  .F.,.F.,(2,2),(0.,2.131173066893),.PIECEWISE_BEZIER_KNOTS.);
#11593 = CARTESIAN_POINT('',(0.745932362407,-6.467427379203));
#11594 = CARTESIAN_POINT('',(-0.499190626844,-4.737812571597));
#11595 = ( GEOMETRIC_REPRESENTATION_CONTEXT(2) 
PARAMETRIC_REPRESENTATION_CONTEXT() REPRESENTATION_CONTEXT('2D SPACE',''
  ) );
#11596 = ORIENTED_EDGE('',*,*,#11597,.T.);
#11597 = EDGE_CURVE('',#11384,#11160,#11598,.T.);
#11598 = SURFACE_CURVE('',#11599,(#11603,#11610),.PCURVE_S1.);
#11599 = LINE('',#11600,#11601);
#11600 = CARTESIAN_POINT('',(-20.73553276062,24.167543411255,
    345.37637329101));
#11601 = VECTOR('',#11602,1.);
#11602 = DIRECTION('',(3.355610254865E-02,-0.997984740935,
    5.385577817355E-02));
#11603 = PCURVE('',#11557,#11604);
#11604 = DEFINITIONAL_REPRESENTATION('',(#11605),#11609);
#11605 = LINE('',#11606,#11607);
#11606 = CARTESIAN_POINT('',(1.272833484823,-11.42800674685));
#11607 = VECTOR('',#11608,1.);
#11608 = DIRECTION('',(-6.34541017235E-02,0.997984757887));
#11609 = ( GEOMETRIC_REPRESENTATION_CONTEXT(2) 
PARAMETRIC_REPRESENTATION_CONTEXT() REPRESENTATION_CONTEXT('2D SPACE',''
  ) );
#11610 = PCURVE('',#11313,#11611);
#11611 = DEFINITIONAL_REPRESENTATION('',(#11612),#11615);
#11612 = B_SPLINE_CURVE_WITH_KNOTS('',1,(#11613,#11614),.UNSPECIFIED.,
  .F.,.F.,(2,2),(0.,24.246546882726),.PIECEWISE_BEZIER_KNOTS.);
#11613 = CARTESIAN_POINT('',(0.412759595269,-12.45629501113));
#11614 = CARTESIAN_POINT('',(-1.125789607117,11.741388805464));
#11615 = ( GEOMETRIC_REPRESENTATION_CONTEXT(2) 
PARAMETRIC_REPRESENTATION_CONTEXT() REPRESENTATION_CONTEXT('2D SPACE',''
  ) );
#11616 = ADVANCED_FACE('',(#11617),#11313,.T.);
#11617 = FACE_BOUND('',#11618,.T.);
#11618 = EDGE_LOOP('',(#11619,#11620,#11621));
#11619 = ORIENTED_EDGE('',*,*,#11299,.F.);
#11620 = ORIENTED_EDGE('',*,*,#11597,.F.);
#11621 = ORIENTED_EDGE('',*,*,#11411,.F.);
#11622 = ADVANCED_FACE('',(#11623),#11450,.T.);
#11623 = FACE_BOUND('',#11624,.T.);
#11624 = EDGE_LOOP('',(#11625,#11652,#11653));
#11625 = ORIENTED_EDGE('',*,*,#11626,.T.);
#11626 = EDGE_CURVE('',#11627,#11328,#11629,.T.);
#11627 = VERTEX_POINT('',#11628);
#11628 = CARTESIAN_POINT('',(-22.32597541809,-3.011807054281E-02,
    342.96838378906));
#11629 = SURFACE_CURVE('',#11630,(#11634,#11641),.PCURVE_S1.);
#11630 = LINE('',#11631,#11632);
#11631 = CARTESIAN_POINT('',(-22.32597541809,-3.011807054281E-02,
    342.96838378906));
#11632 = VECTOR('',#11633,1.);
#11633 = DIRECTION('',(0.558161297254,-5.049381946496E-06,0.829732466656
    ));
#11634 = PCURVE('',#11450,#11635);
#11635 = DEFINITIONAL_REPRESENTATION('',(#11636),#11640);
#11636 = LINE('',#11637,#11638);
#11637 = CARTESIAN_POINT('',(0.793288264727,11.421799415911));
#11638 = VECTOR('',#11639,1.);
#11639 = DIRECTION('',(-0.999999999987,5.049381992325E-06));
#11640 = ( GEOMETRIC_REPRESENTATION_CONTEXT(2) 
PARAMETRIC_REPRESENTATION_CONTEXT() REPRESENTATION_CONTEXT('2D SPACE',''
  ) );
#11641 = PCURVE('',#11642,#11647);
#11642 = PLANE('',#11643);
#11643 = AXIS2_PLACEMENT_3D('',#11644,#11645,#11646);
#11644 = CARTESIAN_POINT('',(-21.88142141394,-11.43320976777,
    343.62647847875));
#11645 = DIRECTION('',(-0.8297324595,-1.348673914966E-04,0.55816129162)
  );
#11646 = DIRECTION('',(-0.558161296696,1.355252715607E-20,
    -0.829732467046));
#11647 = DEFINITIONAL_REPRESENTATION('',(#11648),#11651);
#11648 = B_SPLINE_CURVE_WITH_KNOTS('',1,(#11649,#11650),.UNSPECIFIED.,
  .F.,.F.,(2,2),(0.,1.474805309944),.PIECEWISE_BEZIER_KNOTS.);
#11649 = CARTESIAN_POINT('',(0.794175369837,-11.40309180093));
#11650 = CARTESIAN_POINT('',(-0.680629940088,-11.40308435408));
#11651 = ( GEOMETRIC_REPRESENTATION_CONTEXT(2) 
PARAMETRIC_REPRESENTATION_CONTEXT() REPRESENTATION_CONTEXT('2D SPACE',''
  ) );
#11652 = ORIENTED_EDGE('',*,*,#11434,.F.);
#11653 = ORIENTED_EDGE('',*,*,#11654,.T.);
#11654 = EDGE_CURVE('',#11435,#11627,#11655,.T.);
#11655 = SURFACE_CURVE('',#11656,(#11660,#11667),.PCURVE_S1.);
#11656 = LINE('',#11657,#11658);
#11657 = CARTESIAN_POINT('',(-21.84735107421,23.528158187866,
    343.67419433593));
#11658 = VECTOR('',#11659,1.);
#11659 = DIRECTION('',(-2.030331324248E-02,-0.99934545422,
    -2.994058452422E-02));
#11660 = PCURVE('',#11450,#11661);
#11661 = DEFINITIONAL_REPRESENTATION('',(#11662),#11666);
#11662 = LINE('',#11663,#11664);
#11663 = CARTESIAN_POINT('',(-5.949524600931E-02,-12.13647705631));
#11664 = VECTOR('',#11665,1.);
#11665 = DIRECTION('',(3.617519870892E-02,0.99934546329));
#11666 = ( GEOMETRIC_REPRESENTATION_CONTEXT(2) 
PARAMETRIC_REPRESENTATION_CONTEXT() REPRESENTATION_CONTEXT('2D SPACE',''
  ) );
#11667 = PCURVE('',#11668,#11673);
#11668 = PLANE('',#11669);
#11669 = AXIS2_PLACEMENT_3D('',#11670,#11671,#11672);
#11670 = CARTESIAN_POINT('',(-22.37325794451,12.099834507384,
    342.90524989798));
#11671 = DIRECTION('',(-0.823618732646,-2.585977231018E-04,
    0.567143823348));
#11672 = DIRECTION('',(-0.567143842311,0.,-0.823618760185));
#11673 = DEFINITIONAL_REPRESENTATION('',(#11674),#11677);
#11674 = B_SPLINE_CURVE_WITH_KNOTS('',1,(#11675,#11676),.UNSPECIFIED.,
  .F.,.F.,(2,2),(0.,23.573706328411),.PIECEWISE_BEZIER_KNOTS.);
#11675 = CARTESIAN_POINT('',(-0.931581907751,-11.4283240626));
#11676 = CARTESIAN_POINT('',(-7.881425080067E-02,12.129952983509));
#11677 = ( GEOMETRIC_REPRESENTATION_CONTEXT(2) 
PARAMETRIC_REPRESENTATION_CONTEXT() REPRESENTATION_CONTEXT('2D SPACE',''
  ) );
#11678 = ADVANCED_FACE('',(#11679),#11668,.T.);
#11679 = FACE_BOUND('',#11680,.T.);
#11680 = EDGE_LOOP('',(#11681,#11708,#11709));
#11681 = ORIENTED_EDGE('',*,*,#11682,.T.);
#11682 = EDGE_CURVE('',#11683,#11627,#11685,.T.);
#11683 = VERTEX_POINT('',#11684);
#11684 = CARTESIAN_POINT('',(-23.,22.887281417847,342.));
#11685 = SURFACE_CURVE('',#11686,(#11690,#11697),.PCURVE_S1.);
#11686 = LINE('',#11687,#11688);
#11687 = CARTESIAN_POINT('',(-23.,22.887281417847,342.));
#11688 = VECTOR('',#11689,1.);
#11689 = DIRECTION('',(2.937214117983E-02,-0.998677364765,
    4.219950745422E-02));
#11690 = PCURVE('',#11668,#11691);
#11691 = DEFINITIONAL_REPRESENTATION('',(#11692),#11696);
#11692 = LINE('',#11693,#11694);
#11693 = CARTESIAN_POINT('',(1.101033696126,-10.78744727115));
#11694 = VECTOR('',#11695,1.);
#11695 = DIRECTION('',(-5.14145350155E-02,0.998677398157));
#11696 = ( GEOMETRIC_REPRESENTATION_CONTEXT(2) 
PARAMETRIC_REPRESENTATION_CONTEXT() REPRESENTATION_CONTEXT('2D SPACE',''
  ) );
#11697 = PCURVE('',#11698,#11703);
#11698 = PLANE('',#11699);
#11699 = AXIS2_PLACEMENT_3D('',#11700,#11701,#11702);
#11700 = CARTESIAN_POINT('',(-22.83138211534,-6.582608092655E-03,
    342.24225648504));
#11701 = DIRECTION('',(-0.820759637165,-9.515569050218E-20,
    0.571273680473));
#11702 = DIRECTION('',(-0.571273680473,0.,-0.820759637165));
#11703 = DEFINITIONAL_REPRESENTATION('',(#11704),#11707);
#11704 = B_SPLINE_CURVE_WITH_KNOTS('',1,(#11705,#11706),.UNSPECIFIED.,
  .F.,.F.,(2,2),(0.,22.947750992426),.PIECEWISE_BEZIER_KNOTS.);
#11705 = CARTESIAN_POINT('',(0.295161304328,-22.89386402593));
#11706 = CARTESIAN_POINT('',(-0.884701526655,2.353546245016E-02));
#11707 = ( GEOMETRIC_REPRESENTATION_CONTEXT(2) 
PARAMETRIC_REPRESENTATION_CONTEXT() REPRESENTATION_CONTEXT('2D SPACE',''
  ) );
#11708 = ORIENTED_EDGE('',*,*,#11654,.F.);
#11709 = ORIENTED_EDGE('',*,*,#11710,.T.);
#11710 = EDGE_CURVE('',#11435,#11683,#11711,.T.);
#11711 = SURFACE_CURVE('',#11712,(#11716,#11723),.PCURVE_S1.);
#11712 = LINE('',#11713,#11714);
#11713 = CARTESIAN_POINT('',(-21.84735107421,23.528158187866,
    343.67419433593));
#11714 = VECTOR('',#11715,1.);
#11715 = DIRECTION('',(-0.54083098958,-0.300703891684,-0.785543767232));
#11716 = PCURVE('',#11668,#11717);
#11717 = DEFINITIONAL_REPRESENTATION('',(#11718),#11722);
#11718 = LINE('',#11719,#11720);
#11719 = CARTESIAN_POINT('',(-0.931581907751,-11.4283240626));
#11720 = VECTOR('',#11721,1.);
#11721 = DIRECTION('',(0.953717549109,0.300703901739));
#11722 = ( GEOMETRIC_REPRESENTATION_CONTEXT(2) 
PARAMETRIC_REPRESENTATION_CONTEXT() REPRESENTATION_CONTEXT('2D SPACE',''
  ) );
#11723 = PCURVE('',#11724,#11729);
#11724 = PLANE('',#11725);
#11725 = AXIS2_PLACEMENT_3D('',#11726,#11727,#11728);
#11726 = CARTESIAN_POINT('',(-22.65542279733,23.078867528525,
    338.92899213208));
#11727 = DIRECTION('',(-0.485942028594,0.873991043916,
    -1.050105130456E-17));
#11728 = DIRECTION('',(0.873991043916,0.485942028594,0.));
#11729 = DEFINITIONAL_REPRESENTATION('',(#11730),#11733);
#11730 = B_SPLINE_CURVE_WITH_KNOTS('',1,(#11731,#11732),.UNSPECIFIED.,
  .F.,.F.,(2,2),(0.,2.131255323733),.PIECEWISE_BEZIER_KNOTS.);
#11731 = CARTESIAN_POINT('',(0.924576663271,-4.74520220385));
#11732 = CARTESIAN_POINT('',(-0.394257132343,-3.071007867912));
#11733 = ( GEOMETRIC_REPRESENTATION_CONTEXT(2) 
PARAMETRIC_REPRESENTATION_CONTEXT() REPRESENTATION_CONTEXT('2D SPACE',''
  ) );
#11734 = ADVANCED_FACE('',(#11735),#11698,.T.);
#11735 = FACE_BOUND('',#11736,.T.);
#11736 = EDGE_LOOP('',(#11737,#11764,#11765));
#11737 = ORIENTED_EDGE('',*,*,#11738,.T.);
#11738 = EDGE_CURVE('',#11739,#11627,#11741,.T.);
#11739 = VERTEX_POINT('',#11740);
#11740 = CARTESIAN_POINT('',(-23.,-22.90041542053,342.));
#11741 = SURFACE_CURVE('',#11742,(#11746,#11753),.PCURVE_S1.);
#11742 = LINE('',#11743,#11744);
#11743 = CARTESIAN_POINT('',(-23.,-22.90041542053,342.));
#11744 = VECTOR('',#11745,1.);
#11745 = DIRECTION('',(2.943247367463E-02,0.998671921991,
    4.228618828381E-02));
#11746 = PCURVE('',#11698,#11747);
#11747 = DEFINITIONAL_REPRESENTATION('',(#11748),#11752);
#11748 = LINE('',#11749,#11750);
#11749 = CARTESIAN_POINT('',(0.295161304328,22.89383281244));
#11750 = VECTOR('',#11751,1.);
#11751 = DIRECTION('',(-5.152079411443E-02,-0.998671921991));
#11752 = ( GEOMETRIC_REPRESENTATION_CONTEXT(2) 
PARAMETRIC_REPRESENTATION_CONTEXT() REPRESENTATION_CONTEXT('2D SPACE',''
  ) );
#11753 = PCURVE('',#11754,#11759);
#11754 = PLANE('',#11755);
#11755 = AXIS2_PLACEMENT_3D('',#11756,#11757,#11758);
#11756 = CARTESIAN_POINT('',(-22.37293201372,-12.14002029736,
    342.90573428817));
#11757 = DIRECTION('',(-0.82362393324,2.596033938005E-04,0.567136270398)
  );
#11758 = DIRECTION('',(-0.567136289509,0.,-0.823623960993));
#11759 = DEFINITIONAL_REPRESENTATION('',(#11760),#11763);
#11760 = B_SPLINE_CURVE_WITH_KNOTS('',1,(#11761,#11762),.UNSPECIFIED.,
  .F.,.F.,(2,2),(0.,22.900711281025),.PIECEWISE_BEZIER_KNOTS.);
#11761 = CARTESIAN_POINT('',(1.101617473039,10.760395485765));
#11762 = CARTESIAN_POINT('',(-7.823041949216E-02,-12.10990263488));
#11763 = ( GEOMETRIC_REPRESENTATION_CONTEXT(2) 
PARAMETRIC_REPRESENTATION_CONTEXT() REPRESENTATION_CONTEXT('2D SPACE',''
  ) );
#11764 = ORIENTED_EDGE('',*,*,#11682,.F.);
#11765 = ORIENTED_EDGE('',*,*,#11766,.T.);
#11766 = EDGE_CURVE('',#11683,#11739,#11767,.T.);
#11767 = SURFACE_CURVE('',#11768,(#11772,#11779),.PCURVE_S1.);
#11768 = LINE('',#11769,#11770);
#11769 = CARTESIAN_POINT('',(-23.,22.887281417847,342.));
#11770 = VECTOR('',#11771,1.);
#11771 = DIRECTION('',(0.,-1.,0.));
#11772 = PCURVE('',#11698,#11773);
#11773 = DEFINITIONAL_REPRESENTATION('',(#11774),#11778);
#11774 = LINE('',#11775,#11776);
#11775 = CARTESIAN_POINT('',(0.295161304328,-22.89386402593));
#11776 = VECTOR('',#11777,1.);
#11777 = DIRECTION('',(0.,1.));
#11778 = ( GEOMETRIC_REPRESENTATION_CONTEXT(2) 
PARAMETRIC_REPRESENTATION_CONTEXT() REPRESENTATION_CONTEXT('2D SPACE',''
  ) );
#11779 = PCURVE('',#11780,#11785);
#11780 = PLANE('',#11781);
#11781 = AXIS2_PLACEMENT_3D('',#11782,#11783,#11784);
#11782 = CARTESIAN_POINT('',(-23.,-1.833161015104,339.82659401376));
#11783 = DIRECTION('',(-1.,-0.,-0.));
#11784 = DIRECTION('',(0.,0.,-1.));
#11785 = DEFINITIONAL_REPRESENTATION('',(#11786),#11789);
#11786 = B_SPLINE_CURVE_WITH_KNOTS('',1,(#11787,#11788),.UNSPECIFIED.,
  .F.,.F.,(2,2),(0.,45.787696838379),.PIECEWISE_BEZIER_KNOTS.);
#11787 = CARTESIAN_POINT('',(-2.173405986239,-24.72044243295));
#11788 = CARTESIAN_POINT('',(-2.173405986239,21.067254405428));
#11789 = ( GEOMETRIC_REPRESENTATION_CONTEXT(2) 
PARAMETRIC_REPRESENTATION_CONTEXT() REPRESENTATION_CONTEXT('2D SPACE',''
  ) );
#11790 = ADVANCED_FACE('',(#11791),#11754,.T.);
#11791 = FACE_BOUND('',#11792,.T.);
#11792 = EDGE_LOOP('',(#11793,#11794,#11821));
#11793 = ORIENTED_EDGE('',*,*,#11738,.F.);
#11794 = ORIENTED_EDGE('',*,*,#11795,.T.);
#11795 = EDGE_CURVE('',#11739,#11796,#11798,.T.);
#11796 = VERTEX_POINT('',#11797);
#11797 = CARTESIAN_POINT('',(-21.846326828,-23.55093574523,
    343.67572021484));
#11798 = SURFACE_CURVE('',#11799,(#11803,#11810),.PCURVE_S1.);
#11799 = LINE('',#11800,#11801);
#11800 = CARTESIAN_POINT('',(-23.,-22.90041542053,342.));
#11801 = VECTOR('',#11802,1.);
#11802 = DIRECTION('',(0.540128062181,-0.304561370518,0.784540660535));
#11803 = PCURVE('',#11754,#11804);
#11804 = DEFINITIONAL_REPRESENTATION('',(#11805),#11809);
#11805 = LINE('',#11806,#11807);
#11806 = CARTESIAN_POINT('',(1.101617473039,10.760395485765));
#11807 = VECTOR('',#11808,1.);
#11808 = DIRECTION('',(-0.952492711435,0.304561380781));
#11809 = ( GEOMETRIC_REPRESENTATION_CONTEXT(2) 
PARAMETRIC_REPRESENTATION_CONTEXT() REPRESENTATION_CONTEXT('2D SPACE',''
  ) );
#11810 = PCURVE('',#11811,#11816);
#11811 = PLANE('',#11812);
#11812 = AXIS2_PLACEMENT_3D('',#11813,#11814,#11815);
#11813 = CARTESIAN_POINT('',(-22.65503571589,-23.09493002272,
    338.93035493689));
#11814 = DIRECTION('',(-0.491166719524,-0.87106558515,3.149977209964E-17
    ));
#11815 = DIRECTION('',(-0.87106558515,0.491166719524,1.54074395551E-33)
  );
#11816 = DEFINITIONAL_REPRESENTATION('',(#11817),#11820);
#11817 = B_SPLINE_CURVE_WITH_KNOTS('',1,(#11818,#11819),.UNSPECIFIED.,
  .F.,.F.,(2,2),(0.,2.135925260649),.PIECEWISE_BEZIER_KNOTS.);
#11818 = CARTESIAN_POINT('',(0.396025615043,-3.069645063102));
#11819 = CARTESIAN_POINT('',(-0.928413315464,-4.745365277945));
#11820 = ( GEOMETRIC_REPRESENTATION_CONTEXT(2) 
PARAMETRIC_REPRESENTATION_CONTEXT() REPRESENTATION_CONTEXT('2D SPACE',''
  ) );
#11821 = ORIENTED_EDGE('',*,*,#11822,.T.);
#11822 = EDGE_CURVE('',#11796,#11627,#11823,.T.);
#11823 = SURFACE_CURVE('',#11824,(#11828,#11835),.PCURVE_S1.);
#11824 = LINE('',#11825,#11826);
#11825 = CARTESIAN_POINT('',(-21.846326828,-23.55093574523,
    343.67572021484));
#11826 = VECTOR('',#11827,1.);
#11827 = DIRECTION('',(-2.037906536304E-02,0.999340539492,
    -3.005295033185E-02));
#11828 = PCURVE('',#11754,#11829);
#11829 = DEFINITIONAL_REPRESENTATION('',(#11830),#11834);
#11830 = LINE('',#11831,#11832);
#11831 = CARTESIAN_POINT('',(-0.932835769899,11.410915832393));
#11832 = VECTOR('',#11833,1.);
#11833 = DIRECTION('',(3.631003750551E-02,-0.999340573166));
#11834 = ( GEOMETRIC_REPRESENTATION_CONTEXT(2) 
PARAMETRIC_REPRESENTATION_CONTEXT() REPRESENTATION_CONTEXT('2D SPACE',''
  ) );
#11835 = PCURVE('',#11642,#11836);
#11836 = DEFINITIONAL_REPRESENTATION('',(#11837),#11840);
#11837 = B_SPLINE_CURVE_WITH_KNOTS('',1,(#11838,#11839),.UNSPECIFIED.,
  .F.,.F.,(2,2),(0.,23.536338960754),.PIECEWISE_BEZIER_KNOTS.);
#11838 = CARTESIAN_POINT('',(-6.044590676047E-02,12.117726087673));
#11839 = CARTESIAN_POINT('',(0.794175369837,-11.40309180093));
#11840 = ( GEOMETRIC_REPRESENTATION_CONTEXT(2) 
PARAMETRIC_REPRESENTATION_CONTEXT() REPRESENTATION_CONTEXT('2D SPACE',''
  ) );
#11841 = ADVANCED_FACE('',(#11842),#11642,.T.);
#11842 = FACE_BOUND('',#11843,.T.);
#11843 = EDGE_LOOP('',(#11844,#11845,#11846));
#11844 = ORIENTED_EDGE('',*,*,#11626,.F.);
#11845 = ORIENTED_EDGE('',*,*,#11822,.F.);
#11846 = ORIENTED_EDGE('',*,*,#11847,.T.);
#11847 = EDGE_CURVE('',#11796,#11328,#11848,.T.);
#11848 = SURFACE_CURVE('',#11849,(#11853,#11860),.PCURVE_S1.);
#11849 = LINE('',#11850,#11851);
#11850 = CARTESIAN_POINT('',(-21.846326828,-23.55093574523,
    343.67572021484));
#11851 = VECTOR('',#11852,1.);
#11852 = DIRECTION('',(1.460031742342E-02,0.999652550586,
    2.1945588132E-02));
#11853 = PCURVE('',#11642,#11854);
#11854 = DEFINITIONAL_REPRESENTATION('',(#11855),#11859);
#11855 = LINE('',#11856,#11857);
#11856 = CARTESIAN_POINT('',(-6.044590676047E-02,12.117726087673));
#11857 = VECTOR('',#11858,1.);
#11858 = DIRECTION('',(-2.635829908678E-02,-0.999652559677));
#11859 = ( GEOMETRIC_REPRESENTATION_CONTEXT(2) 
PARAMETRIC_REPRESENTATION_CONTEXT() REPRESENTATION_CONTEXT('2D SPACE',''
  ) );
#11860 = PCURVE('',#11343,#11861);
#11861 = DEFINITIONAL_REPRESENTATION('',(#11862),#11865);
#11862 = B_SPLINE_CURVE_WITH_KNOTS('',1,(#11863,#11864),.UNSPECIFIED.,
  .F.,.F.,(2,2),(0.,23.528985360021),.PIECEWISE_BEZIER_KNOTS.);
#11863 = CARTESIAN_POINT('',(0.834190770363,11.084962703583));
#11864 = CARTESIAN_POINT('',(0.214020577119,-12.43584810309));
#11865 = ( GEOMETRIC_REPRESENTATION_CONTEXT(2) 
PARAMETRIC_REPRESENTATION_CONTEXT() REPRESENTATION_CONTEXT('2D SPACE',''
  ) );
#11866 = ADVANCED_FACE('',(#11867),#11343,.T.);
#11867 = FACE_BOUND('',#11868,.T.);
#11868 = EDGE_LOOP('',(#11869,#11870,#11895));
#11869 = ORIENTED_EDGE('',*,*,#11847,.F.);
#11870 = ORIENTED_EDGE('',*,*,#11871,.T.);
#11871 = EDGE_CURVE('',#11796,#11216,#11872,.T.);
#11872 = SURFACE_CURVE('',#11873,(#11877,#11884),.PCURVE_S1.);
#11873 = LINE('',#11874,#11875);
#11874 = CARTESIAN_POINT('',(-21.846326828,-23.55093574523,
    343.67572021484));
#11875 = VECTOR('',#11876,1.);
#11876 = DIRECTION('',(0.520853248567,-0.304529581353,0.797479546783));
#11877 = PCURVE('',#11343,#11878);
#11878 = DEFINITIONAL_REPRESENTATION('',(#11879),#11883);
#11879 = LINE('',#11880,#11881);
#11880 = CARTESIAN_POINT('',(0.834190770363,11.084962703583));
#11881 = VECTOR('',#11882,1.);
#11882 = DIRECTION('',(-0.952502876382,0.304529588847));
#11883 = ( GEOMETRIC_REPRESENTATION_CONTEXT(2) 
PARAMETRIC_REPRESENTATION_CONTEXT() REPRESENTATION_CONTEXT('2D SPACE',''
  ) );
#11884 = PCURVE('',#11885,#11890);
#11885 = PLANE('',#11886);
#11886 = AXIS2_PLACEMENT_3D('',#11887,#11888,#11889);
#11887 = CARTESIAN_POINT('',(-21.27881186695,-23.88144027839,
    339.7789208436));
#11888 = DIRECTION('',(-0.504464356611,-0.863432485398,
    -2.367889915197E-04));
#11889 = DIRECTION('',(-0.863432509604,0.504464370753,0.));
#11890 = DEFINITIONAL_REPRESENTATION('',(#11891),#11894);
#11891 = B_SPLINE_CURVE_WITH_KNOTS('',1,(#11892,#11893),.UNSPECIFIED.,
  .F.,.F.,(2,2),(0.,2.135979117049),.PIECEWISE_BEZIER_KNOTS.);
#11892 = CARTESIAN_POINT('',(0.656738628402,-3.896799480485));
#11893 = CARTESIAN_POINT('',(-0.631995723672,-5.600199186442));
#11894 = ( GEOMETRIC_REPRESENTATION_CONTEXT(2) 
PARAMETRIC_REPRESENTATION_CONTEXT() REPRESENTATION_CONTEXT('2D SPACE',''
  ) );
#11895 = ORIENTED_EDGE('',*,*,#11327,.F.);
#11896 = ADVANCED_FACE('',(#11897),#7515,.T.);
#11897 = FACE_BOUND('',#11898,.T.);
#11898 = EDGE_LOOP('',(#11899,#11900,#11901));
#11899 = ORIENTED_EDGE('',*,*,#11054,.F.);
#11900 = ORIENTED_EDGE('',*,*,#7499,.F.);
#11901 = ORIENTED_EDGE('',*,*,#7555,.F.);
#11902 = ADVANCED_FACE('',(#11903),#7784,.T.);
#11903 = FACE_BOUND('',#11904,.T.);
#11904 = EDGE_LOOP('',(#11905,#11906,#11907));
#11905 = ORIENTED_EDGE('',*,*,#10774,.F.);
#11906 = ORIENTED_EDGE('',*,*,#7768,.F.);
#11907 = ORIENTED_EDGE('',*,*,#11908,.T.);
#11908 = EDGE_CURVE('',#7769,#8088,#11909,.T.);
#11909 = SURFACE_CURVE('',#11910,(#11914,#11921),.PCURVE_S1.);
#11910 = LINE('',#11911,#11912);
#11911 = CARTESIAN_POINT('',(-18.10052680969,-24.33823394775,
    349.81741333007));
#11912 = VECTOR('',#11913,1.);
#11913 = DIRECTION('',(2.108534012891E-03,0.999990448495,
    3.828446464237E-03));
#11914 = PCURVE('',#7784,#11915);
#11915 = DEFINITIONAL_REPRESENTATION('',(#11916),#11920);
#11916 = LINE('',#11917,#11918);
#11917 = CARTESIAN_POINT('',(6.485001145399E-02,23.686644928025));
#11918 = VECTOR('',#11919,1.);
#11919 = DIRECTION('',(-4.370678493258E-03,-0.999990448539));
#11920 = ( GEOMETRIC_REPRESENTATION_CONTEXT(2) 
PARAMETRIC_REPRESENTATION_CONTEXT() REPRESENTATION_CONTEXT('2D SPACE',''
  ) );
#11921 = PCURVE('',#8103,#11922);
#11922 = DEFINITIONAL_REPRESENTATION('',(#11923),#11926);
#11923 = B_SPLINE_CURVE_WITH_KNOTS('',1,(#11924,#11925),.UNSPECIFIED.,
  .F.,.F.,(2,2),(0.,47.676162242487),.PIECEWISE_BEZIER_KNOTS.);
#11924 = CARTESIAN_POINT('',(0.155259370223,23.832246647019));
#11925 = CARTESIAN_POINT('',(-5.31182819181E-02,-23.84346021639));
#11926 = ( GEOMETRIC_REPRESENTATION_CONTEXT(2) 
PARAMETRIC_REPRESENTATION_CONTEXT() REPRESENTATION_CONTEXT('2D SPACE',''
  ) );
#11927 = ADVANCED_FACE('',(#11928),#8103,.T.);
#11928 = FACE_BOUND('',#11929,.T.);
#11929 = EDGE_LOOP('',(#11930,#11931,#11932));
#11930 = ORIENTED_EDGE('',*,*,#8087,.F.);
#11931 = ORIENTED_EDGE('',*,*,#11908,.F.);
#11932 = ORIENTED_EDGE('',*,*,#11933,.T.);
#11933 = EDGE_CURVE('',#7769,#8012,#11934,.T.);
#11934 = SURFACE_CURVE('',#11935,(#11939,#11946),.PCURVE_S1.);
#11935 = LINE('',#11936,#11937);
#11936 = CARTESIAN_POINT('',(-18.10052680969,-24.33823394775,
    349.81741333007));
#11937 = VECTOR('',#11938,1.);
#11938 = DIRECTION('',(0.10463857263,0.97618129471,0.190054857807));
#11939 = PCURVE('',#8103,#11940);
#11940 = DEFINITIONAL_REPRESENTATION('',(#11941),#11945);
#11941 = LINE('',#11942,#11943);
#11942 = CARTESIAN_POINT('',(0.155259370223,23.832246647019));
#11943 = VECTOR('',#11944,1.);
#11944 = DIRECTION('',(-0.216956400822,-0.97618129471));
#11945 = ( GEOMETRIC_REPRESENTATION_CONTEXT(2) 
PARAMETRIC_REPRESENTATION_CONTEXT() REPRESENTATION_CONTEXT('2D SPACE',''
  ) );
#11946 = PCURVE('',#7865,#11947);
#11947 = DEFINITIONAL_REPRESENTATION('',(#11948),#11951);
#11948 = B_SPLINE_CURVE_WITH_KNOTS('',1,(#11949,#11950),.UNSPECIFIED.,
  .F.,.F.,(2,2),(0.,0.960705093409),.PIECEWISE_BEZIER_KNOTS.);
#11949 = CARTESIAN_POINT('',(0.115455088489,0.465983571885));
#11950 = CARTESIAN_POINT('',(-9.297584951199E-02,-0.471838810332));
#11951 = ( GEOMETRIC_REPRESENTATION_CONTEXT(2) 
PARAMETRIC_REPRESENTATION_CONTEXT() REPRESENTATION_CONTEXT('2D SPACE',''
  ) );
#11952 = ADVANCED_FACE('',(#11953),#7865,.T.);
#11953 = FACE_BOUND('',#11954,.T.);
#11954 = EDGE_LOOP('',(#11955,#11975,#11976));
#11955 = ORIENTED_EDGE('',*,*,#11956,.T.);
#11956 = EDGE_CURVE('',#7850,#8012,#11957,.T.);
#11957 = SURFACE_CURVE('',#11958,(#11962,#11969),.PCURVE_S1.);
#11958 = LINE('',#11959,#11960);
#11959 = CARTESIAN_POINT('',(-18.04531097412,-24.03707504272,
    349.91757202148));
#11960 = VECTOR('',#11961,1.);
#11961 = DIRECTION('',(7.0405202847E-02,0.989261857397,0.128078432659));
#11962 = PCURVE('',#7865,#11963);
#11963 = DEFINITIONAL_REPRESENTATION('',(#11964),#11968);
#11964 = LINE('',#11965,#11966);
#11965 = CARTESIAN_POINT('',(1.084881845418E-03,0.164824653915));
#11966 = VECTOR('',#11967,1.);
#11967 = DIRECTION('',(-0.146153663646,-0.989261899905));
#11968 = ( GEOMETRIC_REPRESENTATION_CONTEXT(2) 
PARAMETRIC_REPRESENTATION_CONTEXT() REPRESENTATION_CONTEXT('2D SPACE',''
  ) );
#11969 = PCURVE('',#7946,#11970);
#11970 = DEFINITIONAL_REPRESENTATION('',(#11971),#11974);
#11971 = B_SPLINE_CURVE_WITH_KNOTS('',1,(#11972,#11973),.UNSPECIFIED.,
  .F.,.F.,(2,2),(0.,0.643574228734),.PIECEWISE_BEZIER_KNOTS.);
#11972 = CARTESIAN_POINT('',(5.286526991004E-02,0.317469467499));
#11973 = CARTESIAN_POINT('',(-4.119563994279E-02,-0.319193970376));
#11974 = ( GEOMETRIC_REPRESENTATION_CONTEXT(2) 
PARAMETRIC_REPRESENTATION_CONTEXT() REPRESENTATION_CONTEXT('2D SPACE',''
  ) );
#11975 = ORIENTED_EDGE('',*,*,#11933,.F.);
#11976 = ORIENTED_EDGE('',*,*,#7849,.F.);
#11977 = ADVANCED_FACE('',(#11978),#7946,.T.);
#11978 = FACE_BOUND('',#11979,.T.);
#11979 = EDGE_LOOP('',(#11980,#11981,#11982));
#11980 = ORIENTED_EDGE('',*,*,#8011,.F.);
#11981 = ORIENTED_EDGE('',*,*,#11956,.F.);
#11982 = ORIENTED_EDGE('',*,*,#7930,.F.);
#11983 = ADVANCED_FACE('',(#11984),#7028,.T.);
#11984 = FACE_BOUND('',#11985,.T.);
#11985 = EDGE_LOOP('',(#11986,#11987,#11988));
#11986 = ORIENTED_EDGE('',*,*,#7012,.F.);
#11987 = ORIENTED_EDGE('',*,*,#7093,.F.);
#11988 = ORIENTED_EDGE('',*,*,#11989,.T.);
#11989 = EDGE_CURVE('',#7094,#2324,#11990,.T.);
#11990 = SURFACE_CURVE('',#11991,(#11995,#12002),.PCURVE_S1.);
#11991 = LINE('',#11992,#11993);
#11992 = CARTESIAN_POINT('',(-18.04672813415,-25.87013244628,
    347.88784790039));
#11993 = VECTOR('',#11994,1.);
#11994 = DIRECTION('',(0.119257764774,-7.728705381124E-02,
    -0.989850643711));
#11995 = PCURVE('',#7028,#11996);
#11996 = DEFINITIONAL_REPRESENTATION('',(#11997),#12001);
#11997 = LINE('',#11998,#11999);
#11998 = CARTESIAN_POINT('',(3.125877931182E-02,-0.193433620433));
#11999 = VECTOR('',#12000,1.);
#12000 = DIRECTION('',(-0.142111570933,0.98985064601));
#12001 = ( GEOMETRIC_REPRESENTATION_CONTEXT(2) 
PARAMETRIC_REPRESENTATION_CONTEXT() REPRESENTATION_CONTEXT('2D SPACE',''
  ) );
#12002 = PCURVE('',#2346,#12003);
#12003 = DEFINITIONAL_REPRESENTATION('',(#12004),#12007);
#12004 = B_SPLINE_CURVE_WITH_KNOTS('',1,(#12005,#12006),.UNSPECIFIED.,
  .F.,.F.,(2,2),(0.,0.391824668555),.PIECEWISE_BEZIER_KNOTS.);
#12005 = CARTESIAN_POINT('',(4.13713620297E-02,-6.942957665327));
#12006 = CARTESIAN_POINT('',(-1.431146342524E-02,-6.555109764937));
#12007 = ( GEOMETRIC_REPRESENTATION_CONTEXT(2) 
PARAMETRIC_REPRESENTATION_CONTEXT() REPRESENTATION_CONTEXT('2D SPACE',''
  ) );
#12008 = ADVANCED_FACE('',(#12009),#2346,.T.);
#12009 = FACE_BOUND('',#12010,.T.);
#12010 = EDGE_LOOP('',(#12011,#12012,#12013));
#12011 = ORIENTED_EDGE('',*,*,#2323,.F.);
#12012 = ORIENTED_EDGE('',*,*,#11989,.F.);
#12013 = ORIENTED_EDGE('',*,*,#12014,.T.);
#12014 = EDGE_CURVE('',#7094,#2326,#12015,.T.);
#12015 = SURFACE_CURVE('',#12016,(#12020,#12027),.PCURVE_S1.);
#12016 = LINE('',#12017,#12018);
#12017 = CARTESIAN_POINT('',(-18.04672813415,-25.87013244628,
    347.88784790039));
#12018 = VECTOR('',#12019,1.);
#12019 = DIRECTION('',(3.364650801107E-03,-2.180520052622E-03,
    -0.999991962196));
#12020 = PCURVE('',#2346,#12021);
#12021 = DEFINITIONAL_REPRESENTATION('',(#12022),#12026);
#12022 = LINE('',#12023,#12024);
#12023 = CARTESIAN_POINT('',(4.13713620297E-02,-6.942957665327));
#12024 = VECTOR('',#12025,1.);
#12025 = DIRECTION('',(-4.009431719493E-03,0.999991962196));
#12026 = ( GEOMETRIC_REPRESENTATION_CONTEXT(2) 
PARAMETRIC_REPRESENTATION_CONTEXT() REPRESENTATION_CONTEXT('2D SPACE',''
  ) );
#12027 = PCURVE('',#7160,#12028);
#12028 = DEFINITIONAL_REPRESENTATION('',(#12029),#12032);
#12029 = B_SPLINE_CURVE_WITH_KNOTS('',1,(#12030,#12031),.UNSPECIFIED.,
  .F.,.F.,(2,2),(0.,13.887959529083),.PIECEWISE_BEZIER_KNOTS.);
#12030 = CARTESIAN_POINT('',(1.055633493711E-02,-6.847704865221));
#12031 = CARTESIAN_POINT('',(-4.512647451997E-02,7.040143035234));
#12032 = ( GEOMETRIC_REPRESENTATION_CONTEXT(2) 
PARAMETRIC_REPRESENTATION_CONTEXT() REPRESENTATION_CONTEXT('2D SPACE',''
  ) );
#12033 = ADVANCED_FACE('',(#12034),#7160,.T.);
#12034 = FACE_BOUND('',#12035,.T.);
#12035 = EDGE_LOOP('',(#12036,#12056,#12057));
#12036 = ORIENTED_EDGE('',*,*,#12037,.T.);
#12037 = EDGE_CURVE('',#7145,#2326,#12038,.T.);
#12038 = SURFACE_CURVE('',#12039,(#12043,#12050),.PCURVE_S1.);
#12039 = LINE('',#12040,#12041);
#12040 = CARTESIAN_POINT('',(-18.10334396362,-25.83350181579,
    348.07446289062));
#12041 = VECTOR('',#12042,1.);
#12042 = DIRECTION('',(7.342376816665E-03,-4.754074480127E-03,
    -0.999961743407));
#12043 = PCURVE('',#7160,#12044);
#12044 = DEFINITIONAL_REPRESENTATION('',(#12045),#12049);
#12045 = LINE('',#12046,#12047);
#12046 = CARTESIAN_POINT('',(7.798893266499E-02,-7.034319855456));
#12047 = VECTOR('',#12048,1.);
#12048 = DIRECTION('',(-8.747097361065E-03,0.999961743412));
#12049 = ( GEOMETRIC_REPRESENTATION_CONTEXT(2) 
PARAMETRIC_REPRESENTATION_CONTEXT() REPRESENTATION_CONTEXT('2D SPACE',''
  ) );
#12050 = PCURVE('',#7241,#12051);
#12051 = DEFINITIONAL_REPRESENTATION('',(#12052),#12055);
#12052 = B_SPLINE_CURVE_WITH_KNOTS('',1,(#12053,#12054),.UNSPECIFIED.,
  .F.,.F.,(2,2),(0.,14.075001352217),.PIECEWISE_BEZIER_KNOTS.);
#12053 = CARTESIAN_POINT('',(3.805836077211E-02,-6.942299096111));
#12054 = CARTESIAN_POINT('',(-8.505695048586E-02,7.132163795418));
#12055 = ( GEOMETRIC_REPRESENTATION_CONTEXT(2) 
PARAMETRIC_REPRESENTATION_CONTEXT() REPRESENTATION_CONTEXT('2D SPACE',''
  ) );
#12056 = ORIENTED_EDGE('',*,*,#12014,.F.);
#12057 = ORIENTED_EDGE('',*,*,#7144,.F.);
#12058 = ADVANCED_FACE('',(#12059),#7241,.T.);
#12059 = FACE_BOUND('',#12060,.T.);
#12060 = EDGE_LOOP('',(#12061,#12081,#12082));
#12061 = ORIENTED_EDGE('',*,*,#12062,.T.);
#12062 = EDGE_CURVE('',#7226,#2326,#12063,.T.);
#12063 = SURFACE_CURVE('',#12064,(#12068,#12075),.PCURVE_S1.);
#12064 = LINE('',#12065,#12066);
#12065 = CARTESIAN_POINT('',(-18.17983245849,-25.78411483764,
    348.25357055664));
#12066 = VECTOR('',#12067,1.);
#12067 = DIRECTION('',(1.261523644874E-02,-8.158479089368E-03,
    -0.999887141146));
#12068 = PCURVE('',#7241,#12069);
#12069 = DEFINITIONAL_REPRESENTATION('',(#12070),#12074);
#12070 = LINE('',#12071,#12072);
#12071 = CARTESIAN_POINT('',(0.129105400562,-7.121406762138));
#12072 = VECTOR('',#12073,1.);
#12073 = DIRECTION('',(-1.502347640401E-02,0.99988714121));
#12074 = ( GEOMETRIC_REPRESENTATION_CONTEXT(2) 
PARAMETRIC_REPRESENTATION_CONTEXT() REPRESENTATION_CONTEXT('2D SPACE',''
  ) );
#12075 = PCURVE('',#7297,#12076);
#12076 = DEFINITIONAL_REPRESENTATION('',(#12077),#12080);
#12077 = B_SPLINE_CURVE_WITH_KNOTS('',1,(#12078,#12079),.UNSPECIFIED.,
  .F.,.F.,(2,2),(0.,14.255179379855),.PIECEWISE_BEZIER_KNOTS.);
#12078 = CARTESIAN_POINT('',(7.801429632588E-02,-7.033582791294));
#12079 = CARTESIAN_POINT('',(-0.136147684785,7.21998777182));
#12080 = ( GEOMETRIC_REPRESENTATION_CONTEXT(2) 
PARAMETRIC_REPRESENTATION_CONTEXT() REPRESENTATION_CONTEXT('2D SPACE',''
  ) );
#12081 = ORIENTED_EDGE('',*,*,#12037,.F.);
#12082 = ORIENTED_EDGE('',*,*,#7225,.F.);
#12083 = ADVANCED_FACE('',(#12084),#7297,.T.);
#12084 = FACE_BOUND('',#12085,.T.);
#12085 = EDGE_LOOP('',(#12086,#12087,#12088));
#12086 = ORIENTED_EDGE('',*,*,#12062,.F.);
#12087 = ORIENTED_EDGE('',*,*,#7281,.F.);
#12088 = ORIENTED_EDGE('',*,*,#12089,.T.);
#12089 = EDGE_CURVE('',#7282,#2326,#12090,.T.);
#12090 = SURFACE_CURVE('',#12091,(#12095,#12102),.PCURVE_S1.);
#12091 = LINE('',#12092,#12093);
#12092 = CARTESIAN_POINT('',(-18.27382850647,-25.72358703613,
    348.42346191406));
#12093 = VECTOR('',#12094,1.);
#12094 = DIRECTION('',(1.89800901251E-02,-1.225664455409E-02,
    -0.999744732841));
#12095 = PCURVE('',#7297,#12096);
#12096 = DEFINITIONAL_REPRESENTATION('',(#12097),#12101);
#12097 = LINE('',#12098,#12099);
#12098 = CARTESIAN_POINT('',(0.189812649465,-7.203474148793));
#12099 = VECTOR('',#12100,1.);
#12100 = DIRECTION('',(-2.259354440859E-02,0.999744733295));
#12101 = ( GEOMETRIC_REPRESENTATION_CONTEXT(2) 
PARAMETRIC_REPRESENTATION_CONTEXT() REPRESENTATION_CONTEXT('2D SPACE',''
  ) );
#12102 = PCURVE('',#7353,#12103);
#12103 = DEFINITIONAL_REPRESENTATION('',(#12104),#12107);
#12104 = B_SPLINE_CURVE_WITH_KNOTS('',1,(#12105,#12106),.UNSPECIFIED.,
  .F.,.F.,(2,2),(0.,14.427144690302),.PIECEWISE_BEZIER_KNOTS.);
#12105 = CARTESIAN_POINT('',(0.129038989558,-7.120663788008));
#12106 = CARTESIAN_POINT('',(-0.196920308788,7.302798156017));
#12107 = ( GEOMETRIC_REPRESENTATION_CONTEXT(2) 
PARAMETRIC_REPRESENTATION_CONTEXT() REPRESENTATION_CONTEXT('2D SPACE',''
  ) );
#12108 = ADVANCED_FACE('',(#12109),#7353,.T.);
#12109 = FACE_BOUND('',#12110,.T.);
#12110 = EDGE_LOOP('',(#12111,#12131,#12132));
#12111 = ORIENTED_EDGE('',*,*,#12112,.T.);
#12112 = EDGE_CURVE('',#7338,#2326,#12113,.T.);
#12113 = SURFACE_CURVE('',#12114,(#12118,#12125),.PCURVE_S1.);
#12114 = LINE('',#12115,#12116);
#12115 = CARTESIAN_POINT('',(-18.38285064697,-25.65361213684,
    348.58291625976));
#12116 = VECTOR('',#12117,1.);
#12117 = DIRECTION('',(2.624056873057E-02,-1.691588764403E-02,
    -0.999512523832));
#12118 = PCURVE('',#7353,#12119);
#12119 = DEFINITIONAL_REPRESENTATION('',(#12120),#12124);
#12120 = LINE('',#12121,#12122);
#12121 = CARTESIAN_POINT('',(0.258585558579,-7.280118134042));
#12122 = VECTOR('',#12123,1.);
#12123 = DIRECTION('',(-3.122035476326E-02,0.999512525909));
#12124 = ( GEOMETRIC_REPRESENTATION_CONTEXT(2) 
PARAMETRIC_REPRESENTATION_CONTEXT() REPRESENTATION_CONTEXT('2D SPACE',''
  ) );
#12125 = PCURVE('',#7434,#12126);
#12126 = DEFINITIONAL_REPRESENTATION('',(#12127),#12130);
#12127 = B_SPLINE_CURVE_WITH_KNOTS('',1,(#12128,#12129),.UNSPECIFIED.,
  .F.,.F.,(2,2),(0.,14.590028550968),.PIECEWISE_BEZIER_KNOTS.);
#12128 = CARTESIAN_POINT('',(0.148503487063,-7.118427297202));
#12129 = CARTESIAN_POINT('',(-0.306998509957,7.464489113749));
#12130 = ( GEOMETRIC_REPRESENTATION_CONTEXT(2) 
PARAMETRIC_REPRESENTATION_CONTEXT() REPRESENTATION_CONTEXT('2D SPACE',''
  ) );
#12131 = ORIENTED_EDGE('',*,*,#12089,.F.);
#12132 = ORIENTED_EDGE('',*,*,#7337,.F.);
#12133 = ADVANCED_FACE('',(#12134),#7434,.T.);
#12134 = FACE_BOUND('',#12135,.T.);
#12135 = EDGE_LOOP('',(#12136,#12161,#12162));
#12136 = ORIENTED_EDGE('',*,*,#12137,.T.);
#12137 = EDGE_CURVE('',#7419,#2326,#12138,.T.);
#12138 = SURFACE_CURVE('',#12139,(#12143,#12150),.PCURVE_S1.);
#12139 = LINE('',#12140,#12141);
#12140 = CARTESIAN_POINT('',(-18.63354492187,-25.49358558654,
    348.86697387695));
#12141 = VECTOR('',#12142,1.);
#12142 = DIRECTION('',(4.255970507644E-02,-2.732964491205E-02,
    -0.998720061886));
#12143 = PCURVE('',#7434,#12144);
#12144 = DEFINITIONAL_REPRESENTATION('',(#12145),#12149);
#12145 = LINE('',#12146,#12147);
#12146 = CARTESIAN_POINT('',(0.445919213941,-7.402484917335));
#12147 = VECTOR('',#12148,1.);
#12148 = DIRECTION('',(-5.057882269992E-02,0.99872007224));
#12149 = ( GEOMETRIC_REPRESENTATION_CONTEXT(2) 
PARAMETRIC_REPRESENTATION_CONTEXT() REPRESENTATION_CONTEXT('2D SPACE',''
  ) );
#12150 = PCURVE('',#12151,#12156);
#12151 = PLANE('',#12152);
#12152 = AXIS2_PLACEMENT_3D('',#12153,#12154,#12155);
#12153 = CARTESIAN_POINT('',(-18.73370909588,-25.43364178856,
    340.97826939631));
#12154 = DIRECTION('',(-0.534318833816,-0.845282942746,
    3.612931242883E-04));
#12155 = DIRECTION('',(-0.845282997914,0.534318868689,0.));
#12156 = DEFINITIONAL_REPRESENTATION('',(#12157),#12160);
#12157 = B_SPLINE_CURVE_WITH_KNOTS('',1,(#12158,#12159),.UNSPECIFIED.,
  .F.,.F.,(2,2),(0.,14.886027070372),.PIECEWISE_BEZIER_KNOTS.);
#12158 = CARTESIAN_POINT('',(-0.116696175609,-7.888704995507));
#12159 = CARTESIAN_POINT('',(-0.869597783128,6.97826985176));
#12160 = ( GEOMETRIC_REPRESENTATION_CONTEXT(2) 
PARAMETRIC_REPRESENTATION_CONTEXT() REPRESENTATION_CONTEXT('2D SPACE',''
  ) );
#12161 = ORIENTED_EDGE('',*,*,#12112,.F.);
#12162 = ORIENTED_EDGE('',*,*,#7418,.F.);
#12163 = ADVANCED_FACE('',(#12164),#12151,.T.);
#12164 = FACE_BOUND('',#12165,.T.);
#12165 = EDGE_LOOP('',(#12166,#12193,#12194));
#12166 = ORIENTED_EDGE('',*,*,#12167,.T.);
#12167 = EDGE_CURVE('',#12168,#2326,#12170,.T.);
#12168 = VERTEX_POINT('',#12169);
#12169 = CARTESIAN_POINT('',(-19.64323234558,-24.86169815063,334.));
#12170 = SURFACE_CURVE('',#12171,(#12175,#12182),.PCURVE_S1.);
#12171 = LINE('',#12172,#12173);
#12172 = CARTESIAN_POINT('',(-19.64323234558,-24.86169815063,334.));
#12173 = VECTOR('',#12174,1.);
#12174 = DIRECTION('',(0.845282997914,-0.534318868689,0.));
#12175 = PCURVE('',#12151,#12176);
#12176 = DEFINITIONAL_REPRESENTATION('',(#12177),#12181);
#12177 = LINE('',#12178,#12179);
#12178 = CARTESIAN_POINT('',(1.074404816753,6.97826985176));
#12179 = VECTOR('',#12180,1.);
#12180 = DIRECTION('',(-1.,-5.311812949672E-20));
#12181 = ( GEOMETRIC_REPRESENTATION_CONTEXT(2) 
PARAMETRIC_REPRESENTATION_CONTEXT() REPRESENTATION_CONTEXT('2D SPACE',''
  ) );
#12182 = PCURVE('',#12183,#12188);
#12183 = PLANE('',#12184);
#12184 = AXIS2_PLACEMENT_3D('',#12185,#12186,#12187);
#12185 = CARTESIAN_POINT('',(-18.51241211926,-24.69230977987,334.));
#12186 = DIRECTION('',(-0.,-0.,-1.));
#12187 = DIRECTION('',(-1.,0.,0.));
#12188 = DEFINITIONAL_REPRESENTATION('',(#12189),#12192);
#12189 = B_SPLINE_CURVE_WITH_KNOTS('',1,(#12190,#12191),.UNSPECIFIED.,
  .F.,.F.,(2,2),(0.,1.944002599882),.PIECEWISE_BEZIER_KNOTS.);
#12190 = CARTESIAN_POINT('',(1.130820226316,-0.169388370764));
#12191 = CARTESIAN_POINT('',(-0.512412119265,-1.208105640661));
#12192 = ( GEOMETRIC_REPRESENTATION_CONTEXT(2) 
PARAMETRIC_REPRESENTATION_CONTEXT() REPRESENTATION_CONTEXT('2D SPACE',''
  ) );
#12193 = ORIENTED_EDGE('',*,*,#12137,.F.);
#12194 = ORIENTED_EDGE('',*,*,#12195,.T.);
#12195 = EDGE_CURVE('',#7419,#12168,#12196,.T.);
#12196 = SURFACE_CURVE('',#12197,(#12201,#12208),.PCURVE_S1.);
#12197 = LINE('',#12198,#12199);
#12198 = CARTESIAN_POINT('',(-18.63354492187,-25.49358558654,
    348.86697387695));
#12199 = VECTOR('',#12200,1.);
#12200 = DIRECTION('',(-6.769786551883E-02,4.236700354499E-02,
    -0.996805916924));
#12201 = PCURVE('',#12151,#12202);
#12202 = DEFINITIONAL_REPRESENTATION('',(#12203),#12207);
#12203 = LINE('',#12204,#12205);
#12204 = CARTESIAN_POINT('',(-0.116696175609,-7.888704995507));
#12205 = VECTOR('',#12206,1.);
#12206 = DIRECTION('',(7.986134412206E-02,0.996805981982));
#12207 = ( GEOMETRIC_REPRESENTATION_CONTEXT(2) 
PARAMETRIC_REPRESENTATION_CONTEXT() REPRESENTATION_CONTEXT('2D SPACE',''
  ) );
#12208 = PCURVE('',#11119,#12209);
#12209 = DEFINITIONAL_REPRESENTATION('',(#12210),#12213);
#12210 = B_SPLINE_CURVE_WITH_KNOTS('',1,(#12211,#12212),.UNSPECIFIED.,
  .F.,.F.,(2,2),(0.,14.914612387966),.PIECEWISE_BEZIER_KNOTS.);
#12211 = CARTESIAN_POINT('',(-0.860231072108,-7.351206600233));
#12212 = CARTESIAN_POINT('',(0.330882016719,7.515767277893));
#12213 = ( GEOMETRIC_REPRESENTATION_CONTEXT(2) 
PARAMETRIC_REPRESENTATION_CONTEXT() REPRESENTATION_CONTEXT('2D SPACE',''
  ) );
#12214 = ADVANCED_FACE('',(#12215),#11119,.T.);
#12215 = FACE_BOUND('',#12216,.T.);
#12216 = EDGE_LOOP('',(#12217,#12237,#12238));
#12217 = ORIENTED_EDGE('',*,*,#12218,.T.);
#12218 = EDGE_CURVE('',#11104,#12168,#12219,.T.);
#12219 = SURFACE_CURVE('',#12220,(#12224,#12231),.PCURVE_S1.);
#12220 = LINE('',#12221,#12222);
#12221 = CARTESIAN_POINT('',(-19.6627960205,-24.84965324401,
    347.10958862304));
#12222 = VECTOR('',#12223,1.);
#12223 = DIRECTION('',(1.492315697126E-03,-9.187845985522E-04,
    -0.999998464413));
#12224 = PCURVE('',#11119,#12225);
#12225 = DEFINITIONAL_REPRESENTATION('',(#12226),#12230);
#12226 = LINE('',#12227,#12228);
#12227 = CARTESIAN_POINT('',(0.353855697981,-5.593821346188));
#12228 = VECTOR('',#12229,1.);
#12229 = DIRECTION('',(-1.752430731763E-03,0.999998464492));
#12230 = ( GEOMETRIC_REPRESENTATION_CONTEXT(2) 
PARAMETRIC_REPRESENTATION_CONTEXT() REPRESENTATION_CONTEXT('2D SPACE',''
  ) );
#12231 = PCURVE('',#11231,#12232);
#12232 = DEFINITIONAL_REPRESENTATION('',(#12233),#12236);
#12233 = B_SPLINE_CURVE_WITH_KNOTS('',1,(#12234,#12235),.UNSPECIFIED.,
  .F.,.F.,(2,2),(0.,13.109608753989),.PIECEWISE_BEZIER_KNOTS.);
#12234 = CARTESIAN_POINT('',(-0.307995257927,-6.470707858265));
#12235 = CARTESIAN_POINT('',(-0.330968872946,6.638880765933));
#12236 = ( GEOMETRIC_REPRESENTATION_CONTEXT(2) 
PARAMETRIC_REPRESENTATION_CONTEXT() REPRESENTATION_CONTEXT('2D SPACE',''
  ) );
#12237 = ORIENTED_EDGE('',*,*,#12195,.F.);
#12238 = ORIENTED_EDGE('',*,*,#11103,.F.);
#12239 = ADVANCED_FACE('',(#12240),#11231,.T.);
#12240 = FACE_BOUND('',#12241,.T.);
#12241 = EDGE_LOOP('',(#12242,#12267,#12268));
#12242 = ORIENTED_EDGE('',*,*,#12243,.T.);
#12243 = EDGE_CURVE('',#11216,#12168,#12244,.T.);
#12244 = SURFACE_CURVE('',#12245,(#12249,#12256),.PCURVE_S1.);
#12245 = LINE('',#12246,#12247);
#12246 = CARTESIAN_POINT('',(-20.73379516601,-24.20140457153,
    345.37911987304));
#12247 = VECTOR('',#12248,1.);
#12248 = DIRECTION('',(9.524305171506E-02,-5.76659815676E-02,
    -0.993782368363));
#12249 = PCURVE('',#11231,#12250);
#12250 = DEFINITIONAL_REPRESENTATION('',(#12251),#12255);
#12251 = LINE('',#12252,#12253);
#12252 = CARTESIAN_POINT('',(0.943909495052,-4.740239108113));
#12253 = VECTOR('',#12254,1.);
#12254 = DIRECTION('',(-0.111340038426,0.993782368451));
#12255 = ( GEOMETRIC_REPRESENTATION_CONTEXT(2) 
PARAMETRIC_REPRESENTATION_CONTEXT() REPRESENTATION_CONTEXT('2D SPACE',''
  ) );
#12256 = PCURVE('',#12257,#12262);
#12257 = PLANE('',#12258);
#12258 = AXIS2_PLACEMENT_3D('',#12259,#12260,#12261);
#12259 = CARTESIAN_POINT('',(-20.5943106884,-24.2883064938,
    339.24344721281));
#12260 = DIRECTION('',(-0.514495992189,-0.857492666219,
    4.487782309624E-04));
#12261 = DIRECTION('',(-0.857492752569,0.514496044,0.));
#12262 = DEFINITIONAL_REPRESENTATION('',(#12263),#12266);
#12263 = B_SPLINE_CURVE_WITH_KNOTS('',1,(#12264,#12265),.UNSPECIFIED.,
  .F.,.F.,(2,2),(0.,11.450313705794),.PIECEWISE_BEZIER_KNOTS.);
#12264 = CARTESIAN_POINT('',(0.164317623869,-6.135673278102));
#12265 = CARTESIAN_POINT('',(-1.110550525201,5.243447740833));
#12266 = ( GEOMETRIC_REPRESENTATION_CONTEXT(2) 
PARAMETRIC_REPRESENTATION_CONTEXT() REPRESENTATION_CONTEXT('2D SPACE',''
  ) );
#12267 = ORIENTED_EDGE('',*,*,#12218,.F.);
#12268 = ORIENTED_EDGE('',*,*,#11215,.F.);
#12269 = ADVANCED_FACE('',(#12270),#12257,.T.);
#12270 = FACE_BOUND('',#12271,.T.);
#12271 = EDGE_LOOP('',(#12272,#12299,#12300));
#12272 = ORIENTED_EDGE('',*,*,#12273,.T.);
#12273 = EDGE_CURVE('',#12274,#12168,#12276,.T.);
#12274 = VERTEX_POINT('',#12275);
#12275 = CARTESIAN_POINT('',(-21.31019973754,-23.86151695251,334.));
#12276 = SURFACE_CURVE('',#12277,(#12281,#12288),.PCURVE_S1.);
#12277 = LINE('',#12278,#12279);
#12278 = CARTESIAN_POINT('',(-21.31019973754,-23.86151695251,334.));
#12279 = VECTOR('',#12280,1.);
#12280 = DIRECTION('',(0.857492752569,-0.514496044,0.));
#12281 = PCURVE('',#12257,#12282);
#12282 = DEFINITIONAL_REPRESENTATION('',(#12283),#12287);
#12283 = LINE('',#12284,#12285);
#12284 = CARTESIAN_POINT('',(0.833451201896,5.243447740833));
#12285 = VECTOR('',#12286,1.);
#12286 = DIRECTION('',(-1.,4.982438747913E-20));
#12287 = ( GEOMETRIC_REPRESENTATION_CONTEXT(2) 
PARAMETRIC_REPRESENTATION_CONTEXT() REPRESENTATION_CONTEXT('2D SPACE',''
  ) );
#12288 = PCURVE('',#12289,#12294);
#12289 = PLANE('',#12290);
#12290 = AXIS2_PLACEMENT_3D('',#12291,#12292,#12293);
#12291 = CARTESIAN_POINT('',(-20.47121113351,-0.492855967342,334.));
#12292 = DIRECTION('',(-2.142464742705E-27,-6.220279678444E-31,-1.));
#12293 = DIRECTION('',(-1.,0.,2.142464742705E-27));
#12294 = DEFINITIONAL_REPRESENTATION('',(#12295),#12298);
#12295 = B_SPLINE_CURVE_WITH_KNOTS('',1,(#12296,#12297),.UNSPECIFIED.,
  .F.,.F.,(2,2),(0.,1.944001727097),.PIECEWISE_BEZIER_KNOTS.);
#12296 = CARTESIAN_POINT('',(0.838988604036,-23.36866098517));
#12297 = CARTESIAN_POINT('',(-0.827978787932,-24.36884218329));
#12298 = ( GEOMETRIC_REPRESENTATION_CONTEXT(2) 
PARAMETRIC_REPRESENTATION_CONTEXT() REPRESENTATION_CONTEXT('2D SPACE',''
  ) );
#12299 = ORIENTED_EDGE('',*,*,#12243,.F.);
#12300 = ORIENTED_EDGE('',*,*,#12301,.T.);
#12301 = EDGE_CURVE('',#11216,#12274,#12302,.T.);
#12302 = SURFACE_CURVE('',#12303,(#12307,#12314),.PCURVE_S1.);
#12303 = LINE('',#12304,#12305);
#12304 = CARTESIAN_POINT('',(-20.73379516601,-24.20140457153,
    345.37911987304));
#12305 = VECTOR('',#12306,1.);
#12306 = DIRECTION('',(-5.056722594205E-02,2.981790026422E-02,
    -0.998275437184));
#12307 = PCURVE('',#12257,#12308);
#12308 = DEFINITIONAL_REPRESENTATION('',(#12309),#12313);
#12309 = LINE('',#12310,#12311);
#12310 = CARTESIAN_POINT('',(0.164317623869,-6.135673278102));
#12311 = VECTOR('',#12312,1.);
#12312 = DIRECTION('',(5.870222148915E-02,0.998275537711));
#12313 = ( GEOMETRIC_REPRESENTATION_CONTEXT(2) 
PARAMETRIC_REPRESENTATION_CONTEXT() REPRESENTATION_CONTEXT('2D SPACE',''
  ) );
#12314 = PCURVE('',#11885,#12315);
#12315 = DEFINITIONAL_REPRESENTATION('',(#12316),#12319);
#12316 = B_SPLINE_CURVE_WITH_KNOTS('',1,(#12317,#12318),.UNSPECIFIED.,
  .F.,.F.,(2,2),(0.,11.39877778136),.PIECEWISE_BEZIER_KNOTS.);
#12317 = CARTESIAN_POINT('',(-0.631995723672,-5.600199186442));
#12318 = CARTESIAN_POINT('',(3.71519159286E-02,5.778921005613));
#12319 = ( GEOMETRIC_REPRESENTATION_CONTEXT(2) 
PARAMETRIC_REPRESENTATION_CONTEXT() REPRESENTATION_CONTEXT('2D SPACE',''
  ) );
#12320 = ADVANCED_FACE('',(#12321),#11885,.T.);
#12321 = FACE_BOUND('',#12322,.T.);
#12322 = EDGE_LOOP('',(#12323,#12348,#12349));
#12323 = ORIENTED_EDGE('',*,*,#12324,.T.);
#12324 = EDGE_CURVE('',#11796,#12274,#12325,.T.);
#12325 = SURFACE_CURVE('',#12326,(#12330,#12337),.PCURVE_S1.);
#12326 = LINE('',#12327,#12328);
#12327 = CARTESIAN_POINT('',(-21.846326828,-23.55093574523,
    343.67572021484));
#12328 = VECTOR('',#12329,1.);
#12329 = DIRECTION('',(5.529627108417E-02,-3.203341695829E-02,
    -0.997956002338));
#12330 = PCURVE('',#11885,#12331);
#12331 = DEFINITIONAL_REPRESENTATION('',(#12332),#12336);
#12332 = LINE('',#12333,#12334);
#12333 = CARTESIAN_POINT('',(0.656738628402,-3.896799480485));
#12334 = VECTOR('',#12335,1.);
#12335 = DIRECTION('',(-6.390431564287E-02,0.997956030315));
#12336 = ( GEOMETRIC_REPRESENTATION_CONTEXT(2) 
PARAMETRIC_REPRESENTATION_CONTEXT() REPRESENTATION_CONTEXT('2D SPACE',''
  ) );
#12337 = PCURVE('',#12338,#12343);
#12338 = PLANE('',#12339);
#12339 = AXIS2_PLACEMENT_3D('',#12340,#12341,#12342);
#12340 = CARTESIAN_POINT('',(-22.01612395412,-23.45744249959,
    338.3984957894));
#12341 = DIRECTION('',(-0.494393396079,-0.869238121726,
    5.075934573198E-04));
#12342 = DIRECTION('',(-0.869238233706,0.49439345977,0.));
#12343 = DEFINITIONAL_REPRESENTATION('',(#12344),#12347);
#12344 = B_SPLINE_CURVE_WITH_KNOTS('',1,(#12345,#12346),.UNSPECIFIED.,
  .F.,.F.,(2,2),(0.,9.695537871586),.PIECEWISE_BEZIER_KNOTS.);
#12345 = CARTESIAN_POINT('',(-0.193816603172,-5.277225105276));
#12346 = CARTESIAN_POINT('',(-0.813388085925,4.398496356048));
#12347 = ( GEOMETRIC_REPRESENTATION_CONTEXT(2) 
PARAMETRIC_REPRESENTATION_CONTEXT() REPRESENTATION_CONTEXT('2D SPACE',''
  ) );
#12348 = ORIENTED_EDGE('',*,*,#12301,.F.);
#12349 = ORIENTED_EDGE('',*,*,#11871,.F.);
#12350 = ADVANCED_FACE('',(#12351),#12338,.T.);
#12351 = FACE_BOUND('',#12352,.T.);
#12352 = EDGE_LOOP('',(#12353,#12380,#12381));
#12353 = ORIENTED_EDGE('',*,*,#12354,.T.);
#12354 = EDGE_CURVE('',#12355,#12274,#12357,.T.);
#12355 = VERTEX_POINT('',#12356);
#12356 = CARTESIAN_POINT('',(-23.,-22.90041542053,334.));
#12357 = SURFACE_CURVE('',#12358,(#12362,#12369),.PCURVE_S1.);
#12358 = LINE('',#12359,#12360);
#12359 = CARTESIAN_POINT('',(-23.,-22.90041542053,334.));
#12360 = VECTOR('',#12361,1.);
#12361 = DIRECTION('',(0.869238233706,-0.49439345977,0.));
#12362 = PCURVE('',#12338,#12363);
#12363 = DEFINITIONAL_REPRESENTATION('',(#12364),#12368);
#12364 = LINE('',#12365,#12366);
#12365 = CARTESIAN_POINT('',(1.130613221112,4.398496356048));
#12366 = VECTOR('',#12367,1.);
#12367 = DIRECTION('',(-1.,-5.528214785548E-20));
#12368 = ( GEOMETRIC_REPRESENTATION_CONTEXT(2) 
PARAMETRIC_REPRESENTATION_CONTEXT() REPRESENTATION_CONTEXT('2D SPACE',''
  ) );
#12369 = PCURVE('',#12370,#12375);
#12370 = PLANE('',#12371);
#12371 = AXIS2_PLACEMENT_3D('',#12372,#12373,#12374);
#12372 = CARTESIAN_POINT('',(-21.9430467511,-0.36914290457,334.));
#12373 = DIRECTION('',(-7.342275594903E-28,6.162045549949E-30,-1.));
#12374 = DIRECTION('',(-1.,0.,7.342275594903E-28));
#12375 = DEFINITIONAL_REPRESENTATION('',(#12376),#12379);
#12376 = B_SPLINE_CURVE_WITH_KNOTS('',1,(#12377,#12378),.UNSPECIFIED.,
  .F.,.F.,(2,2),(0.,1.944001307036),.PIECEWISE_BEZIER_KNOTS.);
#12377 = CARTESIAN_POINT('',(1.056953248895,-22.53127251596));
#12378 = CARTESIAN_POINT('',(-0.632847013556,-23.49237404794));
#12379 = ( GEOMETRIC_REPRESENTATION_CONTEXT(2) 
PARAMETRIC_REPRESENTATION_CONTEXT() REPRESENTATION_CONTEXT('2D SPACE',''
  ) );
#12380 = ORIENTED_EDGE('',*,*,#12324,.F.);
#12381 = ORIENTED_EDGE('',*,*,#12382,.T.);
#12382 = EDGE_CURVE('',#11796,#12355,#12383,.T.);
#12383 = SURFACE_CURVE('',#12384,(#12388,#12395),.PCURVE_S1.);
#12384 = LINE('',#12385,#12386);
#12385 = CARTESIAN_POINT('',(-21.846326828,-23.55093574523,
    343.67572021484));
#12386 = VECTOR('',#12387,1.);
#12387 = DIRECTION('',(-0.118132250451,6.661109210731E-02,
    -0.990761189092));
#12388 = PCURVE('',#12338,#12389);
#12389 = DEFINITIONAL_REPRESENTATION('',(#12390),#12394);
#12390 = LINE('',#12391,#12392);
#12391 = CARTESIAN_POINT('',(-0.193816603172,-5.277225105276));
#12392 = VECTOR('',#12393,1.);
#12393 = DIRECTION('',(0.135617157012,0.990761316728));
#12394 = ( GEOMETRIC_REPRESENTATION_CONTEXT(2) 
PARAMETRIC_REPRESENTATION_CONTEXT() REPRESENTATION_CONTEXT('2D SPACE',''
  ) );
#12395 = PCURVE('',#11811,#12396);
#12396 = DEFINITIONAL_REPRESENTATION('',(#12397),#12400);
#12397 = B_SPLINE_CURVE_WITH_KNOTS('',1,(#12398,#12399),.UNSPECIFIED.,
  .F.,.F.,(2,2),(0.,9.765945942743),.PIECEWISE_BEZIER_KNOTS.);
#12398 = CARTESIAN_POINT('',(-0.928413315464,-4.745365277945));
#12399 = CARTESIAN_POINT('',(0.396025615043,4.930354936898));
#12400 = ( GEOMETRIC_REPRESENTATION_CONTEXT(2) 
PARAMETRIC_REPRESENTATION_CONTEXT() REPRESENTATION_CONTEXT('2D SPACE',''
  ) );
#12401 = ADVANCED_FACE('',(#12402),#11811,.T.);
#12402 = FACE_BOUND('',#12403,.T.);
#12403 = EDGE_LOOP('',(#12404,#12424,#12425));
#12404 = ORIENTED_EDGE('',*,*,#12405,.T.);
#12405 = EDGE_CURVE('',#11739,#12355,#12406,.T.);
#12406 = SURFACE_CURVE('',#12407,(#12411,#12418),.PCURVE_S1.);
#12407 = LINE('',#12408,#12409);
#12408 = CARTESIAN_POINT('',(-23.,-22.90041542053,342.));
#12409 = VECTOR('',#12410,1.);
#12410 = DIRECTION('',(0.,0.,-1.));
#12411 = PCURVE('',#11811,#12412);
#12412 = DEFINITIONAL_REPRESENTATION('',(#12413),#12417);
#12413 = LINE('',#12414,#12415);
#12414 = CARTESIAN_POINT('',(0.396025615043,-3.069645063102));
#12415 = VECTOR('',#12416,1.);
#12416 = DIRECTION('',(0.,1.));
#12417 = ( GEOMETRIC_REPRESENTATION_CONTEXT(2) 
PARAMETRIC_REPRESENTATION_CONTEXT() REPRESENTATION_CONTEXT('2D SPACE',''
  ) );
#12418 = PCURVE('',#11780,#12419);
#12419 = DEFINITIONAL_REPRESENTATION('',(#12420),#12423);
#12420 = B_SPLINE_CURVE_WITH_KNOTS('',1,(#12421,#12422),.UNSPECIFIED.,
  .F.,.F.,(2,2),(0.,8.),.PIECEWISE_BEZIER_KNOTS.);
#12421 = CARTESIAN_POINT('',(-2.173405986239,21.067254405428));
#12422 = CARTESIAN_POINT('',(5.826594013761,21.067254405428));
#12423 = ( GEOMETRIC_REPRESENTATION_CONTEXT(2) 
PARAMETRIC_REPRESENTATION_CONTEXT() REPRESENTATION_CONTEXT('2D SPACE',''
  ) );
#12424 = ORIENTED_EDGE('',*,*,#12382,.F.);
#12425 = ORIENTED_EDGE('',*,*,#11795,.F.);
#12426 = ADVANCED_FACE('',(#12427),#11507,.T.);
#12427 = FACE_BOUND('',#12428,.T.);
#12428 = EDGE_LOOP('',(#12429,#12456,#12457));
#12429 = ORIENTED_EDGE('',*,*,#12430,.T.);
#12430 = EDGE_CURVE('',#12431,#11492,#12433,.T.);
#12431 = VERTEX_POINT('',#12432);
#12432 = CARTESIAN_POINT('',(-19.23034286499,25.089792251587,334.));
#12433 = SURFACE_CURVE('',#12434,(#12438,#12445),.PCURVE_S1.);
#12434 = LINE('',#12435,#12436);
#12435 = CARTESIAN_POINT('',(-19.23034286499,25.089792251587,334.));
#12436 = VECTOR('',#12437,1.);
#12437 = DIRECTION('',(-3.313420955575E-02,-2.184352279208E-02,
    0.999212182006));
#12438 = PCURVE('',#11507,#12439);
#12439 = DEFINITIONAL_REPRESENTATION('',(#12440),#12444);
#12440 = LINE('',#12441,#12442);
#12441 = CARTESIAN_POINT('',(-6.209704470042E-02,7.512580320662));
#12442 = VECTOR('',#12443,1.);
#12443 = DIRECTION('',(-3.966654742257E-02,-0.999212972802));
#12444 = ( GEOMETRIC_REPRESENTATION_CONTEXT(2) 
PARAMETRIC_REPRESENTATION_CONTEXT() REPRESENTATION_CONTEXT('2D SPACE',''
  ) );
#12445 = PCURVE('',#12446,#12451);
#12446 = PLANE('',#12447);
#12447 = AXIS2_PLACEMENT_3D('',#12448,#12449,#12450);
#12448 = CARTESIAN_POINT('',(-19.76374295618,24.754973599042,
    340.20881383593));
#12449 = DIRECTION('',(-0.519438313985,0.85450671136,1.455405473341E-03)
  );
#12450 = DIRECTION('',(0.854507616372,0.519438864124,0.));
#12451 = DEFINITIONAL_REPRESENTATION('',(#12452),#12455);
#12452 = B_SPLINE_CURVE_WITH_KNOTS('',1,(#12453,#12454),.UNSPECIFIED.,
  .F.,.F.,(2,2),(0.,13.116320822387),.PIECEWISE_BEZIER_KNOTS.);
#12453 = CARTESIAN_POINT('',(0.629712261064,6.208820411717));
#12454 = CARTESIAN_POINT('',(0.109521481213,-6.897181017718));
#12455 = ( GEOMETRIC_REPRESENTATION_CONTEXT(2) 
PARAMETRIC_REPRESENTATION_CONTEXT() REPRESENTATION_CONTEXT('2D SPACE',''
  ) );
#12456 = ORIENTED_EDGE('',*,*,#11491,.F.);
#12457 = ORIENTED_EDGE('',*,*,#12458,.T.);
#12458 = EDGE_CURVE('',#8656,#12431,#12459,.T.);
#12459 = SURFACE_CURVE('',#12460,(#12464,#12471),.PCURVE_S1.);
#12460 = LINE('',#12461,#12462);
#12461 = CARTESIAN_POINT('',(-18.63585281372,25.433280944824,
    348.8628540039));
#12462 = VECTOR('',#12463,1.);
#12463 = DIRECTION('',(-3.99557684712E-02,-2.308592830133E-02,
    -0.99893472083));
#12464 = PCURVE('',#11507,#12465);
#12465 = DEFINITIONAL_REPRESENTATION('',(#12466),#12470);
#12466 = LINE('',#12467,#12468);
#12467 = CARTESIAN_POINT('',(0.62423614494,-7.350285445996));
#12468 = VECTOR('',#12469,1.);
#12469 = DIRECTION('',(-4.612856003359E-02,0.998935511407));
#12470 = ( GEOMETRIC_REPRESENTATION_CONTEXT(2) 
PARAMETRIC_REPRESENTATION_CONTEXT() REPRESENTATION_CONTEXT('2D SPACE',''
  ) );
#12471 = PCURVE('',#8752,#12472);
#12472 = DEFINITIONAL_REPRESENTATION('',(#12473),#12476);
#12473 = B_SPLINE_CURVE_WITH_KNOTS('',1,(#12474,#12475),.UNSPECIFIED.,
  .F.,.F.,(2,2),(0.,14.878703977325),.PIECEWISE_BEZIER_KNOTS.);
#12474 = CARTESIAN_POINT('',(0.264949401368,-7.400846519909));
#12475 = CARTESIAN_POINT('',(-0.421187670041,7.462028301744));
#12476 = ( GEOMETRIC_REPRESENTATION_CONTEXT(2) 
PARAMETRIC_REPRESENTATION_CONTEXT() REPRESENTATION_CONTEXT('2D SPACE',''
  ) );
#12477 = ADVANCED_FACE('',(#12478),#8752,.T.);
#12478 = FACE_BOUND('',#12479,.T.);
#12479 = EDGE_LOOP('',(#12480,#12505,#12506));
#12480 = ORIENTED_EDGE('',*,*,#12481,.T.);
#12481 = EDGE_CURVE('',#8737,#12431,#12482,.T.);
#12482 = SURFACE_CURVE('',#12483,(#12487,#12494),.PCURVE_S1.);
#12483 = LINE('',#12484,#12485);
#12484 = CARTESIAN_POINT('',(-18.38821983337,25.589138031006,
    348.58624267578));
#12485 = VECTOR('',#12486,1.);
#12486 = DIRECTION('',(-5.760444781578E-02,-3.415716802967E-02,
    -0.997754987692));
#12487 = PCURVE('',#8752,#12488);
#12488 = DEFINITIONAL_REPRESENTATION('',(#12489),#12493);
#12489 = LINE('',#12490,#12491);
#12490 = CARTESIAN_POINT('',(0.557546923451,-7.124234804347));
#12491 = VECTOR('',#12492,1.);
#12492 = DIRECTION('',(-6.694920302571E-02,0.997756385203));
#12493 = ( GEOMETRIC_REPRESENTATION_CONTEXT(2) 
PARAMETRIC_REPRESENTATION_CONTEXT() REPRESENTATION_CONTEXT('2D SPACE',''
  ) );
#12494 = PCURVE('',#12495,#12500);
#12495 = PLANE('',#12496);
#12496 = AXIS2_PLACEMENT_3D('',#12497,#12498,#12499);
#12497 = CARTESIAN_POINT('',(-18.50733167665,25.531074882216,
    340.94700744509));
#12498 = DIRECTION('',(-0.534241631236,0.845329669892,1.904903123534E-03
    ));
#12499 = DIRECTION('',(0.845331203601,0.534242600528,0.));
#12500 = DEFINITIONAL_REPRESENTATION('',(#12501),#12504);
#12501 = B_SPLINE_CURVE_WITH_KNOTS('',1,(#12502,#12503),.UNSPECIFIED.,
  .F.,.F.,(2,2),(0.,14.619062651367),.PIECEWISE_BEZIER_KNOTS.);
#12502 = CARTESIAN_POINT('',(0.131708765444,-7.639249090804));
#12503 = CARTESIAN_POINT('',(-0.846935898211,6.947020049277));
#12504 = ( GEOMETRIC_REPRESENTATION_CONTEXT(2) 
PARAMETRIC_REPRESENTATION_CONTEXT() REPRESENTATION_CONTEXT('2D SPACE',''
  ) );
#12505 = ORIENTED_EDGE('',*,*,#12458,.F.);
#12506 = ORIENTED_EDGE('',*,*,#8736,.F.);
#12507 = ADVANCED_FACE('',(#12508),#12495,.T.);
#12508 = FACE_BOUND('',#12509,.T.);
#12509 = EDGE_LOOP('',(#12510,#12535,#12536));
#12510 = ORIENTED_EDGE('',*,*,#12511,.T.);
#12511 = EDGE_CURVE('',#307,#12431,#12512,.T.);
#12512 = SURFACE_CURVE('',#12513,(#12517,#12524),.PCURVE_S1.);
#12513 = LINE('',#12514,#12515);
#12514 = CARTESIAN_POINT('',(-18.,25.867359161377,334.));
#12515 = VECTOR('',#12516,1.);
#12516 = DIRECTION('',(-0.845331203601,-0.534242600528,0.));
#12517 = PCURVE('',#12495,#12518);
#12518 = DEFINITIONAL_REPRESENTATION('',(#12519),#12523);
#12519 = LINE('',#12520,#12521);
#12520 = CARTESIAN_POINT('',(0.608520684663,6.947020049277));
#12521 = VECTOR('',#12522,1.);
#12522 = DIRECTION('',(-1.,2.141633907666E-19));
#12523 = ( GEOMETRIC_REPRESENTATION_CONTEXT(2) 
PARAMETRIC_REPRESENTATION_CONTEXT() REPRESENTATION_CONTEXT('2D SPACE',''
  ) );
#12524 = PCURVE('',#12525,#12530);
#12525 = PLANE('',#12526);
#12526 = AXIS2_PLACEMENT_3D('',#12527,#12528,#12529);
#12527 = CARTESIAN_POINT('',(-18.36189676087,24.68825632712,334.));
#12528 = DIRECTION('',(-4.568116743889E-28,-2.340730092422E-30,-1.));
#12529 = DIRECTION('',(-1.,0.,4.568116743889E-28));
#12530 = DEFINITIONAL_REPRESENTATION('',(#12531),#12534);
#12531 = B_SPLINE_CURVE_WITH_KNOTS('',1,(#12532,#12533),.UNSPECIFIED.,
  .F.,.F.,(2,2),(0.,1.455456582875),.PIECEWISE_BEZIER_KNOTS.);
#12532 = CARTESIAN_POINT('',(-0.361896760879,1.179102834257));
#12533 = CARTESIAN_POINT('',(0.868446104111,0.401535924467));
#12534 = ( GEOMETRIC_REPRESENTATION_CONTEXT(2) 
PARAMETRIC_REPRESENTATION_CONTEXT() REPRESENTATION_CONTEXT('2D SPACE',''
  ) );
#12535 = ORIENTED_EDGE('',*,*,#12481,.F.);
#12536 = ORIENTED_EDGE('',*,*,#12537,.T.);
#12537 = EDGE_CURVE('',#8737,#307,#12538,.T.);
#12538 = SURFACE_CURVE('',#12539,(#12543,#12550),.PCURVE_S1.);
#12539 = LINE('',#12540,#12541);
#12540 = CARTESIAN_POINT('',(-18.38821983337,25.589138031006,
    348.58624267578));
#12541 = VECTOR('',#12542,1.);
#12542 = DIRECTION('',(2.660122162637E-02,1.906399754443E-02,
    -0.99946432603));
#12543 = PCURVE('',#12495,#12544);
#12544 = DEFINITIONAL_REPRESENTATION('',(#12545),#12549);
#12545 = LINE('',#12546,#12547);
#12546 = CARTESIAN_POINT('',(0.131708765444,-7.639249090804));
#12547 = VECTOR('',#12548,1.);
#12548 = DIRECTION('',(3.267164231926E-02,0.999466139391));
#12549 = ( GEOMETRIC_REPRESENTATION_CONTEXT(2) 
PARAMETRIC_REPRESENTATION_CONTEXT() REPRESENTATION_CONTEXT('2D SPACE',''
  ) );
#12550 = PCURVE('',#8833,#12551);
#12551 = DEFINITIONAL_REPRESENTATION('',(#12552),#12555);
#12552 = B_SPLINE_CURVE_WITH_KNOTS('',1,(#12553,#12554),.UNSPECIFIED.,
  .F.,.F.,(2,2),(0.,14.594060334026),.PIECEWISE_BEZIER_KNOTS.);
#12553 = CARTESIAN_POINT('',(-0.295227727762,-7.273760144641));
#12554 = CARTESIAN_POINT('',(0.181572776366,7.312509368584));
#12555 = ( GEOMETRIC_REPRESENTATION_CONTEXT(2) 
PARAMETRIC_REPRESENTATION_CONTEXT() REPRESENTATION_CONTEXT('2D SPACE',''
  ) );
#12556 = ADVANCED_FACE('',(#12557),#8833,.T.);
#12557 = FACE_BOUND('',#12558,.T.);
#12558 = EDGE_LOOP('',(#12559,#12579,#12580));
#12559 = ORIENTED_EDGE('',*,*,#12560,.T.);
#12560 = EDGE_CURVE('',#8818,#307,#12561,.T.);
#12561 = SURFACE_CURVE('',#12562,(#12566,#12573),.PCURVE_S1.);
#12562 = LINE('',#12563,#12564);
#12563 = CARTESIAN_POINT('',(-18.18580245971,25.717678070068,
    348.26455688476));
#12564 = VECTOR('',#12565,1.);
#12565 = DIRECTION('',(1.30236414398E-02,1.049174949832E-02,
    -0.999860144198));
#12566 = PCURVE('',#8833,#12567);
#12567 = DEFINITIONAL_REPRESENTATION('',(#12568),#12572);
#12568 = LINE('',#12569,#12570);
#12569 = CARTESIAN_POINT('',(-5.544667345443E-02,-6.952073761751));
#12570 = VECTOR('',#12571,1.);
#12571 = DIRECTION('',(1.661364619941E-02,0.999861983856));
#12572 = ( GEOMETRIC_REPRESENTATION_CONTEXT(2) 
PARAMETRIC_REPRESENTATION_CONTEXT() REPRESENTATION_CONTEXT('2D SPACE',''
  ) );
#12573 = PCURVE('',#354,#12574);
#12574 = DEFINITIONAL_REPRESENTATION('',(#12575),#12578);
#12575 = B_SPLINE_CURVE_WITH_KNOTS('',1,(#12576,#12577),.UNSPECIFIED.,
  .F.,.F.,(2,2),(0.,14.266552144854),.PIECEWISE_BEZIER_KNOTS.);
#12576 = CARTESIAN_POINT('',(-0.170592025235,-7.124835791394));
#12577 = CARTESIAN_POINT('',(6.650891775589E-02,7.139745984623));
#12578 = ( GEOMETRIC_REPRESENTATION_CONTEXT(2) 
PARAMETRIC_REPRESENTATION_CONTEXT() REPRESENTATION_CONTEXT('2D SPACE',''
  ) );
#12579 = ORIENTED_EDGE('',*,*,#12537,.F.);
#12580 = ORIENTED_EDGE('',*,*,#8817,.F.);
#12581 = ADVANCED_FACE('',(#12582),#354,.T.);
#12582 = FACE_BOUND('',#12583,.T.);
#12583 = EDGE_LOOP('',(#12584,#12585,#12586));
#12584 = ORIENTED_EDGE('',*,*,#338,.F.);
#12585 = ORIENTED_EDGE('',*,*,#12560,.F.);
#12586 = ORIENTED_EDGE('',*,*,#12587,.T.);
#12587 = EDGE_CURVE('',#8818,#339,#12588,.T.);
#12588 = SURFACE_CURVE('',#12589,(#12593,#12600),.PCURVE_S1.);
#12589 = LINE('',#12590,#12591);
#12590 = CARTESIAN_POINT('',(-18.18580245971,25.717678070068,
    348.26455688476));
#12591 = VECTOR('',#12592,1.);
#12592 = DIRECTION('',(0.235005701547,0.151506231841,-0.960113629709));
#12593 = PCURVE('',#354,#12594);
#12594 = DEFINITIONAL_REPRESENTATION('',(#12595),#12599);
#12595 = LINE('',#12596,#12597);
#12596 = CARTESIAN_POINT('',(-0.170592025235,-7.124835791394));
#12597 = VECTOR('',#12598,1.);
#12598 = DIRECTION('',(0.279604365041,0.960115305081));
#12599 = ( GEOMETRIC_REPRESENTATION_CONTEXT(2) 
PARAMETRIC_REPRESENTATION_CONTEXT() REPRESENTATION_CONTEXT('2D SPACE',''
  ) );
#12600 = PCURVE('',#8889,#12601);
#12601 = DEFINITIONAL_REPRESENTATION('',(#12602),#12605);
#12602 = B_SPLINE_CURVE_WITH_KNOTS('',1,(#12603,#12604),.UNSPECIFIED.,
  .F.,.F.,(2,2),(0.,0.790629582575),.PIECEWISE_BEZIER_KNOTS.);
#12603 = CARTESIAN_POINT('',(-0.119803394538,-0.376173102858));
#12604 = CARTESIAN_POINT('',(0.1012569365,0.382923377758));
#12605 = ( GEOMETRIC_REPRESENTATION_CONTEXT(2) 
PARAMETRIC_REPRESENTATION_CONTEXT() REPRESENTATION_CONTEXT('2D SPACE',''
  ) );
#12606 = ADVANCED_FACE('',(#12607),#8889,.T.);
#12607 = FACE_BOUND('',#12608,.T.);
#12608 = EDGE_LOOP('',(#12609,#12629,#12630));
#12609 = ORIENTED_EDGE('',*,*,#12610,.T.);
#12610 = EDGE_CURVE('',#8874,#339,#12611,.T.);
#12611 = SURFACE_CURVE('',#12612,(#12616,#12623),.PCURVE_S1.);
#12612 = LINE('',#12613,#12614);
#12613 = CARTESIAN_POINT('',(-18.10779190063,25.76756477356,
    348.08700561523));
#12614 = VECTOR('',#12615,1.);
#12615 = DIRECTION('',(0.180991129527,0.117365288668,-0.976456655489));
#12616 = PCURVE('',#8889,#12617);
#12617 = DEFINITIONAL_REPRESENTATION('',(#12618),#12622);
#12618 = LINE('',#12619,#12620);
#12619 = CARTESIAN_POINT('',(-2.720671927818E-02,-0.198621308847));
#12620 = VECTOR('',#12621,1.);
#12621 = DIRECTION('',(0.215700641936,0.976459539903));
#12622 = ( GEOMETRIC_REPRESENTATION_CONTEXT(2) 
PARAMETRIC_REPRESENTATION_CONTEXT() REPRESENTATION_CONTEXT('2D SPACE',''
  ) );
#12623 = PCURVE('',#8970,#12624);
#12624 = DEFINITIONAL_REPRESENTATION('',(#12625),#12628);
#12625 = B_SPLINE_CURVE_WITH_KNOTS('',1,(#12626,#12627),.UNSPECIFIED.,
  .F.,.F.,(2,2),(0.,0.595564550132),.PIECEWISE_BEZIER_KNOTS.);
#12626 = CARTESIAN_POINT('',(-7.096100264954E-02,-0.289037868228));
#12627 = CARTESIAN_POINT('',(5.750470908058E-02,0.292506364212));
#12628 = ( GEOMETRIC_REPRESENTATION_CONTEXT(2) 
PARAMETRIC_REPRESENTATION_CONTEXT() REPRESENTATION_CONTEXT('2D SPACE',''
  ) );
#12629 = ORIENTED_EDGE('',*,*,#12587,.F.);
#12630 = ORIENTED_EDGE('',*,*,#8873,.F.);
#12631 = ADVANCED_FACE('',(#12632),#8970,.T.);
#12632 = FACE_BOUND('',#12633,.T.);
#12633 = EDGE_LOOP('',(#12634,#12654,#12655));
#12634 = ORIENTED_EDGE('',*,*,#12635,.T.);
#12635 = EDGE_CURVE('',#8955,#339,#12636,.T.);
#12636 = SURFACE_CURVE('',#12637,(#12641,#12648),.PCURVE_S1.);
#12637 = LINE('',#12638,#12639);
#12638 = CARTESIAN_POINT('',(-18.04916381835,25.805263519287,
    347.89993286132));
#12639 = VECTOR('',#12640,1.);
#12640 = DIRECTION('',(0.123271934702,8.073699571876E-02,-0.989083195508
    ));
#12641 = PCURVE('',#8970,#12642);
#12642 = DEFINITIONAL_REPRESENTATION('',(#12643),#12647);
#12643 = LINE('',#12644,#12645);
#12644 = CARTESIAN_POINT('',(-1.25952944157E-03,-0.101964707814));
#12645 = VECTOR('',#12646,1.);
#12646 = DIRECTION('',(0.147343750255,0.989085344781));
#12647 = ( GEOMETRIC_REPRESENTATION_CONTEXT(2) 
PARAMETRIC_REPRESENTATION_CONTEXT() REPRESENTATION_CONTEXT('2D SPACE',''
  ) );
#12648 = PCURVE('',#9026,#12649);
#12649 = DEFINITIONAL_REPRESENTATION('',(#12650),#12653);
#12650 = B_SPLINE_CURVE_WITH_KNOTS('',1,(#12651,#12652),.UNSPECIFIED.,
  .F.,.F.,(2,2),(0.,0.398824099565),.PIECEWISE_BEZIER_KNOTS.);
#12651 = CARTESIAN_POINT('',(-3.297016658678E-02,-0.196701015424));
#12652 = CARTESIAN_POINT('',(2.579499388259E-02,0.197769919258));
#12653 = ( GEOMETRIC_REPRESENTATION_CONTEXT(2) 
PARAMETRIC_REPRESENTATION_CONTEXT() REPRESENTATION_CONTEXT('2D SPACE',''
  ) );
#12654 = ORIENTED_EDGE('',*,*,#12610,.F.);
#12655 = ORIENTED_EDGE('',*,*,#8954,.F.);
#12656 = ADVANCED_FACE('',(#12657),#9026,.T.);
#12657 = FACE_BOUND('',#12658,.T.);
#12658 = EDGE_LOOP('',(#12659,#12660,#12661));
#12659 = ORIENTED_EDGE('',*,*,#12635,.F.);
#12660 = ORIENTED_EDGE('',*,*,#9010,.F.);
#12661 = ORIENTED_EDGE('',*,*,#9086,.F.);
#12662 = ADVANCED_FACE('',(#12663),#12446,.T.);
#12663 = FACE_BOUND('',#12664,.T.);
#12664 = EDGE_LOOP('',(#12665,#12666,#12693));
#12665 = ORIENTED_EDGE('',*,*,#12430,.F.);
#12666 = ORIENTED_EDGE('',*,*,#12667,.T.);
#12667 = EDGE_CURVE('',#12431,#12668,#12670,.T.);
#12668 = VERTEX_POINT('',#12669);
#12669 = CARTESIAN_POINT('',(-20.47404289245,24.333770751953,334.));
#12670 = SURFACE_CURVE('',#12671,(#12675,#12682),.PCURVE_S1.);
#12671 = LINE('',#12672,#12673);
#12672 = CARTESIAN_POINT('',(-19.23034286499,25.089792251587,334.));
#12673 = VECTOR('',#12674,1.);
#12674 = DIRECTION('',(-0.854507616372,-0.519438864124,0.));
#12675 = PCURVE('',#12446,#12676);
#12676 = DEFINITIONAL_REPRESENTATION('',(#12677),#12681);
#12677 = LINE('',#12678,#12679);
#12678 = CARTESIAN_POINT('',(0.629712261064,6.208820411717));
#12679 = VECTOR('',#12680,1.);
#12680 = DIRECTION('',(-1.,1.892113650157E-19));
#12681 = ( GEOMETRIC_REPRESENTATION_CONTEXT(2) 
PARAMETRIC_REPRESENTATION_CONTEXT() REPRESENTATION_CONTEXT('2D SPACE',''
  ) );
#12682 = PCURVE('',#12683,#12688);
#12683 = PLANE('',#12684);
#12684 = AXIS2_PLACEMENT_3D('',#12685,#12686,#12687);
#12685 = CARTESIAN_POINT('',(-19.74690406535,0.285021200885,334.));
#12686 = DIRECTION('',(-5.961571066408E-28,-2.341783751051E-30,-1.));
#12687 = DIRECTION('',(-1.,0.,5.961571066408E-28));
#12688 = DEFINITIONAL_REPRESENTATION('',(#12689),#12692);
#12689 = B_SPLINE_CURVE_WITH_KNOTS('',1,(#12690,#12691),.UNSPECIFIED.,
  .F.,.F.,(2,2),(0.,1.455458094975),.PIECEWISE_BEZIER_KNOTS.);
#12690 = CARTESIAN_POINT('',(-0.516561200366,24.804771050702));
#12691 = CARTESIAN_POINT('',(0.7271388271,24.048749551068));
#12692 = ( GEOMETRIC_REPRESENTATION_CONTEXT(2) 
PARAMETRIC_REPRESENTATION_CONTEXT() REPRESENTATION_CONTEXT('2D SPACE',''
  ) );
#12693 = ORIENTED_EDGE('',*,*,#12694,.T.);
#12694 = EDGE_CURVE('',#12668,#11492,#12695,.T.);
#12695 = SURFACE_CURVE('',#12696,(#12700,#12707),.PCURVE_S1.);
#12696 = LINE('',#12697,#12698);
#12697 = CARTESIAN_POINT('',(-20.47404289245,24.333770751953,334.));
#12698 = VECTOR('',#12699,1.);
#12699 = DIRECTION('',(6.157856539746E-02,3.573354495453E-02,
    0.99746237726));
#12700 = PCURVE('',#12446,#12701);
#12701 = DEFINITIONAL_REPRESENTATION('',(#12702),#12706);
#12702 = LINE('',#12703,#12704);
#12703 = CARTESIAN_POINT('',(-0.825745833911,6.208820411717));
#12704 = VECTOR('',#12705,1.);
#12705 = DIRECTION('',(7.118074513969E-02,-0.997463433676));
#12706 = ( GEOMETRIC_REPRESENTATION_CONTEXT(2) 
PARAMETRIC_REPRESENTATION_CONTEXT() REPRESENTATION_CONTEXT('2D SPACE',''
  ) );
#12707 = PCURVE('',#11586,#12708);
#12708 = DEFINITIONAL_REPRESENTATION('',(#12709),#12712);
#12709 = B_SPLINE_CURVE_WITH_KNOTS('',1,(#12710,#12711),.UNSPECIFIED.,
  .F.,.F.,(2,2),(0.,13.139330211966),.PIECEWISE_BEZIER_KNOTS.);
#12710 = CARTESIAN_POINT('',(-0.189471074476,6.638564335633));
#12711 = CARTESIAN_POINT('',(0.745932362407,-6.467427379203));
#12712 = ( GEOMETRIC_REPRESENTATION_CONTEXT(2) 
PARAMETRIC_REPRESENTATION_CONTEXT() REPRESENTATION_CONTEXT('2D SPACE',''
  ) );
#12713 = ADVANCED_FACE('',(#12714),#11586,.T.);
#12714 = FACE_BOUND('',#12715,.T.);
#12715 = EDGE_LOOP('',(#12716,#12717,#12718));
#12716 = ORIENTED_EDGE('',*,*,#11572,.F.);
#12717 = ORIENTED_EDGE('',*,*,#12694,.F.);
#12718 = ORIENTED_EDGE('',*,*,#12719,.T.);
#12719 = EDGE_CURVE('',#12668,#11384,#12720,.T.);
#12720 = SURFACE_CURVE('',#12721,(#12725,#12732),.PCURVE_S1.);
#12721 = LINE('',#12722,#12723);
#12722 = CARTESIAN_POINT('',(-20.47404289245,24.333770751953,334.));
#12723 = VECTOR('',#12724,1.);
#12724 = DIRECTION('',(-2.297682446266E-02,-1.460621191534E-02,
    0.999629293344));
#12725 = PCURVE('',#11586,#12726);
#12726 = DEFINITIONAL_REPRESENTATION('',(#12727),#12731);
#12727 = LINE('',#12728,#12729);
#12728 = CARTESIAN_POINT('',(-0.189471074476,6.638564335633));
#12729 = VECTOR('',#12730,1.);
#12730 = DIRECTION('',(-2.721471327888E-02,-0.999629611097));
#12731 = ( GEOMETRIC_REPRESENTATION_CONTEXT(2) 
PARAMETRIC_REPRESENTATION_CONTEXT() REPRESENTATION_CONTEXT('2D SPACE',''
  ) );
#12732 = PCURVE('',#12733,#12738);
#12733 = PLANE('',#12734);
#12734 = AXIS2_PLACEMENT_3D('',#12735,#12736,#12737);
#12735 = CARTESIAN_POINT('',(-20.9306481475,24.06066849922,
    339.34706904709));
#12736 = DIRECTION('',(-0.504476691472,0.86342470801,1.020470167759E-03)
  );
#12737 = DIRECTION('',(0.863425157578,0.504476954143,0.));
#12738 = DEFINITIONAL_REPRESENTATION('',(#12739),#12742);
#12739 = B_SPLINE_CURVE_WITH_KNOTS('',1,(#12740,#12741),.UNSPECIFIED.,
  .F.,.F.,(2,2),(0.,11.380592152278),.PIECEWISE_BEZIER_KNOTS.);
#12740 = CARTESIAN_POINT('',(0.532018256919,5.347071831203));
#12741 = CARTESIAN_POINT('',(0.222383463763,-6.029307383264));
#12742 = ( GEOMETRIC_REPRESENTATION_CONTEXT(2) 
PARAMETRIC_REPRESENTATION_CONTEXT() REPRESENTATION_CONTEXT('2D SPACE',''
  ) );
#12743 = ADVANCED_FACE('',(#12744),#12733,.T.);
#12744 = FACE_BOUND('',#12745,.T.);
#12745 = EDGE_LOOP('',(#12746,#12768,#12769));
#12746 = ORIENTED_EDGE('',*,*,#12747,.T.);
#12747 = EDGE_CURVE('',#12748,#11384,#12750,.T.);
#12748 = VERTEX_POINT('',#12749);
#12749 = CARTESIAN_POINT('',(-21.73072242736,23.59952545166,334.));
#12750 = SURFACE_CURVE('',#12751,(#12755,#12762),.PCURVE_S1.);
#12751 = LINE('',#12752,#12753);
#12752 = CARTESIAN_POINT('',(-21.73072242736,23.59952545166,334.));
#12753 = VECTOR('',#12754,1.);
#12754 = DIRECTION('',(8.703823220805E-02,4.967824799377E-02,
    0.994965535991));
#12755 = PCURVE('',#12733,#12756);
#12756 = DEFINITIONAL_REPRESENTATION('',(#12757),#12761);
#12757 = LINE('',#12758,#12759);
#12758 = CARTESIAN_POINT('',(-0.923440301224,5.347071831203));
#12759 = VECTOR('',#12760,1.);
#12760 = DIRECTION('',(0.100212530595,-0.99496605405));
#12761 = ( GEOMETRIC_REPRESENTATION_CONTEXT(2) 
PARAMETRIC_REPRESENTATION_CONTEXT() REPRESENTATION_CONTEXT('2D SPACE',''
  ) );
#12762 = PCURVE('',#11476,#12763);
#12763 = DEFINITIONAL_REPRESENTATION('',(#12764),#12767);
#12764 = B_SPLINE_CURVE_WITH_KNOTS('',1,(#12765,#12766),.UNSPECIFIED.,
  .F.,.F.,(2,2),(0.,11.433937035499),.PIECEWISE_BEZIER_KNOTS.);
#12765 = CARTESIAN_POINT('',(-0.299700409413,5.77746248747));
#12766 = CARTESIAN_POINT('',(0.846174100588,-5.598911615868));
#12767 = ( GEOMETRIC_REPRESENTATION_CONTEXT(2) 
PARAMETRIC_REPRESENTATION_CONTEXT() REPRESENTATION_CONTEXT('2D SPACE',''
  ) );
#12768 = ORIENTED_EDGE('',*,*,#12719,.F.);
#12769 = ORIENTED_EDGE('',*,*,#12770,.T.);
#12770 = EDGE_CURVE('',#12668,#12748,#12771,.T.);
#12771 = SURFACE_CURVE('',#12772,(#12776,#12783),.PCURVE_S1.);
#12772 = LINE('',#12773,#12774);
#12773 = CARTESIAN_POINT('',(-20.47404289245,24.333770751953,334.));
#12774 = VECTOR('',#12775,1.);
#12775 = DIRECTION('',(-0.863425157578,-0.504476954143,0.));
#12776 = PCURVE('',#12733,#12777);
#12777 = DEFINITIONAL_REPRESENTATION('',(#12778),#12782);
#12778 = LINE('',#12779,#12780);
#12779 = CARTESIAN_POINT('',(0.532018256919,5.347071831203));
#12780 = VECTOR('',#12781,1.);
#12781 = DIRECTION('',(-1.,1.650676615628E-19));
#12782 = ( GEOMETRIC_REPRESENTATION_CONTEXT(2) 
PARAMETRIC_REPRESENTATION_CONTEXT() REPRESENTATION_CONTEXT('2D SPACE',''
  ) );
#12783 = PCURVE('',#12784,#12789);
#12784 = PLANE('',#12785);
#12785 = AXIS2_PLACEMENT_3D('',#12786,#12787,#12788);
#12786 = CARTESIAN_POINT('',(-21.20234142422,0.412341100631,334.));
#12787 = DIRECTION('',(-0.,-0.,-1.));
#12788 = DIRECTION('',(-1.,0.,0.));
#12789 = DEFINITIONAL_REPRESENTATION('',(#12790),#12793);
#12790 = B_SPLINE_CURVE_WITH_KNOTS('',1,(#12791,#12792),.UNSPECIFIED.,
  .F.,.F.,(2,2),(0.,1.455458558142),.PIECEWISE_BEZIER_KNOTS.);
#12791 = CARTESIAN_POINT('',(-0.728298531772,23.921429651322));
#12792 = CARTESIAN_POINT('',(0.52838100314,23.187184351029));
#12793 = ( GEOMETRIC_REPRESENTATION_CONTEXT(2) 
PARAMETRIC_REPRESENTATION_CONTEXT() REPRESENTATION_CONTEXT('2D SPACE',''
  ) );
#12794 = ADVANCED_FACE('',(#12795),#11476,.T.);
#12795 = FACE_BOUND('',#12796,.T.);
#12796 = EDGE_LOOP('',(#12797,#12798,#12799));
#12797 = ORIENTED_EDGE('',*,*,#11462,.F.);
#12798 = ORIENTED_EDGE('',*,*,#12747,.F.);
#12799 = ORIENTED_EDGE('',*,*,#12800,.T.);
#12800 = EDGE_CURVE('',#12748,#11435,#12801,.T.);
#12801 = SURFACE_CURVE('',#12802,(#12806,#12813),.PCURVE_S1.);
#12802 = LINE('',#12803,#12804);
#12803 = CARTESIAN_POINT('',(-21.73072242736,23.59952545166,334.));
#12804 = VECTOR('',#12805,1.);
#12805 = DIRECTION('',(-1.205444047204E-02,-7.37633897235E-03,
    0.999900135058));
#12806 = PCURVE('',#11476,#12807);
#12807 = DEFINITIONAL_REPRESENTATION('',(#12808),#12812);
#12808 = LINE('',#12809,#12810);
#12809 = CARTESIAN_POINT('',(-0.299700409413,5.77746248747));
#12810 = VECTOR('',#12811,1.);
#12811 = DIRECTION('',(-1.412717705901E-02,-0.999900206455));
#12812 = ( GEOMETRIC_REPRESENTATION_CONTEXT(2) 
PARAMETRIC_REPRESENTATION_CONTEXT() REPRESENTATION_CONTEXT('2D SPACE',''
  ) );
#12813 = PCURVE('',#12814,#12819);
#12814 = PLANE('',#12815);
#12815 = AXIS2_PLACEMENT_3D('',#12816,#12817,#12818);
#12816 = CARTESIAN_POINT('',(-22.12574222276,23.375108744165,
    338.50015396131));
#12817 = DIRECTION('',(-0.489360791258,0.872081263979,5.338497998507E-04
    ));
#12818 = DIRECTION('',(0.872081388249,0.489360860991,0.));
#12819 = DEFINITIONAL_REPRESENTATION('',(#12820),#12823);
#12820 = B_SPLINE_CURVE_WITH_KNOTS('',1,(#12821,#12822),.UNSPECIFIED.,
  .F.,.F.,(2,2),(0.,9.675160545288),.PIECEWISE_BEZIER_KNOTS.);
#12821 = CARTESIAN_POINT('',(0.454310164758,4.500154602574));
#12822 = CARTESIAN_POINT('',(0.317676146846,-5.174041111915));
#12823 = ( GEOMETRIC_REPRESENTATION_CONTEXT(2) 
PARAMETRIC_REPRESENTATION_CONTEXT() REPRESENTATION_CONTEXT('2D SPACE',''
  ) );
#12824 = ADVANCED_FACE('',(#12825),#12814,.T.);
#12825 = FACE_BOUND('',#12826,.T.);
#12826 = EDGE_LOOP('',(#12827,#12849,#12850));
#12827 = ORIENTED_EDGE('',*,*,#12828,.T.);
#12828 = EDGE_CURVE('',#12829,#11435,#12831,.T.);
#12829 = VERTEX_POINT('',#12830);
#12830 = CARTESIAN_POINT('',(-23.,22.887281417847,334.));
#12831 = SURFACE_CURVE('',#12832,(#12836,#12843),.PCURVE_S1.);
#12832 = LINE('',#12833,#12834);
#12833 = CARTESIAN_POINT('',(-23.,22.887281417847,334.));
#12834 = VECTOR('',#12835,1.);
#12835 = DIRECTION('',(0.118054817537,6.563888488189E-02,0.990835302584)
  );
#12836 = PCURVE('',#12814,#12837);
#12837 = DEFINITIONAL_REPRESENTATION('',(#12838),#12842);
#12838 = LINE('',#12839,#12840);
#12839 = CARTESIAN_POINT('',(-1.001147536479,4.500154602574));
#12840 = VECTOR('',#12841,1.);
#12841 = DIRECTION('',(0.135074510388,-0.990835443776));
#12842 = ( GEOMETRIC_REPRESENTATION_CONTEXT(2) 
PARAMETRIC_REPRESENTATION_CONTEXT() REPRESENTATION_CONTEXT('2D SPACE',''
  ) );
#12843 = PCURVE('',#11724,#12844);
#12844 = DEFINITIONAL_REPRESENTATION('',(#12845),#12848);
#12845 = B_SPLINE_CURVE_WITH_KNOTS('',1,(#12846,#12847),.UNSPECIFIED.,
  .F.,.F.,(2,2),(0.,9.763675467258),.PIECEWISE_BEZIER_KNOTS.);
#12846 = CARTESIAN_POINT('',(-0.394257132343,4.928992132088));
#12847 = CARTESIAN_POINT('',(0.924576663271,-4.74520220385));
#12848 = ( GEOMETRIC_REPRESENTATION_CONTEXT(2) 
PARAMETRIC_REPRESENTATION_CONTEXT() REPRESENTATION_CONTEXT('2D SPACE',''
  ) );
#12849 = ORIENTED_EDGE('',*,*,#12800,.F.);
#12850 = ORIENTED_EDGE('',*,*,#12851,.T.);
#12851 = EDGE_CURVE('',#12748,#12829,#12852,.T.);
#12852 = SURFACE_CURVE('',#12853,(#12857,#12864),.PCURVE_S1.);
#12853 = LINE('',#12854,#12855);
#12854 = CARTESIAN_POINT('',(-21.73072242736,23.59952545166,334.));
#12855 = VECTOR('',#12856,1.);
#12856 = DIRECTION('',(-0.872081388249,-0.489360860991,0.));
#12857 = PCURVE('',#12814,#12858);
#12858 = DEFINITIONAL_REPRESENTATION('',(#12859),#12863);
#12859 = LINE('',#12860,#12861);
#12860 = CARTESIAN_POINT('',(0.454310164758,4.500154602574));
#12861 = VECTOR('',#12862,1.);
#12862 = DIRECTION('',(-1.,-1.134793341271E-19));
#12863 = ( GEOMETRIC_REPRESENTATION_CONTEXT(2) 
PARAMETRIC_REPRESENTATION_CONTEXT() REPRESENTATION_CONTEXT('2D SPACE',''
  ) );
#12864 = PCURVE('',#12865,#12870);
#12865 = PLANE('',#12866);
#12866 = AXIS2_PLACEMENT_3D('',#12867,#12868,#12869);
#12867 = CARTESIAN_POINT('',(-22.67528569723,0.531028411938,334.));
#12868 = DIRECTION('',(-0.,-0.,-1.));
#12869 = DIRECTION('',(-1.,0.,0.));
#12870 = DEFINITIONAL_REPRESENTATION('',(#12871),#12874);
#12871 = B_SPLINE_CURVE_WITH_KNOTS('',1,(#12872,#12873),.UNSPECIFIED.,
  .F.,.F.,(2,2),(0.,1.455457701237),.PIECEWISE_BEZIER_KNOTS.);
#12872 = CARTESIAN_POINT('',(-0.94456326987,23.068497039723));
#12873 = CARTESIAN_POINT('',(0.324714302762,22.356253005909));
#12874 = ( GEOMETRIC_REPRESENTATION_CONTEXT(2) 
PARAMETRIC_REPRESENTATION_CONTEXT() REPRESENTATION_CONTEXT('2D SPACE',''
  ) );
#12875 = ADVANCED_FACE('',(#12876),#11724,.T.);
#12876 = FACE_BOUND('',#12877,.T.);
#12877 = EDGE_LOOP('',(#12878,#12879,#12880));
#12878 = ORIENTED_EDGE('',*,*,#11710,.F.);
#12879 = ORIENTED_EDGE('',*,*,#12828,.F.);
#12880 = ORIENTED_EDGE('',*,*,#12881,.T.);
#12881 = EDGE_CURVE('',#12829,#11683,#12882,.T.);
#12882 = SURFACE_CURVE('',#12883,(#12887,#12894),.PCURVE_S1.);
#12883 = LINE('',#12884,#12885);
#12884 = CARTESIAN_POINT('',(-23.,22.887281417847,334.));
#12885 = VECTOR('',#12886,1.);
#12886 = DIRECTION('',(0.,0.,1.));
#12887 = PCURVE('',#11724,#12888);
#12888 = DEFINITIONAL_REPRESENTATION('',(#12889),#12893);
#12889 = LINE('',#12890,#12891);
#12890 = CARTESIAN_POINT('',(-0.394257132343,4.928992132088));
#12891 = VECTOR('',#12892,1.);
#12892 = DIRECTION('',(0.,-1.));
#12893 = ( GEOMETRIC_REPRESENTATION_CONTEXT(2) 
PARAMETRIC_REPRESENTATION_CONTEXT() REPRESENTATION_CONTEXT('2D SPACE',''
  ) );
#12894 = PCURVE('',#12895,#12900);
#12895 = PLANE('',#12896);
#12896 = AXIS2_PLACEMENT_3D('',#12897,#12898,#12899);
#12897 = CARTESIAN_POINT('',(-23.,1.820027012418,336.17340598623));
#12898 = DIRECTION('',(-1.,-0.,-0.));
#12899 = DIRECTION('',(0.,0.,-1.));
#12900 = DEFINITIONAL_REPRESENTATION('',(#12901),#12904);
#12901 = B_SPLINE_CURVE_WITH_KNOTS('',1,(#12902,#12903),.UNSPECIFIED.,
  .F.,.F.,(2,2),(0.,8.),.PIECEWISE_BEZIER_KNOTS.);
#12902 = CARTESIAN_POINT('',(2.173405986239,-21.06725440542));
#12903 = CARTESIAN_POINT('',(-5.826594013761,-21.06725440542));
#12904 = ( GEOMETRIC_REPRESENTATION_CONTEXT(2) 
PARAMETRIC_REPRESENTATION_CONTEXT() REPRESENTATION_CONTEXT('2D SPACE',''
  ) );
#12905 = ADVANCED_FACE('',(#12906),#3641,.T.);
#12906 = FACE_BOUND('',#12907,.T.);
#12907 = EDGE_LOOP('',(#12908,#12909,#12929));
#12908 = ORIENTED_EDGE('',*,*,#3625,.F.);
#12909 = ORIENTED_EDGE('',*,*,#12910,.T.);
#12910 = EDGE_CURVE('',#3495,#12168,#12911,.T.);
#12911 = SURFACE_CURVE('',#12912,(#12916,#12923),.PCURVE_S1.);
#12912 = LINE('',#12913,#12914);
#12913 = CARTESIAN_POINT('',(-18.,-23.40041542053,334.));
#12914 = VECTOR('',#12915,1.);
#12915 = DIRECTION('',(-0.747266645248,-0.664524311744,0.));
#12916 = PCURVE('',#3641,#12917);
#12917 = DEFINITIONAL_REPRESENTATION('',(#12918),#12922);
#12918 = LINE('',#12919,#12920);
#12919 = CARTESIAN_POINT('',(-0.426392404427,-22.47581246959));
#12920 = VECTOR('',#12921,1.);
#12921 = DIRECTION('',(0.747266645248,-0.664524311744));
#12922 = ( GEOMETRIC_REPRESENTATION_CONTEXT(2) 
PARAMETRIC_REPRESENTATION_CONTEXT() REPRESENTATION_CONTEXT('2D SPACE',''
  ) );
#12923 = PCURVE('',#12183,#12924);
#12924 = DEFINITIONAL_REPRESENTATION('',(#12925),#12928);
#12925 = B_SPLINE_CURVE_WITH_KNOTS('',1,(#12926,#12927),.UNSPECIFIED.,
  .F.,.F.,(2,2),(0.,2.198990622731),.PIECEWISE_BEZIER_KNOTS.);
#12926 = CARTESIAN_POINT('',(-0.512412119265,1.291894359339));
#12927 = CARTESIAN_POINT('',(1.130820226316,-0.169388370764));
#12928 = ( GEOMETRIC_REPRESENTATION_CONTEXT(2) 
PARAMETRIC_REPRESENTATION_CONTEXT() REPRESENTATION_CONTEXT('2D SPACE',''
  ) );
#12929 = ORIENTED_EDGE('',*,*,#12930,.T.);
#12930 = EDGE_CURVE('',#12168,#3626,#12931,.T.);
#12931 = SURFACE_CURVE('',#12932,(#12936,#12943),.PCURVE_S1.);
#12932 = LINE('',#12933,#12934);
#12933 = CARTESIAN_POINT('',(-19.64323234558,-24.86169815063,334.));
#12934 = VECTOR('',#12935,1.);
#12935 = DIRECTION('',(3.405166260264E-02,0.99942007398,0.));
#12936 = PCURVE('',#3641,#12937);
#12937 = DEFINITIONAL_REPRESENTATION('',(#12938),#12942);
#12938 = LINE('',#12939,#12940);
#12939 = CARTESIAN_POINT('',(1.216839941155,-23.93709519969));
#12940 = VECTOR('',#12941,1.);
#12941 = DIRECTION('',(-3.405166260264E-02,0.99942007398));
#12942 = ( GEOMETRIC_REPRESENTATION_CONTEXT(2) 
PARAMETRIC_REPRESENTATION_CONTEXT() REPRESENTATION_CONTEXT('2D SPACE',''
  ) );
#12943 = PCURVE('',#12944,#12949);
#12944 = PLANE('',#12945);
#12945 = AXIS2_PLACEMENT_3D('',#12946,#12947,#12948);
#12946 = CARTESIAN_POINT('',(-19.12355686257,0.208578012332,334.));
#12947 = DIRECTION('',(-0.,-0.,-1.));
#12948 = DIRECTION('',(-1.,0.,0.));
#12949 = DEFINITIONAL_REPRESENTATION('',(#12950),#12953);
#12950 = B_SPLINE_CURVE_WITH_KNOTS('',1,(#12951,#12952),.UNSPECIFIED.,
  .F.,.F.,(2,2),(0.,48.257037101434),.PIECEWISE_BEZIER_KNOTS.);
#12951 = CARTESIAN_POINT('',(0.519675483006,-25.07027616296));
#12952 = CARTESIAN_POINT('',(-1.123556862575,23.158775426999));
#12953 = ( GEOMETRIC_REPRESENTATION_CONTEXT(2) 
PARAMETRIC_REPRESENTATION_CONTEXT() REPRESENTATION_CONTEXT('2D SPACE',''
  ) );
#12954 = ADVANCED_FACE('',(#12955),#12944,.T.);
#12955 = FACE_BOUND('',#12956,.T.);
#12956 = EDGE_LOOP('',(#12957,#12977,#12978));
#12957 = ORIENTED_EDGE('',*,*,#12958,.T.);
#12958 = EDGE_CURVE('',#12431,#3626,#12959,.T.);
#12959 = SURFACE_CURVE('',#12960,(#12964,#12971),.PCURVE_S1.);
#12960 = LINE('',#12961,#12962);
#12961 = CARTESIAN_POINT('',(-19.23034286499,25.089792251587,334.));
#12962 = VECTOR('',#12963,1.);
#12963 = DIRECTION('',(0.581247399344,-0.813726895682,0.));
#12964 = PCURVE('',#12944,#12965);
#12965 = DEFINITIONAL_REPRESENTATION('',(#12966),#12970);
#12966 = LINE('',#12967,#12968);
#12967 = CARTESIAN_POINT('',(0.106786002416,24.881214239255));
#12968 = VECTOR('',#12969,1.);
#12969 = DIRECTION('',(-0.581247399344,-0.813726895682));
#12970 = ( GEOMETRIC_REPRESENTATION_CONTEXT(2) 
PARAMETRIC_REPRESENTATION_CONTEXT() REPRESENTATION_CONTEXT('2D SPACE',''
  ) );
#12971 = PCURVE('',#12525,#12972);
#12972 = DEFINITIONAL_REPRESENTATION('',(#12973),#12976);
#12973 = B_SPLINE_CURVE_WITH_KNOTS('',1,(#12974,#12975),.UNSPECIFIED.,
  .F.,.F.,(2,2),(0.,2.116728378276),.PIECEWISE_BEZIER_KNOTS.);
#12974 = CARTESIAN_POINT('',(0.868446104111,0.401535924467));
#12975 = CARTESIAN_POINT('',(-0.361896760879,-1.320902887789));
#12976 = ( GEOMETRIC_REPRESENTATION_CONTEXT(2) 
PARAMETRIC_REPRESENTATION_CONTEXT() REPRESENTATION_CONTEXT('2D SPACE',''
  ) );
#12977 = ORIENTED_EDGE('',*,*,#12930,.F.);
#12978 = ORIENTED_EDGE('',*,*,#12979,.T.);
#12979 = EDGE_CURVE('',#12168,#12431,#12980,.T.);
#12980 = SURFACE_CURVE('',#12981,(#12985,#12992),.PCURVE_S1.);
#12981 = LINE('',#12982,#12983);
#12982 = CARTESIAN_POINT('',(-19.64323234558,-24.86169815063,334.));
#12983 = VECTOR('',#12984,1.);
#12984 = DIRECTION('',(8.265526672805E-03,0.999965839951,0.));
#12985 = PCURVE('',#12944,#12986);
#12986 = DEFINITIONAL_REPRESENTATION('',(#12987),#12991);
#12987 = LINE('',#12988,#12989);
#12988 = CARTESIAN_POINT('',(0.519675483006,-25.07027616296));
#12989 = VECTOR('',#12990,1.);
#12990 = DIRECTION('',(-8.265526672805E-03,0.999965839951));
#12991 = ( GEOMETRIC_REPRESENTATION_CONTEXT(2) 
PARAMETRIC_REPRESENTATION_CONTEXT() REPRESENTATION_CONTEXT('2D SPACE',''
  ) );
#12992 = PCURVE('',#12683,#12993);
#12993 = DEFINITIONAL_REPRESENTATION('',(#12994),#12997);
#12994 = B_SPLINE_CURVE_WITH_KNOTS('',1,(#12995,#12996),.UNSPECIFIED.,
  .F.,.F.,(2,2),(0.,49.953196805874),.PIECEWISE_BEZIER_KNOTS.);
#12995 = CARTESIAN_POINT('',(-0.103671719775,-25.14671935152));
#12996 = CARTESIAN_POINT('',(-0.516561200366,24.804771050702));
#12997 = ( GEOMETRIC_REPRESENTATION_CONTEXT(2) 
PARAMETRIC_REPRESENTATION_CONTEXT() REPRESENTATION_CONTEXT('2D SPACE',''
  ) );
#12998 = ADVANCED_FACE('',(#12999),#12525,.T.);
#12999 = FACE_BOUND('',#13000,.T.);
#13000 = EDGE_LOOP('',(#13001,#13021,#13022));
#13001 = ORIENTED_EDGE('',*,*,#13002,.T.);
#13002 = EDGE_CURVE('',#307,#3626,#13003,.T.);
#13003 = SURFACE_CURVE('',#13004,(#13008,#13015),.PCURVE_S1.);
#13004 = LINE('',#13005,#13006);
#13005 = CARTESIAN_POINT('',(-18.,25.867359161377,334.));
#13006 = VECTOR('',#13007,1.);
#13007 = DIRECTION('',(0.,-1.,0.));
#13008 = PCURVE('',#12525,#13009);
#13009 = DEFINITIONAL_REPRESENTATION('',(#13010),#13014);
#13010 = LINE('',#13011,#13012);
#13011 = CARTESIAN_POINT('',(-0.361896760879,1.179102834257));
#13012 = VECTOR('',#13013,1.);
#13013 = DIRECTION('',(0.,-1.));
#13014 = ( GEOMETRIC_REPRESENTATION_CONTEXT(2) 
PARAMETRIC_REPRESENTATION_CONTEXT() REPRESENTATION_CONTEXT('2D SPACE',''
  ) );
#13015 = PCURVE('',#3746,#13016);
#13016 = DEFINITIONAL_REPRESENTATION('',(#13017),#13020);
#13017 = B_SPLINE_CURVE_WITH_KNOTS('',1,(#13018,#13019),.UNSPECIFIED.,
  .F.,.F.,(2,2),(0.,2.500005722046),.PIECEWISE_BEZIER_KNOTS.);
#13018 = CARTESIAN_POINT('',(9.499068965209E-03,1.250330158673));
#13019 = CARTESIAN_POINT('',(9.499068965209E-03,-1.249675563373));
#13020 = ( GEOMETRIC_REPRESENTATION_CONTEXT(2) 
PARAMETRIC_REPRESENTATION_CONTEXT() REPRESENTATION_CONTEXT('2D SPACE',''
  ) );
#13021 = ORIENTED_EDGE('',*,*,#12958,.F.);
#13022 = ORIENTED_EDGE('',*,*,#12511,.F.);
#13023 = ADVANCED_FACE('',(#13024),#12183,.T.);
#13024 = FACE_BOUND('',#13025,.T.);
#13025 = EDGE_LOOP('',(#13026,#13027,#13028));
#13026 = ORIENTED_EDGE('',*,*,#12167,.F.);
#13027 = ORIENTED_EDGE('',*,*,#12910,.F.);
#13028 = ORIENTED_EDGE('',*,*,#13029,.T.);
#13029 = EDGE_CURVE('',#3495,#2326,#13030,.T.);
#13030 = SURFACE_CURVE('',#13031,(#13035,#13042),.PCURVE_S1.);
#13031 = LINE('',#13032,#13033);
#13032 = CARTESIAN_POINT('',(-18.,-23.40041542053,334.));
#13033 = VECTOR('',#13034,1.);
#13034 = DIRECTION('',(0.,-1.,0.));
#13035 = PCURVE('',#12183,#13036);
#13036 = DEFINITIONAL_REPRESENTATION('',(#13037),#13041);
#13037 = LINE('',#13038,#13039);
#13038 = CARTESIAN_POINT('',(-0.512412119265,1.291894359339));
#13039 = VECTOR('',#13040,1.);
#13040 = DIRECTION('',(0.,-1.));
#13041 = ( GEOMETRIC_REPRESENTATION_CONTEXT(2) 
PARAMETRIC_REPRESENTATION_CONTEXT() REPRESENTATION_CONTEXT('2D SPACE',''
  ) );
#13042 = PCURVE('',#3536,#13043);
#13043 = DEFINITIONAL_REPRESENTATION('',(#13044),#13047);
#13044 = B_SPLINE_CURVE_WITH_KNOTS('',1,(#13045,#13046),.UNSPECIFIED.,
  .F.,.F.,(2,2),(0.,2.5),.PIECEWISE_BEZIER_KNOTS.);
#13045 = CARTESIAN_POINT('',(9.499068988919E-03,1.249672700697));
#13046 = CARTESIAN_POINT('',(9.499068988919E-03,-1.250327299303));
#13047 = ( GEOMETRIC_REPRESENTATION_CONTEXT(2) 
PARAMETRIC_REPRESENTATION_CONTEXT() REPRESENTATION_CONTEXT('2D SPACE',''
  ) );
#13048 = ADVANCED_FACE('',(#13049),#3536,.T.);
#13049 = FACE_BOUND('',#13050,.T.);
#13050 = EDGE_LOOP('',(#13051,#13071,#13072));
#13051 = ORIENTED_EDGE('',*,*,#13052,.T.);
#13052 = EDGE_CURVE('',#3383,#2326,#13053,.T.);
#13053 = SURFACE_CURVE('',#13054,(#13058,#13065),.PCURVE_S1.);
#13054 = LINE('',#13055,#13056);
#13055 = CARTESIAN_POINT('',(-17.96201896667,-23.83453559875,334.));
#13056 = VECTOR('',#13057,1.);
#13057 = DIRECTION('',(-1.838181275471E-02,-0.999831040206,0.));
#13058 = PCURVE('',#3536,#13059);
#13059 = DEFINITIONAL_REPRESENTATION('',(#13060),#13064);
#13060 = LINE('',#13061,#13062);
#13061 = CARTESIAN_POINT('',(-2.848196433628E-02,0.815552522474));
#13062 = VECTOR('',#13063,1.);
#13063 = DIRECTION('',(1.838181275471E-02,-0.999831040206));
#13064 = ( GEOMETRIC_REPRESENTATION_CONTEXT(2) 
PARAMETRIC_REPRESENTATION_CONTEXT() REPRESENTATION_CONTEXT('2D SPACE',''
  ) );
#13065 = PCURVE('',#3424,#13066);
#13066 = DEFINITIONAL_REPRESENTATION('',(#13067),#13070);
#13067 = B_SPLINE_CURVE_WITH_KNOTS('',1,(#13068,#13069),.UNSPECIFIED.,
  .F.,.F.,(2,2),(0.,2.066228931391),.PIECEWISE_BEZIER_KNOTS.);
#13068 = CARTESIAN_POINT('',(1.134380438128E-02,1.030349172546));
#13069 = CARTESIAN_POINT('',(4.932483770648E-02,-1.035530649232));
#13070 = ( GEOMETRIC_REPRESENTATION_CONTEXT(2) 
PARAMETRIC_REPRESENTATION_CONTEXT() REPRESENTATION_CONTEXT('2D SPACE',''
  ) );
#13071 = ORIENTED_EDGE('',*,*,#13029,.F.);
#13072 = ORIENTED_EDGE('',*,*,#3522,.F.);
#13073 = ADVANCED_FACE('',(#13074),#3424,.T.);
#13074 = FACE_BOUND('',#13075,.T.);
#13075 = EDGE_LOOP('',(#13076,#13096,#13097));
#13076 = ORIENTED_EDGE('',*,*,#13077,.T.);
#13077 = EDGE_CURVE('',#3271,#2326,#13078,.T.);
#13078 = SURFACE_CURVE('',#13079,(#13083,#13090),.PCURVE_S1.);
#13079 = LINE('',#13080,#13081);
#13080 = CARTESIAN_POINT('',(-17.84923171997,-24.25546455383,334.));
#13081 = VECTOR('',#13082,1.);
#13082 = DIRECTION('',(-9.127261352912E-02,-0.995825943637,0.));
#13083 = PCURVE('',#3424,#13084);
#13084 = DEFINITIONAL_REPRESENTATION('',(#13085),#13089);
#13085 = LINE('',#13086,#13087);
#13086 = CARTESIAN_POINT('',(-0.101443442323,0.609420217468));
#13087 = VECTOR('',#13088,1.);
#13088 = DIRECTION('',(9.127261352912E-02,-0.995825943637));
#13089 = ( GEOMETRIC_REPRESENTATION_CONTEXT(2) 
PARAMETRIC_REPRESENTATION_CONTEXT() REPRESENTATION_CONTEXT('2D SPACE',''
  ) );
#13090 = PCURVE('',#3312,#13091);
#13091 = DEFINITIONAL_REPRESENTATION('',(#13092),#13095);
#13092 = B_SPLINE_CURVE_WITH_KNOTS('',1,(#13093,#13094),.UNSPECIFIED.,
  .F.,.F.,(2,2),(0.,1.651845764022),.PIECEWISE_BEZIER_KNOTS.);
#13093 = CARTESIAN_POINT('',(-1.856556128513E-02,0.817504489144));
#13094 = CARTESIAN_POINT('',(0.132202718744,-0.827446377555));
#13095 = ( GEOMETRIC_REPRESENTATION_CONTEXT(2) 
PARAMETRIC_REPRESENTATION_CONTEXT() REPRESENTATION_CONTEXT('2D SPACE',''
  ) );
#13096 = ORIENTED_EDGE('',*,*,#13052,.F.);
#13097 = ORIENTED_EDGE('',*,*,#3410,.F.);
#13098 = ADVANCED_FACE('',(#13099),#3312,.T.);
#13099 = FACE_BOUND('',#13100,.T.);
#13100 = EDGE_LOOP('',(#13101,#13102,#13103));
#13101 = ORIENTED_EDGE('',*,*,#13077,.F.);
#13102 = ORIENTED_EDGE('',*,*,#3298,.F.);
#13103 = ORIENTED_EDGE('',*,*,#13104,.T.);
#13104 = EDGE_CURVE('',#3159,#2326,#13105,.T.);
#13105 = SURFACE_CURVE('',#13106,(#13110,#13117),.PCURVE_S1.);
#13106 = LINE('',#13107,#13108);
#13107 = CARTESIAN_POINT('',(-17.66506385803,-24.65041542053,334.));
#13108 = VECTOR('',#13109,1.);
#13109 = DIRECTION('',(-0.258818793791,-0.965925893628,0.));
#13110 = PCURVE('',#3312,#13111);
#13111 = DEFINITIONAL_REPRESENTATION('',(#13112),#13116);
#13112 = LINE('',#13113,#13114);
#13113 = CARTESIAN_POINT('',(-0.202733423224,0.422553622445));
#13114 = VECTOR('',#13115,1.);
#13115 = DIRECTION('',(0.258818793791,-0.965925893628));
#13116 = ( GEOMETRIC_REPRESENTATION_CONTEXT(2) 
PARAMETRIC_REPRESENTATION_CONTEXT() REPRESENTATION_CONTEXT('2D SPACE',''
  ) );
#13117 = PCURVE('',#3200,#13118);
#13118 = DEFINITIONAL_REPRESENTATION('',(#13119),#13122);
#13119 = B_SPLINE_CURVE_WITH_KNOTS('',1,(#13120,#13121),.UNSPECIFIED.,
  .F.,.F.,(2,2),(0.,1.294095135296),.PIECEWISE_BEZIER_KNOTS.);
#13120 = CARTESIAN_POINT('',(-7.421864996183E-02,0.623553508457));
#13121 = CARTESIAN_POINT('',(0.260717492006,-0.626446491543));
#13122 = ( GEOMETRIC_REPRESENTATION_CONTEXT(2) 
PARAMETRIC_REPRESENTATION_CONTEXT() REPRESENTATION_CONTEXT('2D SPACE',''
  ) );
#13123 = ADVANCED_FACE('',(#13124),#3200,.T.);
#13124 = FACE_BOUND('',#13125,.T.);
#13125 = EDGE_LOOP('',(#13126,#13146,#13147));
#13126 = ORIENTED_EDGE('',*,*,#13127,.T.);
#13127 = EDGE_CURVE('',#3047,#2326,#13128,.T.);
#13128 = SURFACE_CURVE('',#13129,(#13133,#13140),.PCURVE_S1.);
#13129 = LINE('',#13130,#13131);
#13130 = CARTESIAN_POINT('',(-17.41511154174,-25.00738334655,334.));
#13131 = VECTOR('',#13132,1.);
#13132 = DIRECTION('',(-0.547894170801,-0.836547654113,0.));
#13133 = PCURVE('',#3200,#13134);
#13134 = DEFINITIONAL_REPRESENTATION('',(#13135),#13139);
#13135 = LINE('',#13136,#13137);
#13136 = CARTESIAN_POINT('',(-0.324170966246,0.266585582432));
#13137 = VECTOR('',#13138,1.);
#13138 = DIRECTION('',(0.547894170801,-0.836547654113));
#13139 = ( GEOMETRIC_REPRESENTATION_CONTEXT(2) 
PARAMETRIC_REPRESENTATION_CONTEXT() REPRESENTATION_CONTEXT('2D SPACE',''
  ) );
#13140 = PCURVE('',#3088,#13141);
#13141 = DEFINITIONAL_REPRESENTATION('',(#13142),#13145);
#13142 = B_SPLINE_CURVE_WITH_KNOTS('',1,(#13143,#13144),.UNSPECIFIED.,
  .F.,.F.,(2,2),(0.,1.067520863376),.PIECEWISE_BEZIER_KNOTS.);
#13143 = CARTESIAN_POINT('',(-0.460921331453,-0.152778369021));
#13144 = CARTESIAN_POINT('',(0.432110742521,0.432110089231));
#13145 = ( GEOMETRIC_REPRESENTATION_CONTEXT(2) 
PARAMETRIC_REPRESENTATION_CONTEXT() REPRESENTATION_CONTEXT('2D SPACE',''
  ) );
#13146 = ORIENTED_EDGE('',*,*,#13104,.F.);
#13147 = ORIENTED_EDGE('',*,*,#3186,.F.);
#13148 = ADVANCED_FACE('',(#13149),#3088,.T.);
#13149 = FACE_BOUND('',#13150,.T.);
#13150 = EDGE_LOOP('',(#13151,#13171,#13172));
#13151 = ORIENTED_EDGE('',*,*,#13152,.T.);
#13152 = EDGE_CURVE('',#2935,#2326,#13153,.T.);
#13153 = SURFACE_CURVE('',#13154,(#13158,#13165),.PCURVE_S1.);
#13154 = LINE('',#13155,#13156);
#13155 = CARTESIAN_POINT('',(-17.10696983337,-25.31552696228,334.));
#13156 = VECTOR('',#13157,1.);
#13157 = DIRECTION('',(-0.836547117764,-0.547894989721,0.));
#13158 = PCURVE('',#3088,#13159);
#13159 = DEFINITIONAL_REPRESENTATION('',(#13160),#13164);
#13160 = LINE('',#13161,#13162);
#13161 = CARTESIAN_POINT('',(-0.152777715731,-0.460920077395));
#13162 = VECTOR('',#13163,1.);
#13163 = DIRECTION('',(0.547894989721,0.836547117764));
#13164 = ( GEOMETRIC_REPRESENTATION_CONTEXT(2) 
PARAMETRIC_REPRESENTATION_CONTEXT() REPRESENTATION_CONTEXT('2D SPACE',''
  ) );
#13165 = PCURVE('',#2976,#13166);
#13166 = DEFINITIONAL_REPRESENTATION('',(#13167),#13170);
#13167 = B_SPLINE_CURVE_WITH_KNOTS('',1,(#13168,#13169),.UNSPECIFIED.,
  .F.,.F.,(2,2),(0.,1.067519267789),.PIECEWISE_BEZIER_KNOTS.);
#13168 = CARTESIAN_POINT('',(-0.26658383637,0.324170873088));
#13169 = CARTESIAN_POINT('',(0.626446330256,-0.260717585164));
#13170 = ( GEOMETRIC_REPRESENTATION_CONTEXT(2) 
PARAMETRIC_REPRESENTATION_CONTEXT() REPRESENTATION_CONTEXT('2D SPACE',''
  ) );
#13171 = ORIENTED_EDGE('',*,*,#13127,.F.);
#13172 = ORIENTED_EDGE('',*,*,#3074,.F.);
#13173 = ADVANCED_FACE('',(#13174),#2976,.T.);
#13174 = FACE_BOUND('',#13175,.T.);
#13175 = EDGE_LOOP('',(#13176,#13177,#13178));
#13176 = ORIENTED_EDGE('',*,*,#13152,.F.);
#13177 = ORIENTED_EDGE('',*,*,#2962,.F.);
#13178 = ORIENTED_EDGE('',*,*,#13179,.T.);
#13179 = EDGE_CURVE('',#2823,#2326,#13180,.T.);
#13180 = SURFACE_CURVE('',#13181,(#13185,#13192),.PCURVE_S1.);
#13181 = LINE('',#13182,#13183);
#13182 = CARTESIAN_POINT('',(-16.75,-25.56547927856,334.));
#13183 = VECTOR('',#13184,1.);
#13184 = DIRECTION('',(-0.965925893628,-0.258818793791,0.));
#13185 = PCURVE('',#2976,#13186);
#13186 = DEFINITIONAL_REPRESENTATION('',(#13187),#13191);
#13187 = LINE('',#13188,#13189);
#13188 = CARTESIAN_POINT('',(-0.623553669744,7.421855680337E-02));
#13189 = VECTOR('',#13190,1.);
#13190 = DIRECTION('',(0.965925893628,-0.258818793791));
#13191 = ( GEOMETRIC_REPRESENTATION_CONTEXT(2) 
PARAMETRIC_REPRESENTATION_CONTEXT() REPRESENTATION_CONTEXT('2D SPACE',''
  ) );
#13192 = PCURVE('',#2864,#13193);
#13193 = DEFINITIONAL_REPRESENTATION('',(#13194),#13197);
#13194 = B_SPLINE_CURVE_WITH_KNOTS('',1,(#13195,#13196),.UNSPECIFIED.,
  .F.,.F.,(2,2),(0.,1.294095135296),.PIECEWISE_BEZIER_KNOTS.);
#13195 = CARTESIAN_POINT('',(-0.422554525324,0.202733447872));
#13196 = CARTESIAN_POINT('',(0.827445474676,-0.132202694096));
#13197 = ( GEOMETRIC_REPRESENTATION_CONTEXT(2) 
PARAMETRIC_REPRESENTATION_CONTEXT() REPRESENTATION_CONTEXT('2D SPACE',''
  ) );
#13198 = ADVANCED_FACE('',(#13199),#2864,.T.);
#13199 = FACE_BOUND('',#13200,.T.);
#13200 = EDGE_LOOP('',(#13201,#13221,#13222));
#13201 = ORIENTED_EDGE('',*,*,#13202,.T.);
#13202 = EDGE_CURVE('',#2711,#2326,#13203,.T.);
#13203 = SURFACE_CURVE('',#13204,(#13208,#13215),.PCURVE_S1.);
#13204 = LINE('',#13205,#13206);
#13205 = CARTESIAN_POINT('',(-16.35505104064,-25.7496471405,334.));
#13206 = VECTOR('',#13207,1.);
#13207 = DIRECTION('',(-0.995825934017,-9.127271847974E-02,0.));
#13208 = PCURVE('',#2864,#13209);
#13209 = DEFINITIONAL_REPRESENTATION('',(#13210),#13214);
#13210 = LINE('',#13211,#13212);
#13211 = CARTESIAN_POINT('',(-0.817503484674,1.856558593334E-02));
#13212 = VECTOR('',#13213,1.);
#13213 = DIRECTION('',(0.995825934017,-9.127271847974E-02));
#13214 = ( GEOMETRIC_REPRESENTATION_CONTEXT(2) 
PARAMETRIC_REPRESENTATION_CONTEXT() REPRESENTATION_CONTEXT('2D SPACE',''
  ) );
#13215 = PCURVE('',#2752,#13216);
#13216 = DEFINITIONAL_REPRESENTATION('',(#13217),#13220);
#13217 = B_SPLINE_CURVE_WITH_KNOTS('',1,(#13218,#13219),.UNSPECIFIED.,
  .F.,.F.,(2,2),(0.,1.651843864635),.PIECEWISE_BEZIER_KNOTS.);
#13218 = CARTESIAN_POINT('',(-0.101443434258,-0.609418328347));
#13219 = CARTESIAN_POINT('',(4.932484577157E-02,1.035530631003));
#13220 = ( GEOMETRIC_REPRESENTATION_CONTEXT(2) 
PARAMETRIC_REPRESENTATION_CONTEXT() REPRESENTATION_CONTEXT('2D SPACE',''
  ) );
#13221 = ORIENTED_EDGE('',*,*,#13179,.F.);
#13222 = ORIENTED_EDGE('',*,*,#2850,.F.);
#13223 = ADVANCED_FACE('',(#13224),#2752,.T.);
#13224 = FACE_BOUND('',#13225,.T.);
#13225 = EDGE_LOOP('',(#13226,#13246,#13247));
#13226 = ORIENTED_EDGE('',*,*,#13227,.T.);
#13227 = EDGE_CURVE('',#2604,#2326,#13228,.T.);
#13228 = SURFACE_CURVE('',#13229,(#13233,#13240),.PCURVE_S1.);
#13229 = LINE('',#13230,#13231);
#13230 = CARTESIAN_POINT('',(-15.93412017822,-25.8624343872,334.));
#13231 = VECTOR('',#13232,1.);
#13232 = DIRECTION('',(-0.999831040206,-1.838181275471E-02,0.));
#13233 = PCURVE('',#2752,#13234);
#13234 = DEFINITIONAL_REPRESENTATION('',(#13235),#13239);
#13235 = LINE('',#13236,#13237);
#13236 = CARTESIAN_POINT('',(1.134381244637E-02,-1.030349190774));
#13237 = VECTOR('',#13238,1.);
#13238 = DIRECTION('',(1.838181275471E-02,0.999831040206));
#13239 = ( GEOMETRIC_REPRESENTATION_CONTEXT(2) 
PARAMETRIC_REPRESENTATION_CONTEXT() REPRESENTATION_CONTEXT('2D SPACE',''
  ) );
#13240 = PCURVE('',#2373,#13241);
#13241 = DEFINITIONAL_REPRESENTATION('',(#13242),#13245);
#13242 = B_SPLINE_CURVE_WITH_KNOTS('',1,(#13243,#13244),.UNSPECIFIED.,
  .F.,.F.,(2,2),(0.,2.066228931391),.PIECEWISE_BEZIER_KNOTS.);
#13243 = CARTESIAN_POINT('',(-2.848196433627E-02,-0.815552522474));
#13244 = CARTESIAN_POINT('',(9.499068988923E-03,1.250327299303));
#13245 = ( GEOMETRIC_REPRESENTATION_CONTEXT(2) 
PARAMETRIC_REPRESENTATION_CONTEXT() REPRESENTATION_CONTEXT('2D SPACE',''
  ) );
#13246 = ORIENTED_EDGE('',*,*,#13202,.F.);
#13247 = ORIENTED_EDGE('',*,*,#2738,.F.);
#13248 = ADVANCED_FACE('',(#13249),#2373,.T.);
#13249 = FACE_BOUND('',#13250,.T.);
#13250 = EDGE_LOOP('',(#13251,#13252,#13253));
#13251 = ORIENTED_EDGE('',*,*,#13227,.F.);
#13252 = ORIENTED_EDGE('',*,*,#2631,.F.);
#13253 = ORIENTED_EDGE('',*,*,#2357,.F.);
#13254 = ADVANCED_FACE('',(#13255),#12683,.T.);
#13255 = FACE_BOUND('',#13256,.T.);
#13256 = EDGE_LOOP('',(#13257,#13258,#13259));
#13257 = ORIENTED_EDGE('',*,*,#12667,.F.);
#13258 = ORIENTED_EDGE('',*,*,#12979,.F.);
#13259 = ORIENTED_EDGE('',*,*,#13260,.T.);
#13260 = EDGE_CURVE('',#12168,#12668,#13261,.T.);
#13261 = SURFACE_CURVE('',#13262,(#13266,#13273),.PCURVE_S1.);
#13262 = LINE('',#13263,#13264);
#13263 = CARTESIAN_POINT('',(-19.64323234558,-24.86169815063,334.));
#13264 = VECTOR('',#13265,1.);
#13265 = DIRECTION('',(-1.688554080268E-02,0.999857429093,0.));
#13266 = PCURVE('',#12683,#13267);
#13267 = DEFINITIONAL_REPRESENTATION('',(#13268),#13272);
#13268 = LINE('',#13269,#13270);
#13269 = CARTESIAN_POINT('',(-0.103671719775,-25.14671935152));
#13270 = VECTOR('',#13271,1.);
#13271 = DIRECTION('',(1.688554080268E-02,0.999857429093));
#13272 = ( GEOMETRIC_REPRESENTATION_CONTEXT(2) 
PARAMETRIC_REPRESENTATION_CONTEXT() REPRESENTATION_CONTEXT('2D SPACE',''
  ) );
#13273 = PCURVE('',#12289,#13274);
#13274 = DEFINITIONAL_REPRESENTATION('',(#13275),#13278);
#13275 = B_SPLINE_CURVE_WITH_KNOTS('',1,(#13276,#13277),.UNSPECIFIED.,
  .F.,.F.,(2,2),(0.,49.202483745338),.PIECEWISE_BEZIER_KNOTS.);
#13276 = CARTESIAN_POINT('',(-0.827978787932,-24.36884218329));
#13277 = CARTESIAN_POINT('',(2.831758943209E-03,24.826626719296));
#13278 = ( GEOMETRIC_REPRESENTATION_CONTEXT(2) 
PARAMETRIC_REPRESENTATION_CONTEXT() REPRESENTATION_CONTEXT('2D SPACE',''
  ) );
#13279 = ADVANCED_FACE('',(#13280),#12289,.T.);
#13280 = FACE_BOUND('',#13281,.T.);
#13281 = EDGE_LOOP('',(#13282,#13302,#13303));
#13282 = ORIENTED_EDGE('',*,*,#13283,.T.);
#13283 = EDGE_CURVE('',#12274,#12668,#13284,.T.);
#13284 = SURFACE_CURVE('',#13285,(#13289,#13296),.PCURVE_S1.);
#13285 = LINE('',#13286,#13287);
#13286 = CARTESIAN_POINT('',(-21.31019973754,-23.86151695251,334.));
#13287 = VECTOR('',#13288,1.);
#13288 = DIRECTION('',(1.734673806824E-02,0.999849534019,0.));
#13289 = PCURVE('',#12289,#13290);
#13290 = DEFINITIONAL_REPRESENTATION('',(#13291),#13295);
#13291 = LINE('',#13292,#13293);
#13292 = CARTESIAN_POINT('',(0.838988604036,-23.36866098517));
#13293 = VECTOR('',#13294,1.);
#13294 = DIRECTION('',(-1.734673806824E-02,0.999849534019));
#13295 = ( GEOMETRIC_REPRESENTATION_CONTEXT(2) 
PARAMETRIC_REPRESENTATION_CONTEXT() REPRESENTATION_CONTEXT('2D SPACE',''
  ) );
#13296 = PCURVE('',#12784,#13297);
#13297 = DEFINITIONAL_REPRESENTATION('',(#13298),#13301);
#13298 = B_SPLINE_CURVE_WITH_KNOTS('',1,(#13299,#13300),.UNSPECIFIED.,
  .F.,.F.,(2,2),(0.,48.202540547009),.PIECEWISE_BEZIER_KNOTS.);
#13299 = CARTESIAN_POINT('',(0.107858313321,-24.27385805314));
#13300 = CARTESIAN_POINT('',(-0.728298531772,23.921429651322));
#13301 = ( GEOMETRIC_REPRESENTATION_CONTEXT(2) 
PARAMETRIC_REPRESENTATION_CONTEXT() REPRESENTATION_CONTEXT('2D SPACE',''
  ) );
#13302 = ORIENTED_EDGE('',*,*,#13260,.F.);
#13303 = ORIENTED_EDGE('',*,*,#12273,.F.);
#13304 = ADVANCED_FACE('',(#13305),#12784,.T.);
#13305 = FACE_BOUND('',#13306,.T.);
#13306 = EDGE_LOOP('',(#13307,#13308,#13309));
#13307 = ORIENTED_EDGE('',*,*,#12770,.F.);
#13308 = ORIENTED_EDGE('',*,*,#13283,.F.);
#13309 = ORIENTED_EDGE('',*,*,#13310,.T.);
#13310 = EDGE_CURVE('',#12274,#12748,#13311,.T.);
#13311 = SURFACE_CURVE('',#13312,(#13316,#13323),.PCURVE_S1.);
#13312 = LINE('',#13313,#13314);
#13313 = CARTESIAN_POINT('',(-21.31019973754,-23.86151695251,334.));
#13314 = VECTOR('',#13315,1.);
#13315 = DIRECTION('',(-8.860028407659E-03,0.999960749178,0.));
#13316 = PCURVE('',#12784,#13317);
#13317 = DEFINITIONAL_REPRESENTATION('',(#13318),#13322);
#13318 = LINE('',#13319,#13320);
#13319 = CARTESIAN_POINT('',(0.107858313321,-24.27385805314));
#13320 = VECTOR('',#13321,1.);
#13321 = DIRECTION('',(8.860028407659E-03,0.999960749178));
#13322 = ( GEOMETRIC_REPRESENTATION_CONTEXT(2) 
PARAMETRIC_REPRESENTATION_CONTEXT() REPRESENTATION_CONTEXT('2D SPACE',''
  ) );
#13323 = PCURVE('',#12370,#13324);
#13324 = DEFINITIONAL_REPRESENTATION('',(#13325),#13328);
#13325 = B_SPLINE_CURVE_WITH_KNOTS('',1,(#13326,#13327),.UNSPECIFIED.,
  .F.,.F.,(2,2),(0.,47.462905362225),.PIECEWISE_BEZIER_KNOTS.);
#13326 = CARTESIAN_POINT('',(-0.632847013556,-23.49237404794));
#13327 = CARTESIAN_POINT('',(-0.212324323737,23.96866835623));
#13328 = ( GEOMETRIC_REPRESENTATION_CONTEXT(2) 
PARAMETRIC_REPRESENTATION_CONTEXT() REPRESENTATION_CONTEXT('2D SPACE',''
  ) );
#13329 = ADVANCED_FACE('',(#13330),#12370,.T.);
#13330 = FACE_BOUND('',#13331,.T.);
#13331 = EDGE_LOOP('',(#13332,#13352,#13353));
#13332 = ORIENTED_EDGE('',*,*,#13333,.T.);
#13333 = EDGE_CURVE('',#12355,#12748,#13334,.T.);
#13334 = SURFACE_CURVE('',#13335,(#13339,#13346),.PCURVE_S1.);
#13335 = LINE('',#13336,#13337);
#13336 = CARTESIAN_POINT('',(-23.,-22.90041542053,334.));
#13337 = VECTOR('',#13338,1.);
#13338 = DIRECTION('',(2.728616317035E-02,0.999627663332,0.));
#13339 = PCURVE('',#12370,#13340);
#13340 = DEFINITIONAL_REPRESENTATION('',(#13341),#13345);
#13341 = LINE('',#13342,#13343);
#13342 = CARTESIAN_POINT('',(1.056953248895,-22.53127251596));
#13343 = VECTOR('',#13344,1.);
#13344 = DIRECTION('',(-2.728616317035E-02,0.999627663332));
#13345 = ( GEOMETRIC_REPRESENTATION_CONTEXT(2) 
PARAMETRIC_REPRESENTATION_CONTEXT() REPRESENTATION_CONTEXT('2D SPACE',''
  ) );
#13346 = PCURVE('',#12865,#13347);
#13347 = DEFINITIONAL_REPRESENTATION('',(#13348),#13351);
#13348 = B_SPLINE_CURVE_WITH_KNOTS('',1,(#13349,#13350),.UNSPECIFIED.,
  .F.,.F.,(2,2),(0.,46.517260954121),.PIECEWISE_BEZIER_KNOTS.);
#13349 = CARTESIAN_POINT('',(0.324714302762,-23.43144383247));
#13350 = CARTESIAN_POINT('',(-0.94456326987,23.068497039723));
#13351 = ( GEOMETRIC_REPRESENTATION_CONTEXT(2) 
PARAMETRIC_REPRESENTATION_CONTEXT() REPRESENTATION_CONTEXT('2D SPACE',''
  ) );
#13352 = ORIENTED_EDGE('',*,*,#13310,.F.);
#13353 = ORIENTED_EDGE('',*,*,#12354,.F.);
#13354 = ADVANCED_FACE('',(#13355),#12865,.T.);
#13355 = FACE_BOUND('',#13356,.T.);
#13356 = EDGE_LOOP('',(#13357,#13358,#13359));
#13357 = ORIENTED_EDGE('',*,*,#12851,.F.);
#13358 = ORIENTED_EDGE('',*,*,#13333,.F.);
#13359 = ORIENTED_EDGE('',*,*,#13360,.T.);
#13360 = EDGE_CURVE('',#12355,#12829,#13361,.T.);
#13361 = SURFACE_CURVE('',#13362,(#13366,#13373),.PCURVE_S1.);
#13362 = LINE('',#13363,#13364);
#13363 = CARTESIAN_POINT('',(-23.,-22.90041542053,334.));
#13364 = VECTOR('',#13365,1.);
#13365 = DIRECTION('',(0.,1.,0.));
#13366 = PCURVE('',#12865,#13367);
#13367 = DEFINITIONAL_REPRESENTATION('',(#13368),#13372);
#13368 = LINE('',#13369,#13370);
#13369 = CARTESIAN_POINT('',(0.324714302762,-23.43144383247));
#13370 = VECTOR('',#13371,1.);
#13371 = DIRECTION('',(0.,1.));
#13372 = ( GEOMETRIC_REPRESENTATION_CONTEXT(2) 
PARAMETRIC_REPRESENTATION_CONTEXT() REPRESENTATION_CONTEXT('2D SPACE',''
  ) );
#13373 = PCURVE('',#12895,#13374);
#13374 = DEFINITIONAL_REPRESENTATION('',(#13375),#13378);
#13375 = B_SPLINE_CURVE_WITH_KNOTS('',1,(#13376,#13377),.UNSPECIFIED.,
  .F.,.F.,(2,2),(0.,45.787696838379),.PIECEWISE_BEZIER_KNOTS.);
#13376 = CARTESIAN_POINT('',(2.173405986239,24.72044243295));
#13377 = CARTESIAN_POINT('',(2.173405986239,-21.06725440542));
#13378 = ( GEOMETRIC_REPRESENTATION_CONTEXT(2) 
PARAMETRIC_REPRESENTATION_CONTEXT() REPRESENTATION_CONTEXT('2D SPACE',''
  ) );
#13379 = ADVANCED_FACE('',(#13380),#327,.T.);
#13380 = FACE_BOUND('',#13381,.T.);
#13381 = EDGE_LOOP('',(#13382,#13383,#13384));
#13382 = ORIENTED_EDGE('',*,*,#304,.F.);
#13383 = ORIENTED_EDGE('',*,*,#4615,.F.);
#13384 = ORIENTED_EDGE('',*,*,#13385,.T.);
#13385 = EDGE_CURVE('',#4478,#307,#13386,.T.);
#13386 = SURFACE_CURVE('',#13387,(#13391,#13398),.PCURVE_S1.);
#13387 = LINE('',#13388,#13389);
#13388 = CARTESIAN_POINT('',(-15.93412017822,25.829378128052,334.));
#13389 = VECTOR('',#13390,1.);
#13390 = DIRECTION('',(-0.999831040206,1.838181275471E-02,0.));
#13391 = PCURVE('',#327,#13392);
#13392 = DEFINITIONAL_REPRESENTATION('',(#13393),#13397);
#13393 = LINE('',#13394,#13395);
#13394 = CARTESIAN_POINT('',(-0.815552522474,-2.848196433627E-02));
#13395 = VECTOR('',#13396,1.);
#13396 = DIRECTION('',(0.999831040206,1.838181275471E-02));
#13397 = ( GEOMETRIC_REPRESENTATION_CONTEXT(2) 
PARAMETRIC_REPRESENTATION_CONTEXT() REPRESENTATION_CONTEXT('2D SPACE',''
  ) );
#13398 = PCURVE('',#4519,#13399);
#13399 = DEFINITIONAL_REPRESENTATION('',(#13400),#13403);
#13400 = B_SPLINE_CURVE_WITH_KNOTS('',1,(#13401,#13402),.UNSPECIFIED.,
  .F.,.F.,(2,2),(0.,2.066228931391),.PIECEWISE_BEZIER_KNOTS.);
#13401 = CARTESIAN_POINT('',(-1.134381244637E-02,-1.030349190774));
#13402 = CARTESIAN_POINT('',(-4.932484577157E-02,1.035530631003));
#13403 = ( GEOMETRIC_REPRESENTATION_CONTEXT(2) 
PARAMETRIC_REPRESENTATION_CONTEXT() REPRESENTATION_CONTEXT('2D SPACE',''
  ) );
#13404 = ADVANCED_FACE('',(#13405),#4519,.T.);
#13405 = FACE_BOUND('',#13406,.T.);
#13406 = EDGE_LOOP('',(#13407,#13427,#13428));
#13407 = ORIENTED_EDGE('',*,*,#13408,.T.);
#13408 = EDGE_CURVE('',#4366,#307,#13409,.T.);
#13409 = SURFACE_CURVE('',#13410,(#13414,#13421),.PCURVE_S1.);
#13410 = LINE('',#13411,#13412);
#13411 = CARTESIAN_POINT('',(-16.35505104064,25.716590881348,334.));
#13412 = VECTOR('',#13413,1.);
#13413 = DIRECTION('',(-0.995825934017,9.127271847974E-02,0.));
#13414 = PCURVE('',#4519,#13415);
#13415 = DEFINITIONAL_REPRESENTATION('',(#13416),#13420);
#13416 = LINE('',#13417,#13418);
#13417 = CARTESIAN_POINT('',(0.101443434258,-0.609418328347));
#13418 = VECTOR('',#13419,1.);
#13419 = DIRECTION('',(-9.127271847974E-02,0.995825934017));
#13420 = ( GEOMETRIC_REPRESENTATION_CONTEXT(2) 
PARAMETRIC_REPRESENTATION_CONTEXT() REPRESENTATION_CONTEXT('2D SPACE',''
  ) );
#13421 = PCURVE('',#4407,#13422);
#13422 = DEFINITIONAL_REPRESENTATION('',(#13423),#13426);
#13423 = B_SPLINE_CURVE_WITH_KNOTS('',1,(#13424,#13425),.UNSPECIFIED.,
  .F.,.F.,(2,2),(0.,1.651843864635),.PIECEWISE_BEZIER_KNOTS.);
#13424 = CARTESIAN_POINT('',(-0.817503484674,-1.856558593334E-02));
#13425 = CARTESIAN_POINT('',(0.827445474676,0.132202694096));
#13426 = ( GEOMETRIC_REPRESENTATION_CONTEXT(2) 
PARAMETRIC_REPRESENTATION_CONTEXT() REPRESENTATION_CONTEXT('2D SPACE',''
  ) );
#13427 = ORIENTED_EDGE('',*,*,#13385,.F.);
#13428 = ORIENTED_EDGE('',*,*,#4505,.F.);
#13429 = ADVANCED_FACE('',(#13430),#4407,.T.);
#13430 = FACE_BOUND('',#13431,.T.);
#13431 = EDGE_LOOP('',(#13432,#13452,#13453));
#13432 = ORIENTED_EDGE('',*,*,#13433,.T.);
#13433 = EDGE_CURVE('',#4254,#307,#13434,.T.);
#13434 = SURFACE_CURVE('',#13435,(#13439,#13446),.PCURVE_S1.);
#13435 = LINE('',#13436,#13437);
#13436 = CARTESIAN_POINT('',(-16.75,25.532423019409,334.));
#13437 = VECTOR('',#13438,1.);
#13438 = DIRECTION('',(-0.965925893628,0.258818793791,0.));
#13439 = PCURVE('',#4407,#13440);
#13440 = DEFINITIONAL_REPRESENTATION('',(#13441),#13445);
#13441 = LINE('',#13442,#13443);
#13442 = CARTESIAN_POINT('',(-0.422554525324,-0.202733447872));
#13443 = VECTOR('',#13444,1.);
#13444 = DIRECTION('',(0.965925893628,0.258818793791));
#13445 = ( GEOMETRIC_REPRESENTATION_CONTEXT(2) 
PARAMETRIC_REPRESENTATION_CONTEXT() REPRESENTATION_CONTEXT('2D SPACE',''
  ) );
#13446 = PCURVE('',#4295,#13447);
#13447 = DEFINITIONAL_REPRESENTATION('',(#13448),#13451);
#13448 = B_SPLINE_CURVE_WITH_KNOTS('',1,(#13449,#13450),.UNSPECIFIED.,
  .F.,.F.,(2,2),(0.,1.294095135296),.PIECEWISE_BEZIER_KNOTS.);
#13449 = CARTESIAN_POINT('',(-0.623553562902,-7.421795455191E-02));
#13450 = CARTESIAN_POINT('',(0.626446437098,0.260718187416));
#13451 = ( GEOMETRIC_REPRESENTATION_CONTEXT(2) 
PARAMETRIC_REPRESENTATION_CONTEXT() REPRESENTATION_CONTEXT('2D SPACE',''
  ) );
#13452 = ORIENTED_EDGE('',*,*,#13408,.F.);
#13453 = ORIENTED_EDGE('',*,*,#4393,.F.);
#13454 = ADVANCED_FACE('',(#13455),#4295,.T.);
#13455 = FACE_BOUND('',#13456,.T.);
#13456 = EDGE_LOOP('',(#13457,#13458,#13459));
#13457 = ORIENTED_EDGE('',*,*,#13433,.F.);
#13458 = ORIENTED_EDGE('',*,*,#4281,.F.);
#13459 = ORIENTED_EDGE('',*,*,#13460,.T.);
#13460 = EDGE_CURVE('',#4142,#307,#13461,.T.);
#13461 = SURFACE_CURVE('',#13462,(#13466,#13473),.PCURVE_S1.);
#13462 = LINE('',#13463,#13464);
#13463 = CARTESIAN_POINT('',(-17.10696983337,25.282468795776,334.));
#13464 = VECTOR('',#13465,1.);
#13465 = DIRECTION('',(-0.836546298842,0.547896240079,0.));
#13466 = PCURVE('',#4295,#13467);
#13467 = DEFINITIONAL_REPRESENTATION('',(#13468),#13472);
#13468 = LINE('',#13469,#13470);
#13469 = CARTESIAN_POINT('',(-0.266583729528,-0.324172178185));
#13470 = VECTOR('',#13471,1.);
#13471 = DIRECTION('',(0.836546298842,0.547896240079));
#13472 = ( GEOMETRIC_REPRESENTATION_CONTEXT(2) 
PARAMETRIC_REPRESENTATION_CONTEXT() REPRESENTATION_CONTEXT('2D SPACE',''
  ) );
#13473 = PCURVE('',#4183,#13474);
#13474 = DEFINITIONAL_REPRESENTATION('',(#13475),#13478);
#13475 = B_SPLINE_CURVE_WITH_KNOTS('',1,(#13476,#13477),.UNSPECIFIED.,
  .F.,.F.,(2,2),(0.,1.067520312817),.PIECEWISE_BEZIER_KNOTS.);
#13476 = CARTESIAN_POINT('',(-0.460920232519,-0.152779283167));
#13477 = CARTESIAN_POINT('',(0.432109934107,0.432111082434));
#13478 = ( GEOMETRIC_REPRESENTATION_CONTEXT(2) 
PARAMETRIC_REPRESENTATION_CONTEXT() REPRESENTATION_CONTEXT('2D SPACE',''
  ) );
#13479 = ADVANCED_FACE('',(#13480),#4183,.T.);
#13480 = FACE_BOUND('',#13481,.T.);
#13481 = EDGE_LOOP('',(#13482,#13502,#13503));
#13482 = ORIENTED_EDGE('',*,*,#13483,.T.);
#13483 = EDGE_CURVE('',#4030,#307,#13484,.T.);
#13484 = SURFACE_CURVE('',#13485,(#13489,#13496),.PCURVE_S1.);
#13485 = LINE('',#13486,#13487);
#13486 = CARTESIAN_POINT('',(-17.41511154174,24.974327087402,334.));
#13487 = VECTOR('',#13488,1.);
#13488 = DIRECTION('',(-0.547894170801,0.836547654113,0.));
#13489 = PCURVE('',#4183,#13490);
#13490 = DEFINITIONAL_REPRESENTATION('',(#13491),#13495);
#13491 = LINE('',#13492,#13493);
#13492 = CARTESIAN_POINT('',(-0.152778524145,-0.460920991541));
#13493 = VECTOR('',#13494,1.);
#13494 = DIRECTION('',(0.547894170801,0.836547654113));
#13495 = ( GEOMETRIC_REPRESENTATION_CONTEXT(2) 
PARAMETRIC_REPRESENTATION_CONTEXT() REPRESENTATION_CONTEXT('2D SPACE',''
  ) );
#13496 = PCURVE('',#4071,#13497);
#13497 = DEFINITIONAL_REPRESENTATION('',(#13498),#13501);
#13498 = B_SPLINE_CURVE_WITH_KNOTS('',1,(#13499,#13500),.UNSPECIFIED.,
  .F.,.F.,(2,2),(0.,1.067520863376),.PIECEWISE_BEZIER_KNOTS.);
#13499 = CARTESIAN_POINT('',(-0.324170916405,-0.266584745062));
#13500 = CARTESIAN_POINT('',(0.260717541847,0.626447328912));
#13501 = ( GEOMETRIC_REPRESENTATION_CONTEXT(2) 
PARAMETRIC_REPRESENTATION_CONTEXT() REPRESENTATION_CONTEXT('2D SPACE',''
  ) );
#13502 = ORIENTED_EDGE('',*,*,#13460,.F.);
#13503 = ORIENTED_EDGE('',*,*,#4169,.F.);
#13504 = ADVANCED_FACE('',(#13505),#4071,.T.);
#13505 = FACE_BOUND('',#13506,.T.);
#13506 = EDGE_LOOP('',(#13507,#13527,#13528));
#13507 = ORIENTED_EDGE('',*,*,#13508,.T.);
#13508 = EDGE_CURVE('',#3918,#307,#13509,.T.);
#13509 = SURFACE_CURVE('',#13510,(#13514,#13521),.PCURVE_S1.);
#13510 = LINE('',#13511,#13512);
#13511 = CARTESIAN_POINT('',(-17.66506385803,24.617357254028,334.));
#13512 = VECTOR('',#13513,1.);
#13513 = DIRECTION('',(-0.25881842532,0.965925992359,0.));
#13514 = PCURVE('',#4071,#13515);
#13515 = DEFINITIONAL_REPRESENTATION('',(#13516),#13520);
#13516 = LINE('',#13517,#13518);
#13517 = CARTESIAN_POINT('',(-7.42186001209E-02,-0.623554578436));
#13518 = VECTOR('',#13519,1.);
#13519 = DIRECTION('',(0.25881842532,0.965925992359));
#13520 = ( GEOMETRIC_REPRESENTATION_CONTEXT(2) 
PARAMETRIC_REPRESENTATION_CONTEXT() REPRESENTATION_CONTEXT('2D SPACE',''
  ) );
#13521 = PCURVE('',#3959,#13522);
#13522 = DEFINITIONAL_REPRESENTATION('',(#13523),#13526);
#13523 = B_SPLINE_CURVE_WITH_KNOTS('',1,(#13524,#13525),.UNSPECIFIED.,
  .F.,.F.,(2,2),(0.,1.294096977653),.PIECEWISE_BEZIER_KNOTS.);
#13524 = CARTESIAN_POINT('',(-0.202733435924,-0.42255456631));
#13525 = CARTESIAN_POINT('',(0.132202706044,0.827447341038));
#13526 = ( GEOMETRIC_REPRESENTATION_CONTEXT(2) 
PARAMETRIC_REPRESENTATION_CONTEXT() REPRESENTATION_CONTEXT('2D SPACE',''
  ) );
#13527 = ORIENTED_EDGE('',*,*,#13483,.F.);
#13528 = ORIENTED_EDGE('',*,*,#4057,.F.);
#13529 = ADVANCED_FACE('',(#13530),#3959,.T.);
#13530 = FACE_BOUND('',#13531,.T.);
#13531 = EDGE_LOOP('',(#13532,#13533,#13534));
#13532 = ORIENTED_EDGE('',*,*,#13508,.F.);
#13533 = ORIENTED_EDGE('',*,*,#3945,.F.);
#13534 = ORIENTED_EDGE('',*,*,#13535,.T.);
#13535 = EDGE_CURVE('',#3811,#307,#13536,.T.);
#13536 = SURFACE_CURVE('',#13537,(#13541,#13548),.PCURVE_S1.);
#13537 = LINE('',#13538,#13539);
#13538 = CARTESIAN_POINT('',(-17.84923171997,24.222406387329,334.));
#13539 = VECTOR('',#13540,1.);
#13540 = DIRECTION('',(-9.127250857874E-02,0.995825953256,0.));
#13541 = PCURVE('',#3959,#13542);
#13542 = DEFINITIONAL_REPRESENTATION('',(#13543),#13547);
#13543 = LINE('',#13544,#13545);
#13544 = CARTESIAN_POINT('',(-1.856557398549E-02,-0.81750543301));
#13545 = VECTOR('',#13546,1.);
#13546 = DIRECTION('',(9.127250857874E-02,0.995825953256));
#13547 = ( GEOMETRIC_REPRESENTATION_CONTEXT(2) 
PARAMETRIC_REPRESENTATION_CONTEXT() REPRESENTATION_CONTEXT('2D SPACE',''
  ) );
#13548 = PCURVE('',#3852,#13549);
#13549 = DEFINITIONAL_REPRESENTATION('',(#13550),#13553);
#13550 = B_SPLINE_CURVE_WITH_KNOTS('',1,(#13551,#13552),.UNSPECIFIED.,
  .F.,.F.,(2,2),(0.,1.651847663409),.PIECEWISE_BEZIER_KNOTS.);
#13551 = CARTESIAN_POINT('',(-0.101443438279,-0.609420232819));
#13552 = CARTESIAN_POINT('',(4.93248417504E-02,1.035532541229));
#13553 = ( GEOMETRIC_REPRESENTATION_CONTEXT(2) 
PARAMETRIC_REPRESENTATION_CONTEXT() REPRESENTATION_CONTEXT('2D SPACE',''
  ) );
#13554 = ADVANCED_FACE('',(#13555),#3852,.T.);
#13555 = FACE_BOUND('',#13556,.T.);
#13556 = EDGE_LOOP('',(#13557,#13577,#13578));
#13557 = ORIENTED_EDGE('',*,*,#13558,.T.);
#13558 = EDGE_CURVE('',#3731,#307,#13559,.T.);
#13559 = SURFACE_CURVE('',#13560,(#13564,#13571),.PCURVE_S1.);
#13560 = LINE('',#13561,#13562);
#13561 = CARTESIAN_POINT('',(-17.96201896667,23.801475524902,334.));
#13562 = VECTOR('',#13563,1.);
#13563 = DIRECTION('',(-1.838177882377E-02,0.99983104083,0.));
#13564 = PCURVE('',#3852,#13565);
#13565 = DEFINITIONAL_REPRESENTATION('',(#13566),#13570);
#13566 = LINE('',#13567,#13568);
#13567 = CARTESIAN_POINT('',(1.134380842521E-02,-1.030351095246));
#13568 = VECTOR('',#13569,1.);
#13569 = DIRECTION('',(1.838177882377E-02,0.99983104083));
#13570 = ( GEOMETRIC_REPRESENTATION_CONTEXT(2) 
PARAMETRIC_REPRESENTATION_CONTEXT() REPRESENTATION_CONTEXT('2D SPACE',''
  ) );
#13571 = PCURVE('',#3746,#13572);
#13572 = DEFINITIONAL_REPRESENTATION('',(#13573),#13576);
#13573 = B_SPLINE_CURVE_WITH_KNOTS('',1,(#13574,#13575),.UNSPECIFIED.,
  .F.,.F.,(2,2),(0.,2.066232745444),.PIECEWISE_BEZIER_KNOTS.);
#13574 = CARTESIAN_POINT('',(-2.848196435999E-02,-0.815553477802));
#13575 = CARTESIAN_POINT('',(9.499068965209E-03,1.250330158673));
#13576 = ( GEOMETRIC_REPRESENTATION_CONTEXT(2) 
PARAMETRIC_REPRESENTATION_CONTEXT() REPRESENTATION_CONTEXT('2D SPACE',''
  ) );
#13577 = ORIENTED_EDGE('',*,*,#13535,.F.);
#13578 = ORIENTED_EDGE('',*,*,#3838,.F.);
#13579 = ADVANCED_FACE('',(#13580),#3746,.T.);
#13580 = FACE_BOUND('',#13581,.T.);
#13581 = EDGE_LOOP('',(#13582,#13583,#13584));
#13582 = ORIENTED_EDGE('',*,*,#13002,.F.);
#13583 = ORIENTED_EDGE('',*,*,#13558,.F.);
#13584 = ORIENTED_EDGE('',*,*,#3730,.F.);
#13585 = ADVANCED_FACE('',(#13586),#264,.T.);
#13586 = FACE_BOUND('',#13587,.T.);
#13587 = EDGE_LOOP('',(#13588,#13608,#13609));
#13588 = ORIENTED_EDGE('',*,*,#13589,.T.);
#13589 = EDGE_CURVE('',#3867,#167,#13590,.T.);
#13590 = SURFACE_CURVE('',#13591,(#13595,#13602),.PCURVE_S1.);
#13591 = LINE('',#13592,#13593);
#13592 = CARTESIAN_POINT('',(-17.84923171997,24.231260299683,330.));
#13593 = VECTOR('',#13594,1.);
#13594 = DIRECTION('',(-0.952600672173,0.304223535209,0.));
#13595 = PCURVE('',#264,#13596);
#13596 = DEFINITIONAL_REPRESENTATION('',(#13597),#13601);
#13597 = LINE('',#13598,#13599);
#13598 = CARTESIAN_POINT('',(2.505339890206,-0.681075021008));
#13599 = VECTOR('',#13600,1.);
#13600 = DIRECTION('',(-0.952600672173,0.304223535209));
#13601 = ( GEOMETRIC_REPRESENTATION_CONTEXT(2) 
PARAMETRIC_REPRESENTATION_CONTEXT() REPRESENTATION_CONTEXT('2D SPACE',''
  ) );
#13602 = PCURVE('',#3989,#13603);
#13603 = DEFINITIONAL_REPRESENTATION('',(#13604),#13607);
#13604 = B_SPLINE_CURVE_WITH_KNOTS('',1,(#13605,#13606),.UNSPECIFIED.,
  .F.,.F.,(2,2),(0.,5.407059254198),.PIECEWISE_BEZIER_KNOTS.);
#13605 = CARTESIAN_POINT('',(-0.893990258411,-2.428152474749));
#13606 = CARTESIAN_POINT('',(0.750964422985,2.72261580528));
#13607 = ( GEOMETRIC_REPRESENTATION_CONTEXT(2) 
PARAMETRIC_REPRESENTATION_CONTEXT() REPRESENTATION_CONTEXT('2D SPACE',''
  ) );
#13608 = ORIENTED_EDGE('',*,*,#248,.F.);
#13609 = ORIENTED_EDGE('',*,*,#3866,.F.);
#13610 = ADVANCED_FACE('',(#13611),#2563,.T.);
#13611 = FACE_BOUND('',#13612,.T.);
#13612 = EDGE_LOOP('',(#13613,#13614,#13615));
#13613 = ORIENTED_EDGE('',*,*,#3601,.F.);
#13614 = ORIENTED_EDGE('',*,*,#2547,.F.);
#13615 = ORIENTED_EDGE('',*,*,#13616,.T.);
#13616 = EDGE_CURVE('',#2548,#111,#13617,.T.);
#13617 = SURFACE_CURVE('',#13618,(#13622,#13629),.PCURVE_S1.);
#13618 = LINE('',#13619,#13620);
#13619 = CARTESIAN_POINT('',(-15.93412017822,-25.8624343872,330.));
#13620 = VECTOR('',#13621,1.);
#13621 = DIRECTION('',(-0.999985553533,-5.375195388462E-03,0.));
#13622 = PCURVE('',#2563,#13623);
#13623 = DEFINITIONAL_REPRESENTATION('',(#13624),#13628);
#13624 = LINE('',#13625,#13626);
#13625 = CARTESIAN_POINT('',(2.848466077045E-02,-3.315490764689));
#13626 = VECTOR('',#13627,1.);
#13627 = DIRECTION('',(-5.375195388462E-03,0.999985553533));
#13628 = ( GEOMETRIC_REPRESENTATION_CONTEXT(2) 
PARAMETRIC_REPRESENTATION_CONTEXT() REPRESENTATION_CONTEXT('2D SPACE',''
  ) );
#13629 = PCURVE('',#2670,#13630);
#13630 = DEFINITIONAL_REPRESENTATION('',(#13631),#13634);
#13631 = B_SPLINE_CURVE_WITH_KNOTS('',1,(#13632,#13633),.UNSPECIFIED.,
  .F.,.F.,(2,2),(0.,7.065981900252),.PIECEWISE_BEZIER_KNOTS.);
#13632 = CARTESIAN_POINT('',(3.529478449313,-9.824010925531E-03));
#13633 = CARTESIAN_POINT('',(-3.536401372465,-4.780504425073E-02));
#13634 = ( GEOMETRIC_REPRESENTATION_CONTEXT(2) 
PARAMETRIC_REPRESENTATION_CONTEXT() REPRESENTATION_CONTEXT('2D SPACE',''
  ) );
#13635 = ADVANCED_FACE('',(#13636),#2670,.T.);
#13636 = FACE_BOUND('',#13637,.T.);
#13637 = EDGE_LOOP('',(#13638,#13658,#13659));
#13638 = ORIENTED_EDGE('',*,*,#13639,.T.);
#13639 = EDGE_CURVE('',#2655,#111,#13640,.T.);
#13640 = SURFACE_CURVE('',#13641,(#13645,#13652),.PCURVE_S1.);
#13641 = LINE('',#13642,#13643);
#13642 = CARTESIAN_POINT('',(-16.35505104064,-25.7496471405,330.));
#13643 = VECTOR('',#13644,1.);
#13644 = DIRECTION('',(-0.999742700451,-2.268331756058E-02,0.));
#13645 = PCURVE('',#2670,#13646);
#13646 = DEFINITIONAL_REPRESENTATION('',(#13647),#13651);
#13647 = LINE('',#13648,#13649);
#13648 = CARTESIAN_POINT('',(3.108547586886,0.102963235779));
#13649 = VECTOR('',#13650,1.);
#13650 = DIRECTION('',(-0.999742700451,-2.268331756058E-02));
#13651 = ( GEOMETRIC_REPRESENTATION_CONTEXT(2) 
PARAMETRIC_REPRESENTATION_CONTEXT() REPRESENTATION_CONTEXT('2D SPACE',''
  ) );
#13652 = PCURVE('',#2782,#13653);
#13653 = DEFINITIONAL_REPRESENTATION('',(#13654),#13657);
#13654 = B_SPLINE_CURVE_WITH_KNOTS('',1,(#13655,#13656),.UNSPECIFIED.,
  .F.,.F.,(2,2),(0.,6.646659141752),.PIECEWISE_BEZIER_KNOTS.);
#13655 = CARTESIAN_POINT('',(2.671390776618E-02,-3.313043701645));
#13656 = CARTESIAN_POINT('',(-0.124054372263,3.331905257706));
#13657 = ( GEOMETRIC_REPRESENTATION_CONTEXT(2) 
PARAMETRIC_REPRESENTATION_CONTEXT() REPRESENTATION_CONTEXT('2D SPACE',''
  ) );
#13658 = ORIENTED_EDGE('',*,*,#13616,.F.);
#13659 = ORIENTED_EDGE('',*,*,#2654,.F.);
#13660 = ADVANCED_FACE('',(#13661),#2782,.T.);
#13661 = FACE_BOUND('',#13662,.T.);
#13662 = EDGE_LOOP('',(#13663,#13683,#13684));
#13663 = ORIENTED_EDGE('',*,*,#13664,.T.);
#13664 = EDGE_CURVE('',#2767,#111,#13665,.T.);
#13665 = SURFACE_CURVE('',#13666,(#13670,#13677),.PCURVE_S1.);
#13666 = LINE('',#13667,#13668);
#13667 = CARTESIAN_POINT('',(-16.75,-25.56547927856,330.));
#13668 = VECTOR('',#13669,1.);
#13669 = DIRECTION('',(-0.998567153064,-5.351299675887E-02,0.));
#13670 = PCURVE('',#2782,#13671);
#13671 = DEFINITIONAL_REPRESENTATION('',(#13672),#13676);
#13672 = LINE('',#13673,#13674);
#13673 = CARTESIAN_POINT('',(0.210881769705,-2.918094742294));
#13674 = VECTOR('',#13675,1.);
#13675 = DIRECTION('',(-5.351299675887E-02,0.998567153064));
#13676 = ( GEOMETRIC_REPRESENTATION_CONTEXT(2) 
PARAMETRIC_REPRESENTATION_CONTEXT() REPRESENTATION_CONTEXT('2D SPACE',''
  ) );
#13677 = PCURVE('',#2894,#13678);
#13678 = DEFINITIONAL_REPRESENTATION('',(#13679),#13682);
#13679 = B_SPLINE_CURVE_WITH_KNOTS('',1,(#13680,#13681),.UNSPECIFIED.,
  .F.,.F.,(2,2),(0.,6.258968143328),.PIECEWISE_BEZIER_KNOTS.);
#13680 = CARTESIAN_POINT('',(9.870636498627E-02,-3.107004414867));
#13681 = CARTESIAN_POINT('',(-0.236229776982,3.142995585133));
#13682 = ( GEOMETRIC_REPRESENTATION_CONTEXT(2) 
PARAMETRIC_REPRESENTATION_CONTEXT() REPRESENTATION_CONTEXT('2D SPACE',''
  ) );
#13683 = ORIENTED_EDGE('',*,*,#13639,.F.);
#13684 = ORIENTED_EDGE('',*,*,#2766,.F.);
#13685 = ADVANCED_FACE('',(#13686),#2894,.T.);
#13686 = FACE_BOUND('',#13687,.T.);
#13687 = EDGE_LOOP('',(#13688,#13689,#13690));
#13688 = ORIENTED_EDGE('',*,*,#13664,.F.);
#13689 = ORIENTED_EDGE('',*,*,#2878,.F.);
#13690 = ORIENTED_EDGE('',*,*,#13691,.T.);
#13691 = EDGE_CURVE('',#2879,#111,#13692,.T.);
#13692 = SURFACE_CURVE('',#13693,(#13697,#13704),.PCURVE_S1.);
#13693 = LINE('',#13694,#13695);
#13694 = CARTESIAN_POINT('',(-17.10696983337,-25.31552696228,330.));
#13695 = VECTOR('',#13696,1.);
#13696 = DIRECTION('',(-0.99511072366,-9.876561980761E-02,0.));
#13697 = PCURVE('',#2894,#13698);
#13698 = DEFINITIONAL_REPRESENTATION('',(#13699),#13703);
#13699 = LINE('',#13700,#13701);
#13700 = CARTESIAN_POINT('',(0.34865868127,-2.750034581493));
#13701 = VECTOR('',#13702,1.);
#13702 = DIRECTION('',(-9.876561980761E-02,0.99511072366));
#13703 = ( GEOMETRIC_REPRESENTATION_CONTEXT(2) 
PARAMETRIC_REPRESENTATION_CONTEXT() REPRESENTATION_CONTEXT('2D SPACE',''
  ) );
#13704 = PCURVE('',#3006,#13705);
#13705 = DEFINITIONAL_REPRESENTATION('',(#13706),#13709);
#13706 = B_SPLINE_CURVE_WITH_KNOTS('',1,(#13707,#13708),.UNSPECIFIED.,
  .F.,.F.,(2,2),(0.,5.921984384762),.PIECEWISE_BEZIER_KNOTS.);
#13707 = CARTESIAN_POINT('',(0.203712503371,-2.917756802322));
#13708 = CARTESIAN_POINT('',(-0.381175954881,2.975273364304));
#13709 = ( GEOMETRIC_REPRESENTATION_CONTEXT(2) 
PARAMETRIC_REPRESENTATION_CONTEXT() REPRESENTATION_CONTEXT('2D SPACE',''
  ) );
#13710 = ADVANCED_FACE('',(#13711),#3006,.T.);
#13711 = FACE_BOUND('',#13712,.T.);
#13712 = EDGE_LOOP('',(#13713,#13733,#13734));
#13713 = ORIENTED_EDGE('',*,*,#13714,.T.);
#13714 = EDGE_CURVE('',#2991,#111,#13715,.T.);
#13715 = SURFACE_CURVE('',#13716,(#13720,#13727),.PCURVE_S1.);
#13716 = LINE('',#13717,#13718);
#13717 = CARTESIAN_POINT('',(-17.41511154174,-25.00738334655,330.));
#13718 = VECTOR('',#13719,1.);
#13719 = DIRECTION('',(-0.987455800329,-0.157895669344,0.));
#13720 = PCURVE('',#3006,#13721);
#13721 = DEFINITIONAL_REPRESENTATION('',(#13722),#13726);
#13722 = LINE('',#13723,#13724);
#13723 = CARTESIAN_POINT('',(0.511856119094,-2.609615093948));
#13724 = VECTOR('',#13725,1.);
#13725 = DIRECTION('',(-0.157895669344,0.987455800329));
#13726 = ( GEOMETRIC_REPRESENTATION_CONTEXT(2) 
PARAMETRIC_REPRESENTATION_CONTEXT() REPRESENTATION_CONTEXT('2D SPACE',''
  ) );
#13727 = PCURVE('',#3118,#13728);
#13728 = DEFINITIONAL_REPRESENTATION('',(#13729),#13732);
#13729 = B_SPLINE_CURVE_WITH_KNOTS('',1,(#13730,#13731),.UNSPECIFIED.,
  .F.,.F.,(2,2),(0.,5.655836399354),.PIECEWISE_BEZIER_KNOTS.);
#13730 = CARTESIAN_POINT('',(0.33845744147,-2.751166465542));
#13731 = CARTESIAN_POINT('',(-0.554574632505,2.83372199271));
#13732 = ( GEOMETRIC_REPRESENTATION_CONTEXT(2) 
PARAMETRIC_REPRESENTATION_CONTEXT() REPRESENTATION_CONTEXT('2D SPACE',''
  ) );
#13733 = ORIENTED_EDGE('',*,*,#13691,.F.);
#13734 = ORIENTED_EDGE('',*,*,#2990,.F.);
#13735 = ADVANCED_FACE('',(#13736),#3118,.T.);
#13736 = FACE_BOUND('',#13737,.T.);
#13737 = EDGE_LOOP('',(#13738,#13758,#13759));
#13738 = ORIENTED_EDGE('',*,*,#13739,.T.);
#13739 = EDGE_CURVE('',#3103,#111,#13740,.T.);
#13740 = SURFACE_CURVE('',#13741,(#13745,#13752),.PCURVE_S1.);
#13741 = LINE('',#13742,#13743);
#13742 = CARTESIAN_POINT('',(-17.66506385803,-24.65041542053,330.));
#13743 = VECTOR('',#13744,1.);
#13744 = DIRECTION('',(-0.973631539992,-0.22812633415,0.));
#13745 = PCURVE('',#3118,#13746);
#13746 = DEFINITIONAL_REPRESENTATION('',(#13747),#13751);
#13747 = LINE('',#13748,#13749);
#13748 = CARTESIAN_POINT('',(0.695425367495,-2.501214149258));
#13749 = VECTOR('',#13750,1.);
#13750 = DIRECTION('',(-0.22812633415,0.973631539992));
#13751 = ( GEOMETRIC_REPRESENTATION_CONTEXT(2) 
PARAMETRIC_REPRESENTATION_CONTEXT() REPRESENTATION_CONTEXT('2D SPACE',''
  ) );
#13752 = PCURVE('',#3230,#13753);
#13753 = DEFINITIONAL_REPRESENTATION('',(#13754),#13757);
#13754 = B_SPLINE_CURVE_WITH_KNOTS('',1,(#13755,#13756),.UNSPECIFIED.,
  .F.,.F.,(2,2),(0.,5.479420009351),.PIECEWISE_BEZIER_KNOTS.);
#13755 = CARTESIAN_POINT('',(0.499037555423,-2.612320317358));
#13756 = CARTESIAN_POINT('',(-0.750962444577,2.72261582461));
#13757 = ( GEOMETRIC_REPRESENTATION_CONTEXT(2) 
PARAMETRIC_REPRESENTATION_CONTEXT() REPRESENTATION_CONTEXT('2D SPACE',''
  ) );
#13758 = ORIENTED_EDGE('',*,*,#13714,.F.);
#13759 = ORIENTED_EDGE('',*,*,#3102,.F.);
#13760 = ADVANCED_FACE('',(#13761),#3230,.T.);
#13761 = FACE_BOUND('',#13762,.T.);
#13762 = EDGE_LOOP('',(#13763,#13764,#13765));
#13763 = ORIENTED_EDGE('',*,*,#13739,.F.);
#13764 = ORIENTED_EDGE('',*,*,#3214,.F.);
#13765 = ORIENTED_EDGE('',*,*,#13766,.T.);
#13766 = EDGE_CURVE('',#3215,#111,#13767,.T.);
#13767 = SURFACE_CURVE('',#13768,(#13772,#13779),.PCURVE_S1.);
#13768 = LINE('',#13769,#13770);
#13769 = CARTESIAN_POINT('',(-17.84923171997,-24.25546455383,330.));
#13770 = VECTOR('',#13771,1.);
#13771 = DIRECTION('',(-0.95260087663,-0.304222895001,0.));
#13772 = PCURVE('',#3230,#13773);
#13773 = DEFINITIONAL_REPRESENTATION('',(#13774),#13778);
#13774 = LINE('',#13775,#13776);
#13775 = CARTESIAN_POINT('',(0.893988422122,-2.42815245542));
#13776 = VECTOR('',#13777,1.);
#13777 = DIRECTION('',(-0.304222895001,0.95260087663));
#13778 = ( GEOMETRIC_REPRESENTATION_CONTEXT(2) 
PARAMETRIC_REPRESENTATION_CONTEXT() REPRESENTATION_CONTEXT('2D SPACE',''
  ) );
#13779 = PCURVE('',#3342,#13780);
#13780 = DEFINITIONAL_REPRESENTATION('',(#13781),#13784);
#13781 = B_SPLINE_CURVE_WITH_KNOTS('',1,(#13782,#13783),.UNSPECIFIED.,
  .F.,.F.,(2,2),(0.,5.407058093678),.PIECEWISE_BEZIER_KNOTS.);
#13782 = CARTESIAN_POINT('',(0.681073828404,-2.505340258391));
#13783 = CARTESIAN_POINT('',(-0.963877038295,2.645428021638));
#13784 = ( GEOMETRIC_REPRESENTATION_CONTEXT(2) 
PARAMETRIC_REPRESENTATION_CONTEXT() REPRESENTATION_CONTEXT('2D SPACE',''
  ) );
#13785 = ADVANCED_FACE('',(#13786),#3342,.T.);
#13786 = FACE_BOUND('',#13787,.T.);
#13787 = EDGE_LOOP('',(#13788,#13808,#13809));
#13788 = ORIENTED_EDGE('',*,*,#13789,.T.);
#13789 = EDGE_CURVE('',#3327,#111,#13790,.T.);
#13790 = SURFACE_CURVE('',#13791,(#13795,#13802),.PCURVE_S1.);
#13791 = LINE('',#13792,#13793);
#13792 = CARTESIAN_POINT('',(-17.96201896667,-23.83453559875,330.));
#13793 = VECTOR('',#13794,1.);
#13794 = DIRECTION('',(-0.925232075819,-0.379401641898,0.));
#13795 = PCURVE('',#3342,#13796);
#13796 = DEFINITIONAL_REPRESENTATION('',(#13797),#13801);
#13797 = LINE('',#13798,#13799);
#13798 = CARTESIAN_POINT('',(1.102002783482,-2.392553011687));
#13799 = VECTOR('',#13800,1.);
#13800 = DIRECTION('',(-0.379401641898,0.925232075819));
#13801 = ( GEOMETRIC_REPRESENTATION_CONTEXT(2) 
PARAMETRIC_REPRESENTATION_CONTEXT() REPRESENTATION_CONTEXT('2D SPACE',''
  ) );
#13802 = PCURVE('',#3454,#13803);
#13803 = DEFINITIONAL_REPRESENTATION('',(#13804),#13807);
#13804 = B_SPLINE_CURVE_WITH_KNOTS('',1,(#13805,#13806),.UNSPECIFIED.,
  .F.,.F.,(2,2),(0.,5.445099845749),.PIECEWISE_BEZIER_KNOTS.);
#13805 = CARTESIAN_POINT('',(2.433271585522,0.879673544087));
#13806 = CARTESIAN_POINT('',(-2.604709447804,-1.186206277691));
#13807 = ( GEOMETRIC_REPRESENTATION_CONTEXT(2) 
PARAMETRIC_REPRESENTATION_CONTEXT() REPRESENTATION_CONTEXT('2D SPACE',''
  ) );
#13808 = ORIENTED_EDGE('',*,*,#13766,.F.);
#13809 = ORIENTED_EDGE('',*,*,#3326,.F.);
#13810 = ADVANCED_FACE('',(#13811),#3454,.T.);
#13811 = FACE_BOUND('',#13812,.T.);
#13812 = EDGE_LOOP('',(#13813,#13833,#13834));
#13813 = ORIENTED_EDGE('',*,*,#13814,.T.);
#13814 = EDGE_CURVE('',#3439,#111,#13815,.T.);
#13815 = SURFACE_CURVE('',#13816,(#13820,#13827),.PCURVE_S1.);
#13816 = LINE('',#13817,#13818);
#13817 = CARTESIAN_POINT('',(-18.,-23.40041542053,330.));
#13818 = VECTOR('',#13819,1.);
#13819 = DIRECTION('',(-0.894427191,-0.4472135955,0.));
#13820 = PCURVE('',#3454,#13821);
#13821 = DEFINITIONAL_REPRESENTATION('',(#13822),#13826);
#13822 = LINE('',#13823,#13824);
#13823 = CARTESIAN_POINT('',(2.395290552196,1.313793722309));
#13824 = VECTOR('',#13825,1.);
#13825 = DIRECTION('',(-0.894427191,-0.4472135955));
#13826 = ( GEOMETRIC_REPRESENTATION_CONTEXT(2) 
PARAMETRIC_REPRESENTATION_CONTEXT() REPRESENTATION_CONTEXT('2D SPACE',''
  ) );
#13827 = PCURVE('',#209,#13828);
#13828 = DEFINITIONAL_REPRESENTATION('',(#13829),#13832);
#13829 = B_SPLINE_CURVE_WITH_KNOTS('',1,(#13830,#13831),.UNSPECIFIED.,
  .F.,.F.,(2,2),(0.,5.590169943749),.PIECEWISE_BEZIER_KNOTS.);
#13830 = CARTESIAN_POINT('',(1.352348897957,-21.42902399781));
#13831 = CARTESIAN_POINT('',(-3.647651102043,-23.92902399781));
#13832 = ( GEOMETRIC_REPRESENTATION_CONTEXT(2) 
PARAMETRIC_REPRESENTATION_CONTEXT() REPRESENTATION_CONTEXT('2D SPACE',''
  ) );
#13833 = ORIENTED_EDGE('',*,*,#13789,.F.);
#13834 = ORIENTED_EDGE('',*,*,#3438,.F.);
#13835 = ADVANCED_FACE('',(#13836),#209,.T.);
#13836 = FACE_BOUND('',#13837,.T.);
#13837 = EDGE_LOOP('',(#13838,#13839,#13840));
#13838 = ORIENTED_EDGE('',*,*,#13814,.F.);
#13839 = ORIENTED_EDGE('',*,*,#3680,.F.);
#13840 = ORIENTED_EDGE('',*,*,#193,.F.);
#13841 = ADVANCED_FACE('',(#13842),#3989,.T.);
#13842 = FACE_BOUND('',#13843,.T.);
#13843 = EDGE_LOOP('',(#13844,#13845,#13846));
#13844 = ORIENTED_EDGE('',*,*,#13589,.F.);
#13845 = ORIENTED_EDGE('',*,*,#3973,.F.);
#13846 = ORIENTED_EDGE('',*,*,#13847,.T.);
#13847 = EDGE_CURVE('',#3974,#167,#13848,.T.);
#13848 = SURFACE_CURVE('',#13849,(#13853,#13860),.PCURVE_S1.);
#13849 = LINE('',#13850,#13851);
#13850 = CARTESIAN_POINT('',(-17.66506385803,24.626211166382,330.));
#13851 = VECTOR('',#13852,1.);
#13852 = DIRECTION('',(-0.973631385361,0.228126994105,0.));
#13853 = PCURVE('',#3989,#13854);
#13854 = DEFINITIONAL_REPRESENTATION('',(#13855),#13859);
#13855 = LINE('',#13856,#13857);
#13856 = CARTESIAN_POINT('',(-0.499039391712,-2.612320336688));
#13857 = VECTOR('',#13858,1.);
#13858 = DIRECTION('',(0.228126994105,0.973631385361));
#13859 = ( GEOMETRIC_REPRESENTATION_CONTEXT(2) 
PARAMETRIC_REPRESENTATION_CONTEXT() REPRESENTATION_CONTEXT('2D SPACE',''
  ) );
#13860 = PCURVE('',#4101,#13861);
#13861 = DEFINITIONAL_REPRESENTATION('',(#13862),#13865);
#13862 = B_SPLINE_CURVE_WITH_KNOTS('',1,(#13863,#13864),.UNSPECIFIED.,
  .F.,.F.,(2,2),(0.,5.479420879585),.PIECEWISE_BEZIER_KNOTS.);
#13863 = CARTESIAN_POINT('',(2.501213808228,-0.695427632791));
#13864 = CARTESIAN_POINT('',(-2.83372233374,0.554576181907));
#13865 = ( GEOMETRIC_REPRESENTATION_CONTEXT(2) 
PARAMETRIC_REPRESENTATION_CONTEXT() REPRESENTATION_CONTEXT('2D SPACE',''
  ) );
#13866 = ADVANCED_FACE('',(#13867),#4101,.T.);
#13867 = FACE_BOUND('',#13868,.T.);
#13868 = EDGE_LOOP('',(#13869,#13889,#13890));
#13869 = ORIENTED_EDGE('',*,*,#13870,.T.);
#13870 = EDGE_CURVE('',#4086,#167,#13871,.T.);
#13871 = SURFACE_CURVE('',#13872,(#13876,#13883),.PCURVE_S1.);
#13872 = LINE('',#13873,#13874);
#13873 = CARTESIAN_POINT('',(-17.41511154174,24.983180999756,330.));
#13874 = VECTOR('',#13875,1.);
#13875 = DIRECTION('',(-0.987455747748,0.157895998172,0.));
#13876 = PCURVE('',#4101,#13877);
#13877 = DEFINITIONAL_REPRESENTATION('',(#13878),#13882);
#13878 = LINE('',#13879,#13880);
#13879 = CARTESIAN_POINT('',(2.751166124512,-0.338457799416));
#13880 = VECTOR('',#13881,1.);
#13881 = DIRECTION('',(-0.987455747748,0.157895998172));
#13882 = ( GEOMETRIC_REPRESENTATION_CONTEXT(2) 
PARAMETRIC_REPRESENTATION_CONTEXT() REPRESENTATION_CONTEXT('2D SPACE',''
  ) );
#13883 = PCURVE('',#4213,#13884);
#13884 = DEFINITIONAL_REPRESENTATION('',(#13885),#13888);
#13885 = B_SPLINE_CURVE_WITH_KNOTS('',1,(#13886,#13887),.UNSPECIFIED.,
  .F.,.F.,(2,2),(0.,5.655836700517),.PIECEWISE_BEZIER_KNOTS.);
#13886 = CARTESIAN_POINT('',(-0.511857037928,-2.609615098982));
#13887 = CARTESIAN_POINT('',(0.381176943395,2.97527335927));
#13888 = ( GEOMETRIC_REPRESENTATION_CONTEXT(2) 
PARAMETRIC_REPRESENTATION_CONTEXT() REPRESENTATION_CONTEXT('2D SPACE',''
  ) );
#13889 = ORIENTED_EDGE('',*,*,#13847,.F.);
#13890 = ORIENTED_EDGE('',*,*,#4085,.F.);
#13891 = ADVANCED_FACE('',(#13892),#4213,.T.);
#13892 = FACE_BOUND('',#13893,.T.);
#13893 = EDGE_LOOP('',(#13894,#13914,#13915));
#13894 = ORIENTED_EDGE('',*,*,#13895,.T.);
#13895 = EDGE_CURVE('',#4198,#167,#13896,.T.);
#13896 = SURFACE_CURVE('',#13897,(#13901,#13908),.PCURVE_S1.);
#13897 = LINE('',#13898,#13899);
#13898 = CARTESIAN_POINT('',(-17.10696983337,25.291324615479,330.));
#13899 = VECTOR('',#13900,1.);
#13900 = DIRECTION('',(-0.995110692006,9.876593874513E-02,0.));
#13901 = PCURVE('',#4213,#13902);
#13902 = DEFINITIONAL_REPRESENTATION('',(#13903),#13907);
#13903 = LINE('',#13904,#13905);
#13904 = CARTESIAN_POINT('',(-0.203713422205,-2.917756807356));
#13905 = VECTOR('',#13906,1.);
#13906 = DIRECTION('',(9.876593874513E-02,0.995110692006));
#13907 = ( GEOMETRIC_REPRESENTATION_CONTEXT(2) 
PARAMETRIC_REPRESENTATION_CONTEXT() REPRESENTATION_CONTEXT('2D SPACE',''
  ) );
#13908 = PCURVE('',#4325,#13909);
#13909 = DEFINITIONAL_REPRESENTATION('',(#13910),#13913);
#13910 = B_SPLINE_CURVE_WITH_KNOTS('',1,(#13911,#13912),.UNSPECIFIED.,
  .F.,.F.,(2,2),(0.,5.921984573142),.PIECEWISE_BEZIER_KNOTS.);
#13911 = CARTESIAN_POINT('',(-0.348659601722,-2.750034584573));
#13912 = CARTESIAN_POINT('',(0.236230763879,3.142995582053));
#13913 = ( GEOMETRIC_REPRESENTATION_CONTEXT(2) 
PARAMETRIC_REPRESENTATION_CONTEXT() REPRESENTATION_CONTEXT('2D SPACE',''
  ) );
#13914 = ORIENTED_EDGE('',*,*,#13870,.F.);
#13915 = ORIENTED_EDGE('',*,*,#4197,.F.);
#13916 = ADVANCED_FACE('',(#13917),#4325,.T.);
#13917 = FACE_BOUND('',#13918,.T.);
#13918 = EDGE_LOOP('',(#13919,#13920,#13921));
#13919 = ORIENTED_EDGE('',*,*,#13895,.F.);
#13920 = ORIENTED_EDGE('',*,*,#4309,.F.);
#13921 = ORIENTED_EDGE('',*,*,#13922,.T.);
#13922 = EDGE_CURVE('',#4310,#167,#13923,.T.);
#13923 = SURFACE_CURVE('',#13924,(#13928,#13935),.PCURVE_S1.);
#13924 = LINE('',#13925,#13926);
#13925 = CARTESIAN_POINT('',(-16.75,25.541276931763,330.));
#13926 = VECTOR('',#13927,1.);
#13927 = DIRECTION('',(-0.99856713678,5.351330062471E-02,0.));
#13928 = PCURVE('',#4325,#13929);
#13929 = DEFINITIONAL_REPRESENTATION('',(#13930),#13934);
#13930 = LINE('',#13931,#13932);
#13931 = CARTESIAN_POINT('',(-9.87072854378E-02,-3.107004417947));
#13932 = VECTOR('',#13933,1.);
#13933 = DIRECTION('',(5.351330062471E-02,0.99856713678));
#13934 = ( GEOMETRIC_REPRESENTATION_CONTEXT(2) 
PARAMETRIC_REPRESENTATION_CONTEXT() REPRESENTATION_CONTEXT('2D SPACE',''
  ) );
#13935 = PCURVE('',#4437,#13936);
#13936 = DEFINITIONAL_REPRESENTATION('',(#13937),#13940);
#13937 = B_SPLINE_CURVE_WITH_KNOTS('',1,(#13938,#13939),.UNSPECIFIED.,
  .F.,.F.,(2,2),(0.,6.258968245396),.PIECEWISE_BEZIER_KNOTS.);
#13938 = CARTESIAN_POINT('',(-0.210882692054,-2.918094743908));
#13939 = CARTESIAN_POINT('',(0.124055357262,3.331905256092));
#13940 = ( GEOMETRIC_REPRESENTATION_CONTEXT(2) 
PARAMETRIC_REPRESENTATION_CONTEXT() REPRESENTATION_CONTEXT('2D SPACE',''
  ) );
#13941 = ADVANCED_FACE('',(#13942),#4437,.T.);
#13942 = FACE_BOUND('',#13943,.T.);
#13943 = EDGE_LOOP('',(#13944,#13964,#13965));
#13944 = ORIENTED_EDGE('',*,*,#13945,.T.);
#13945 = EDGE_CURVE('',#4422,#167,#13946,.T.);
#13946 = SURFACE_CURVE('',#13947,(#13951,#13958),.PCURVE_S1.);
#13947 = LINE('',#13948,#13949);
#13948 = CARTESIAN_POINT('',(-16.35505104064,25.725444793701,330.));
#13949 = VECTOR('',#13950,1.);
#13950 = DIRECTION('',(-0.999742693943,2.268360437643E-02,0.));
#13951 = PCURVE('',#4437,#13952);
#13952 = DEFINITIONAL_REPRESENTATION('',(#13953),#13957);
#13953 = LINE('',#13954,#13955);
#13954 = CARTESIAN_POINT('',(-2.671483011578E-02,-3.313043703258));
#13955 = VECTOR('',#13956,1.);
#13956 = DIRECTION('',(2.268360437643E-02,0.999742693943));
#13957 = ( GEOMETRIC_REPRESENTATION_CONTEXT(2) 
PARAMETRIC_REPRESENTATION_CONTEXT() REPRESENTATION_CONTEXT('2D SPACE',''
  ) );
#13958 = PCURVE('',#4549,#13959);
#13959 = DEFINITIONAL_REPRESENTATION('',(#13960),#13963);
#13960 = B_SPLINE_CURVE_WITH_KNOTS('',1,(#13961,#13962),.UNSPECIFIED.,
  .F.,.F.,(2,2),(0.,6.646659185017),.PIECEWISE_BEZIER_KNOTS.);
#13961 = CARTESIAN_POINT('',(3.108547471735,-0.102964664026));
#13962 = CARTESIAN_POINT('',(-3.536401487616,4.780552335175E-02));
#13963 = ( GEOMETRIC_REPRESENTATION_CONTEXT(2) 
PARAMETRIC_REPRESENTATION_CONTEXT() REPRESENTATION_CONTEXT('2D SPACE',''
  ) );
#13964 = ORIENTED_EDGE('',*,*,#13922,.F.);
#13965 = ORIENTED_EDGE('',*,*,#4421,.F.);
#13966 = ADVANCED_FACE('',(#13967),#4549,.T.);
#13967 = FACE_BOUND('',#13968,.T.);
#13968 = EDGE_LOOP('',(#13969,#13989,#13990));
#13969 = ORIENTED_EDGE('',*,*,#13970,.T.);
#13970 = EDGE_CURVE('',#4534,#167,#13971,.T.);
#13971 = SURFACE_CURVE('',#13972,(#13976,#13983),.PCURVE_S1.);
#13972 = LINE('',#13973,#13974);
#13973 = CARTESIAN_POINT('',(-15.93412017822,25.838233947754,330.));
#13974 = VECTOR('',#13975,1.);
#13975 = DIRECTION('',(-0.999985553533,5.375195388462E-03,0.));
#13976 = PCURVE('',#4549,#13977);
#13977 = DEFINITIONAL_REPRESENTATION('',(#13978),#13982);
#13978 = LINE('',#13979,#13980);
#13979 = CARTESIAN_POINT('',(3.529478334162,9.824490026556E-03));
#13980 = VECTOR('',#13981,1.);
#13981 = DIRECTION('',(-0.999985553533,5.375195388462E-03));
#13982 = ( GEOMETRIC_REPRESENTATION_CONTEXT(2) 
PARAMETRIC_REPRESENTATION_CONTEXT() REPRESENTATION_CONTEXT('2D SPACE',''
  ) );
#13983 = PCURVE('',#4654,#13984);
#13984 = DEFINITIONAL_REPRESENTATION('',(#13985),#13988);
#13985 = B_SPLINE_CURVE_WITH_KNOTS('',1,(#13986,#13987),.UNSPECIFIED.,
  .F.,.F.,(2,2),(0.,7.065981900252),.PIECEWISE_BEZIER_KNOTS.);
#13986 = CARTESIAN_POINT('',(3.315490764689,-2.848466077045E-02));
#13987 = CARTESIAN_POINT('',(-3.750389057088,9.496372554747E-03));
#13988 = ( GEOMETRIC_REPRESENTATION_CONTEXT(2) 
PARAMETRIC_REPRESENTATION_CONTEXT() REPRESENTATION_CONTEXT('2D SPACE',''
  ) );
#13989 = ORIENTED_EDGE('',*,*,#13945,.F.);
#13990 = ORIENTED_EDGE('',*,*,#4533,.F.);
#13991 = ADVANCED_FACE('',(#13992),#4654,.T.);
#13992 = FACE_BOUND('',#13993,.T.);
#13993 = EDGE_LOOP('',(#13994,#13995,#13996));
#13994 = ORIENTED_EDGE('',*,*,#13970,.F.);
#13995 = ORIENTED_EDGE('',*,*,#4638,.F.);
#13996 = ORIENTED_EDGE('',*,*,#9222,.F.);
#13997 = ADVANCED_FACE('',(#13998),#12895,.T.);
#13998 = FACE_BOUND('',#13999,.T.);
#13999 = EDGE_LOOP('',(#14000,#14001,#14002));
#14000 = ORIENTED_EDGE('',*,*,#12881,.F.);
#14001 = ORIENTED_EDGE('',*,*,#13360,.F.);
#14002 = ORIENTED_EDGE('',*,*,#14003,.T.);
#14003 = EDGE_CURVE('',#12355,#11683,#14004,.T.);
#14004 = SURFACE_CURVE('',#14005,(#14009,#14016),.PCURVE_S1.);
#14005 = LINE('',#14006,#14007);
#14006 = CARTESIAN_POINT('',(-23.,-22.90041542053,334.));
#14007 = VECTOR('',#14008,1.);
#14008 = DIRECTION('',(0.,0.985077361545,0.17211214882));
#14009 = PCURVE('',#12895,#14010);
#14010 = DEFINITIONAL_REPRESENTATION('',(#14011),#14015);
#14011 = LINE('',#14012,#14013);
#14012 = CARTESIAN_POINT('',(2.173405986239,24.72044243295));
#14013 = VECTOR('',#14014,1.);
#14014 = DIRECTION('',(-0.17211214882,-0.985077361545));
#14015 = ( GEOMETRIC_REPRESENTATION_CONTEXT(2) 
PARAMETRIC_REPRESENTATION_CONTEXT() REPRESENTATION_CONTEXT('2D SPACE',''
  ) );
#14016 = PCURVE('',#11780,#14017);
#14017 = DEFINITIONAL_REPRESENTATION('',(#14018),#14021);
#14018 = B_SPLINE_CURVE_WITH_KNOTS('',1,(#14019,#14020),.UNSPECIFIED.,
  .F.,.F.,(2,2),(0.,46.481320783335),.PIECEWISE_BEZIER_KNOTS.);
#14019 = CARTESIAN_POINT('',(5.826594013761,21.067254405428));
#14020 = CARTESIAN_POINT('',(-2.173405986239,-24.72044243295));
#14021 = ( GEOMETRIC_REPRESENTATION_CONTEXT(2) 
PARAMETRIC_REPRESENTATION_CONTEXT() REPRESENTATION_CONTEXT('2D SPACE',''
  ) );
#14022 = ADVANCED_FACE('',(#14023),#11780,.T.);
#14023 = FACE_BOUND('',#14024,.T.);
#14024 = EDGE_LOOP('',(#14025,#14026,#14027));
#14025 = ORIENTED_EDGE('',*,*,#11766,.F.);
#14026 = ORIENTED_EDGE('',*,*,#14003,.F.);
#14027 = ORIENTED_EDGE('',*,*,#12405,.F.);
#14028 = ADVANCED_FACE('',(#14029),#10624,.T.);
#14029 = FACE_BOUND('',#14030,.T.);
#14030 = EDGE_LOOP('',(#14031,#14032,#14054));
#14031 = ORIENTED_EDGE('',*,*,#10610,.F.);
#14032 = ORIENTED_EDGE('',*,*,#14033,.T.);
#14033 = EDGE_CURVE('',#10558,#14034,#14036,.T.);
#14034 = VERTEX_POINT('',#14035);
#14035 = CARTESIAN_POINT('',(-23.,18.001468658447,318.58251953125));
#14036 = SURFACE_CURVE('',#14037,(#14041,#14048),.PCURVE_S1.);
#14037 = LINE('',#14038,#14039);
#14038 = CARTESIAN_POINT('',(-23.,25.867750167847,316.66580200195));
#14039 = VECTOR('',#14040,1.);
#14040 = DIRECTION('',(0.,-0.971573987765,0.236736111101));
#14041 = PCURVE('',#10624,#14042);
#14042 = DEFINITIONAL_REPRESENTATION('',(#14043),#14047);
#14043 = LINE('',#14044,#14045);
#14044 = CARTESIAN_POINT('',(1.044202862178,-3.820255445585));
#14045 = VECTOR('',#14046,1.);
#14046 = DIRECTION('',(-0.236736111101,0.971573987765));
#14047 = ( GEOMETRIC_REPRESENTATION_CONTEXT(2) 
PARAMETRIC_REPRESENTATION_CONTEXT() REPRESENTATION_CONTEXT('2D SPACE',''
  ) );
#14048 = PCURVE('',#10594,#14049);
#14049 = DEFINITIONAL_REPRESENTATION('',(#14050),#14053);
#14050 = B_SPLINE_CURVE_WITH_KNOTS('',1,(#14051,#14052),.UNSPECIFIED.,
  .F.,.F.,(2,2),(0.,8.096430748931),.PIECEWISE_BEZIER_KNOTS.);
#14051 = CARTESIAN_POINT('',(0.825178361564,-3.858786564161));
#14052 = CARTESIAN_POINT('',(-1.091539167733,4.007494945238));
#14053 = ( GEOMETRIC_REPRESENTATION_CONTEXT(2) 
PARAMETRIC_REPRESENTATION_CONTEXT() REPRESENTATION_CONTEXT('2D SPACE',''
  ) );
#14054 = ORIENTED_EDGE('',*,*,#14055,.T.);
#14055 = EDGE_CURVE('',#14034,#9167,#14056,.T.);
#14056 = SURFACE_CURVE('',#14057,(#14061,#14068),.PCURVE_S1.);
#14057 = LINE('',#14058,#14059);
#14058 = CARTESIAN_POINT('',(-23.,18.001468658447,318.58251953125));
#14059 = VECTOR('',#14060,1.);
#14060 = DIRECTION('',(0.,0.982857667329,-0.184365956111));
#14061 = PCURVE('',#10624,#14062);
#14062 = DEFINITIONAL_REPRESENTATION('',(#14063),#14067);
#14063 = LINE('',#14064,#14065);
#14064 = CARTESIAN_POINT('',(-0.872514667119,4.046026063814));
#14065 = VECTOR('',#14066,1.);
#14066 = DIRECTION('',(0.184365956111,-0.982857667329));
#14067 = ( GEOMETRIC_REPRESENTATION_CONTEXT(2) 
PARAMETRIC_REPRESENTATION_CONTEXT() REPRESENTATION_CONTEXT('2D SPACE',''
  ) );
#14068 = PCURVE('',#14069,#14074);
#14069 = PLANE('',#14070);
#14070 = AXIS2_PLACEMENT_3D('',#14071,#14072,#14073);
#14071 = CARTESIAN_POINT('',(-23.,22.000883965312,318.05795672212));
#14072 = DIRECTION('',(-1.,-0.,-0.));
#14073 = DIRECTION('',(0.,0.,-1.));
#14074 = DEFINITIONAL_REPRESENTATION('',(#14075),#14078);
#14075 = B_SPLINE_CURVE_WITH_KNOTS('',1,(#14076,#14077),.UNSPECIFIED.,
  .F.,.F.,(2,2),(0.,8.041145225527),.PIECEWISE_BEZIER_KNOTS.);
#14076 = CARTESIAN_POINT('',(-0.524562809123,3.999415306865));
#14077 = CARTESIAN_POINT('',(0.957950618611,-3.903885932149));
#14078 = ( GEOMETRIC_REPRESENTATION_CONTEXT(2) 
PARAMETRIC_REPRESENTATION_CONTEXT() REPRESENTATION_CONTEXT('2D SPACE',''
  ) );
#14079 = ADVANCED_FACE('',(#14080),#14069,.T.);
#14080 = FACE_BOUND('',#14081,.T.);
#14081 = EDGE_LOOP('',(#14082,#14109,#14110));
#14082 = ORIENTED_EDGE('',*,*,#14083,.T.);
#14083 = EDGE_CURVE('',#14084,#9167,#14086,.T.);
#14084 = VERTEX_POINT('',#14085);
#14085 = CARTESIAN_POINT('',(-23.,22.701457977295,318.59292602539));
#14086 = SURFACE_CURVE('',#14087,(#14091,#14098),.PCURVE_S1.);
#14087 = LINE('',#14088,#14089);
#14088 = CARTESIAN_POINT('',(-23.,22.701457977295,318.59292602539));
#14089 = VECTOR('',#14090,1.);
#14090 = DIRECTION('',(0.,0.906395441047,-0.422430236193));
#14091 = PCURVE('',#14069,#14092);
#14092 = DEFINITIONAL_REPRESENTATION('',(#14093),#14097);
#14093 = LINE('',#14094,#14095);
#14094 = CARTESIAN_POINT('',(-0.534969303264,-0.700574011983));
#14095 = VECTOR('',#14096,1.);
#14096 = DIRECTION('',(0.422430236193,-0.906395441047));
#14097 = ( GEOMETRIC_REPRESENTATION_CONTEXT(2) 
PARAMETRIC_REPRESENTATION_CONTEXT() REPRESENTATION_CONTEXT('2D SPACE',''
  ) );
#14098 = PCURVE('',#14099,#14104);
#14099 = PLANE('',#14100);
#14100 = AXIS2_PLACEMENT_3D('',#14101,#14102,#14103);
#14101 = CARTESIAN_POINT('',(-23.,23.759470552522,320.50303847213));
#14102 = DIRECTION('',(-1.,-0.,-0.));
#14103 = DIRECTION('',(0.,0.,-1.));
#14104 = DEFINITIONAL_REPRESENTATION('',(#14105),#14108);
#14105 = B_SPLINE_CURVE_WITH_KNOTS('',1,(#14106,#14107),.UNSPECIFIED.,
  .F.,.F.,(2,2),(0.,3.534121835903),.PIECEWISE_BEZIER_KNOTS.);
#14106 = CARTESIAN_POINT('',(1.910112446746,1.058012575227));
#14107 = CARTESIAN_POINT('',(3.403032368621,-2.145299344939));
#14108 = ( GEOMETRIC_REPRESENTATION_CONTEXT(2) 
PARAMETRIC_REPRESENTATION_CONTEXT() REPRESENTATION_CONTEXT('2D SPACE',''
  ) );
#14109 = ORIENTED_EDGE('',*,*,#14055,.F.);
#14110 = ORIENTED_EDGE('',*,*,#14111,.T.);
#14111 = EDGE_CURVE('',#14034,#14084,#14112,.T.);
#14112 = SURFACE_CURVE('',#14113,(#14117,#14124),.PCURVE_S1.);
#14113 = LINE('',#14114,#14115);
#14114 = CARTESIAN_POINT('',(-23.,18.001468658447,318.58251953125));
#14115 = VECTOR('',#14116,1.);
#14116 = DIRECTION('',(0.,0.999997548773,2.214147293955E-03));
#14117 = PCURVE('',#14069,#14118);
#14118 = DEFINITIONAL_REPRESENTATION('',(#14119),#14123);
#14119 = LINE('',#14120,#14121);
#14120 = CARTESIAN_POINT('',(-0.524562809123,3.999415306865));
#14121 = VECTOR('',#14122,1.);
#14122 = DIRECTION('',(-2.214147293955E-03,-0.999997548773));
#14123 = ( GEOMETRIC_REPRESENTATION_CONTEXT(2) 
PARAMETRIC_REPRESENTATION_CONTEXT() REPRESENTATION_CONTEXT('2D SPACE',''
  ) );
#14124 = PCURVE('',#14125,#14130);
#14125 = PLANE('',#14126);
#14126 = AXIS2_PLACEMENT_3D('',#14127,#14128,#14129);
#14127 = CARTESIAN_POINT('',(-17.4691174727,21.320578415049,
    318.58986854715));
#14128 = DIRECTION('',(-9.459711635658E-20,-2.214147293955E-03,
    0.999997548773));
#14129 = DIRECTION('',(0.,0.999997548773,2.214147293955E-03));
#14130 = DEFINITIONAL_REPRESENTATION('',(#14131),#14134);
#14131 = B_SPLINE_CURVE_WITH_KNOTS('',1,(#14132,#14133),.UNSPECIFIED.,
  .F.,.F.,(2,2),(0.,4.700000839617),.PIECEWISE_BEZIER_KNOTS.);
#14132 = CARTESIAN_POINT('',(-3.319117892513,5.530882527295));
#14133 = CARTESIAN_POINT('',(1.380882947104,5.530882527295));
#14134 = ( GEOMETRIC_REPRESENTATION_CONTEXT(2) 
PARAMETRIC_REPRESENTATION_CONTEXT() REPRESENTATION_CONTEXT('2D SPACE',''
  ) );
#14135 = ADVANCED_FACE('',(#14136),#14099,.T.);
#14136 = FACE_BOUND('',#14137,.T.);
#14137 = EDGE_LOOP('',(#14138,#14160,#14161));
#14138 = ORIENTED_EDGE('',*,*,#14139,.T.);
#14139 = EDGE_CURVE('',#14140,#9167,#14142,.T.);
#14140 = VERTEX_POINT('',#14141);
#14141 = CARTESIAN_POINT('',(-23.,22.701457977295,324.5989074707));
#14142 = SURFACE_CURVE('',#14143,(#14147,#14154),.PCURVE_S1.);
#14143 = LINE('',#14144,#14145);
#14144 = CARTESIAN_POINT('',(-23.,22.701457977295,324.5989074707));
#14145 = VECTOR('',#14146,1.);
#14146 = DIRECTION('',(0.,0.392830879876,-0.919610732765));
#14147 = PCURVE('',#14099,#14148);
#14148 = DEFINITIONAL_REPRESENTATION('',(#14149),#14153);
#14149 = LINE('',#14150,#14151);
#14150 = CARTESIAN_POINT('',(-4.095868998567,1.058012575227));
#14151 = VECTOR('',#14152,1.);
#14152 = DIRECTION('',(0.919610732765,-0.392830879876));
#14153 = ( GEOMETRIC_REPRESENTATION_CONTEXT(2) 
PARAMETRIC_REPRESENTATION_CONTEXT() REPRESENTATION_CONTEXT('2D SPACE',''
  ) );
#14154 = PCURVE('',#9257,#14155);
#14155 = DEFINITIONAL_REPRESENTATION('',(#14156),#14159);
#14156 = B_SPLINE_CURVE_WITH_KNOTS('',1,(#14157,#14158),.UNSPECIFIED.,
  .F.,.F.,(2,2),(0.,8.154430021325),.PIECEWISE_BEZIER_KNOTS.);
#14157 = CARTESIAN_POINT('',(2.347927603378,0.995130033282));
#14158 = CARTESIAN_POINT('',(-0.855384316788,-6.503771333905));
#14159 = ( GEOMETRIC_REPRESENTATION_CONTEXT(2) 
PARAMETRIC_REPRESENTATION_CONTEXT() REPRESENTATION_CONTEXT('2D SPACE',''
  ) );
#14160 = ORIENTED_EDGE('',*,*,#14083,.F.);
#14161 = ORIENTED_EDGE('',*,*,#14162,.T.);
#14162 = EDGE_CURVE('',#14084,#14140,#14163,.T.);
#14163 = SURFACE_CURVE('',#14164,(#14168,#14175),.PCURVE_S1.);
#14164 = LINE('',#14165,#14166);
#14165 = CARTESIAN_POINT('',(-23.,22.701457977295,318.59292602539));
#14166 = VECTOR('',#14167,1.);
#14167 = DIRECTION('',(0.,0.,1.));
#14168 = PCURVE('',#14099,#14169);
#14169 = DEFINITIONAL_REPRESENTATION('',(#14170),#14174);
#14170 = LINE('',#14171,#14172);
#14171 = CARTESIAN_POINT('',(1.910112446746,1.058012575227));
#14172 = VECTOR('',#14173,1.);
#14173 = DIRECTION('',(-1.,0.));
#14174 = ( GEOMETRIC_REPRESENTATION_CONTEXT(2) 
PARAMETRIC_REPRESENTATION_CONTEXT() REPRESENTATION_CONTEXT('2D SPACE',''
  ) );
#14175 = PCURVE('',#14176,#14181);
#14176 = PLANE('',#14177);
#14177 = AXIS2_PLACEMENT_3D('',#14178,#14179,#14180);
#14178 = CARTESIAN_POINT('',(-17.67141319466,22.701457977295,
    322.7673299427));
#14179 = DIRECTION('',(2.797880453487E-30,-1.,-1.24827965585E-29));
#14180 = DIRECTION('',(0.,1.24827965585E-29,-1.));
#14181 = DEFINITIONAL_REPRESENTATION('',(#14182),#14185);
#14182 = B_SPLINE_CURVE_WITH_KNOTS('',1,(#14183,#14184),.UNSPECIFIED.,
  .F.,.F.,(2,2),(0.,6.005981445312),.PIECEWISE_BEZIER_KNOTS.);
#14183 = CARTESIAN_POINT('',(4.174403917317,-5.328586805339));
#14184 = CARTESIAN_POINT('',(-1.831577527996,-5.328586805339));
#14185 = ( GEOMETRIC_REPRESENTATION_CONTEXT(2) 
PARAMETRIC_REPRESENTATION_CONTEXT() REPRESENTATION_CONTEXT('2D SPACE',''
  ) );
#14186 = ADVANCED_FACE('',(#14187),#10594,.T.);
#14187 = FACE_BOUND('',#14188,.T.);
#14188 = EDGE_LOOP('',(#14189,#14190,#14191));
#14189 = ORIENTED_EDGE('',*,*,#14033,.F.);
#14190 = ORIENTED_EDGE('',*,*,#10580,.F.);
#14191 = ORIENTED_EDGE('',*,*,#14192,.T.);
#14192 = EDGE_CURVE('',#10477,#14034,#14193,.T.);
#14193 = SURFACE_CURVE('',#14194,(#14198,#14205),.PCURVE_S1.);
#14194 = LINE('',#14195,#14196);
#14195 = CARTESIAN_POINT('',(-23.,25.755893707275,316.24462890625));
#14196 = VECTOR('',#14197,1.);
#14197 = DIRECTION('',(0.,-0.957432448095,0.288657422101));
#14198 = PCURVE('',#10594,#14199);
#14199 = DEFINITIONAL_REPRESENTATION('',(#14200),#14204);
#14200 = LINE('',#14201,#14202);
#14201 = CARTESIAN_POINT('',(1.246351457267,-3.74693010359));
#14202 = VECTOR('',#14203,1.);
#14203 = DIRECTION('',(-0.288657422101,0.957432448095));
#14204 = ( GEOMETRIC_REPRESENTATION_CONTEXT(2) 
PARAMETRIC_REPRESENTATION_CONTEXT() REPRESENTATION_CONTEXT('2D SPACE',''
  ) );
#14205 = PCURVE('',#14206,#14211);
#14206 = PLANE('',#14207);
#14207 = AXIS2_PLACEMENT_3D('',#14208,#14209,#14210);
#14208 = CARTESIAN_POINT('',(-23.,21.106689970267,316.45618286447));
#14209 = DIRECTION('',(-1.,-2.197483068078E-30,-3.92189283999E-29));
#14210 = DIRECTION('',(3.92189283999E-29,0.,-1.));
#14211 = DEFINITIONAL_REPRESENTATION('',(#14212),#14215);
#14212 = B_SPLINE_CURVE_WITH_KNOTS('',1,(#14213,#14214),.UNSPECIFIED.,
  .F.,.F.,(2,2),(0.,8.099187639039),.PIECEWISE_BEZIER_KNOTS.);
#14213 = CARTESIAN_POINT('',(0.211553958228,-4.649203737008));
#14214 = CARTESIAN_POINT('',(-2.126336666772,3.10522131182));
#14215 = ( GEOMETRIC_REPRESENTATION_CONTEXT(2) 
PARAMETRIC_REPRESENTATION_CONTEXT() REPRESENTATION_CONTEXT('2D SPACE',''
  ) );
#14216 = ADVANCED_FACE('',(#14217),#14206,.T.);
#14217 = FACE_BOUND('',#14218,.T.);
#14218 = EDGE_LOOP('',(#14219,#14244,#14245));
#14219 = ORIENTED_EDGE('',*,*,#14220,.T.);
#14220 = EDGE_CURVE('',#10669,#14034,#14221,.T.);
#14221 = SURFACE_CURVE('',#14222,(#14226,#14233),.PCURVE_S1.);
#14222 = LINE('',#14223,#14224);
#14223 = CARTESIAN_POINT('',(-23.,18.010322570801,314.58251953125));
#14224 = VECTOR('',#14225,1.);
#14225 = DIRECTION('',(0.,-2.213472665947E-03,0.999997550266));
#14226 = PCURVE('',#14206,#14227);
#14227 = DEFINITIONAL_REPRESENTATION('',(#14228),#14232);
#14228 = LINE('',#14229,#14230);
#14229 = CARTESIAN_POINT('',(1.873663333228,3.096367399466));
#14230 = VECTOR('',#14231,1.);
#14231 = DIRECTION('',(-0.999997550266,2.213472665947E-03));
#14232 = ( GEOMETRIC_REPRESENTATION_CONTEXT(2) 
PARAMETRIC_REPRESENTATION_CONTEXT() REPRESENTATION_CONTEXT('2D SPACE',''
  ) );
#14233 = PCURVE('',#14234,#14239);
#14234 = PLANE('',#14235);
#14235 = AXIS2_PLACEMENT_3D('',#14236,#14237,#14238);
#14236 = CARTESIAN_POINT('',(-17.34963410212,18.004014972763,
    317.43215155199));
#14237 = DIRECTION('',(-1.277115277623E-19,-0.999997550266,
    -2.213472665947E-03));
#14238 = DIRECTION('',(0.,2.213472665947E-03,-0.999997550266));
#14239 = DEFINITIONAL_REPRESENTATION('',(#14240),#14243);
#14240 = B_SPLINE_CURVE_WITH_KNOTS('',1,(#14241,#14242),.UNSPECIFIED.,
  .F.,.F.,(2,2),(0.,4.000009798958),.PIECEWISE_BEZIER_KNOTS.);
#14241 = CARTESIAN_POINT('',(2.8496390016,-5.650365897879));
#14242 = CARTESIAN_POINT('',(-1.150370797358,-5.650365897879));
#14243 = ( GEOMETRIC_REPRESENTATION_CONTEXT(2) 
PARAMETRIC_REPRESENTATION_CONTEXT() REPRESENTATION_CONTEXT('2D SPACE',''
  ) );
#14244 = ORIENTED_EDGE('',*,*,#14192,.F.);
#14245 = ORIENTED_EDGE('',*,*,#14246,.T.);
#14246 = EDGE_CURVE('',#10477,#10669,#14247,.T.);
#14247 = SURFACE_CURVE('',#14248,(#14252,#14259),.PCURVE_S1.);
#14248 = LINE('',#14249,#14250);
#14249 = CARTESIAN_POINT('',(-23.,25.755893707275,316.24462890625));
#14250 = VECTOR('',#14251,1.);
#14251 = DIRECTION('',(0.,-0.977741748657,-0.209811994253));
#14252 = PCURVE('',#14206,#14253);
#14253 = DEFINITIONAL_REPRESENTATION('',(#14254),#14258);
#14254 = LINE('',#14255,#14256);
#14255 = CARTESIAN_POINT('',(0.211553958228,-4.649203737008));
#14256 = VECTOR('',#14257,1.);
#14257 = DIRECTION('',(0.209811994253,0.977741748657));
#14258 = ( GEOMETRIC_REPRESENTATION_CONTEXT(2) 
PARAMETRIC_REPRESENTATION_CONTEXT() REPRESENTATION_CONTEXT('2D SPACE',''
  ) );
#14259 = PCURVE('',#10513,#14260);
#14260 = DEFINITIONAL_REPRESENTATION('',(#14261),#14264);
#14261 = B_SPLINE_CURVE_WITH_KNOTS('',1,(#14262,#14263),.UNSPECIFIED.,
  .F.,.F.,(2,2),(0.,7.921898749962),.PIECEWISE_BEZIER_KNOTS.);
#14262 = CARTESIAN_POINT('',(-0.908414134992,-3.813814846735));
#14263 = CARTESIAN_POINT('',(0.753695240008,3.93175628974));
#14264 = ( GEOMETRIC_REPRESENTATION_CONTEXT(2) 
PARAMETRIC_REPRESENTATION_CONTEXT() REPRESENTATION_CONTEXT('2D SPACE',''
  ) );
#14265 = ADVANCED_FACE('',(#14266),#10513,.T.);
#14266 = FACE_BOUND('',#14267,.T.);
#14267 = EDGE_LOOP('',(#14268,#14288,#14289));
#14268 = ORIENTED_EDGE('',*,*,#14269,.T.);
#14269 = EDGE_CURVE('',#10396,#10669,#14270,.T.);
#14270 = SURFACE_CURVE('',#14271,(#14275,#14282),.PCURVE_S1.);
#14271 = LINE('',#14272,#14273);
#14272 = CARTESIAN_POINT('',(-23.,25.572601318359,315.84927368164));
#14273 = VECTOR('',#14274,1.);
#14274 = DIRECTION('',(0.,-0.986258781523,-0.165207796031));
#14275 = PCURVE('',#10513,#14276);
#14276 = DEFINITIONAL_REPRESENTATION('',(#14277),#14281);
#14277 = LINE('',#14278,#14279);
#14278 = CARTESIAN_POINT('',(-0.513058910383,-3.630522457819));
#14279 = VECTOR('',#14280,1.);
#14280 = DIRECTION('',(0.165207796031,0.986258781523));
#14281 = ( GEOMETRIC_REPRESENTATION_CONTEXT(2) 
PARAMETRIC_REPRESENTATION_CONTEXT() REPRESENTATION_CONTEXT('2D SPACE',''
  ) );
#14282 = PCURVE('',#10432,#14283);
#14283 = DEFINITIONAL_REPRESENTATION('',(#14284),#14287);
#14284 = B_SPLINE_CURVE_WITH_KNOTS('',1,(#14285,#14286),.UNSPECIFIED.,
  .F.,.F.,(2,2),(0.,7.667641484401),.PIECEWISE_BEZIER_KNOTS.);
#14285 = CARTESIAN_POINT('',(-0.705711746917,-3.737492828397));
#14286 = CARTESIAN_POINT('',(0.561042403473,3.824785919161));
#14287 = ( GEOMETRIC_REPRESENTATION_CONTEXT(2) 
PARAMETRIC_REPRESENTATION_CONTEXT() REPRESENTATION_CONTEXT('2D SPACE',''
  ) );
#14288 = ORIENTED_EDGE('',*,*,#14246,.F.);
#14289 = ORIENTED_EDGE('',*,*,#10499,.F.);
#14290 = ADVANCED_FACE('',(#14291),#10432,.T.);
#14291 = FACE_BOUND('',#14292,.T.);
#14292 = EDGE_LOOP('',(#14293,#14313,#14314));
#14293 = ORIENTED_EDGE('',*,*,#14294,.T.);
#14294 = EDGE_CURVE('',#10315,#10669,#14295,.T.);
#14295 = SURFACE_CURVE('',#14296,(#14300,#14307),.PCURVE_S1.);
#14296 = LINE('',#14297,#14298);
#14297 = CARTESIAN_POINT('',(-23.,25.323438644409,315.4917602539));
#14298 = VECTOR('',#14299,1.);
#14299 = DIRECTION('',(0.,-0.992359475617,-0.123380189466));
#14300 = PCURVE('',#10432,#14301);
#14301 = DEFINITIONAL_REPRESENTATION('',(#14302),#14306);
#14302 = LINE('',#14303,#14304);
#14303 = CARTESIAN_POINT('',(-0.348198319183,-3.488330154447));
#14304 = VECTOR('',#14305,1.);
#14305 = DIRECTION('',(0.123380189466,0.992359475617));
#14306 = ( GEOMETRIC_REPRESENTATION_CONTEXT(2) 
PARAMETRIC_REPRESENTATION_CONTEXT() REPRESENTATION_CONTEXT('2D SPACE',''
  ) );
#14307 = PCURVE('',#10351,#14308);
#14308 = DEFINITIONAL_REPRESENTATION('',(#14309),#14312);
#14309 = B_SPLINE_CURVE_WITH_KNOTS('',1,(#14310,#14311),.UNSPECIFIED.,
  .F.,.F.,(2,2),(0.,7.369422324566),.PIECEWISE_BEZIER_KNOTS.);
#14310 = CARTESIAN_POINT('',(-0.518984885759,-3.626526154164));
#14311 = CARTESIAN_POINT('',(0.390255836897,3.686589919445));
#14312 = ( GEOMETRIC_REPRESENTATION_CONTEXT(2) 
PARAMETRIC_REPRESENTATION_CONTEXT() REPRESENTATION_CONTEXT('2D SPACE',''
  ) );
#14313 = ORIENTED_EDGE('',*,*,#14269,.F.);
#14314 = ORIENTED_EDGE('',*,*,#10418,.F.);
#14315 = ADVANCED_FACE('',(#14316),#10351,.T.);
#14316 = FACE_BOUND('',#14317,.T.);
#14317 = EDGE_LOOP('',(#14318,#14319,#14320));
#14318 = ORIENTED_EDGE('',*,*,#14294,.F.);
#14319 = ORIENTED_EDGE('',*,*,#10337,.F.);
#14320 = ORIENTED_EDGE('',*,*,#14321,.T.);
#14321 = EDGE_CURVE('',#10234,#10669,#14322,.T.);
#14322 = SURFACE_CURVE('',#14323,(#14327,#14334),.PCURVE_S1.);
#14323 = LINE('',#14324,#14325);
#14324 = CARTESIAN_POINT('',(-23.,25.015979766846,315.18292236328));
#14325 = VECTOR('',#14326,1.);
#14326 = DIRECTION('',(0.,-0.996347642143,-8.538955436876E-02));
#14327 = PCURVE('',#10351,#14328);
#14328 = DEFINITIONAL_REPRESENTATION('',(#14329),#14333);
#14329 = LINE('',#14330,#14331);
#14330 = CARTESIAN_POINT('',(-0.210146995134,-3.3190672766));
#14331 = VECTOR('',#14332,1.);
#14332 = DIRECTION('',(8.538955436876E-02,0.996347642143));
#14333 = ( GEOMETRIC_REPRESENTATION_CONTEXT(2) 
PARAMETRIC_REPRESENTATION_CONTEXT() REPRESENTATION_CONTEXT('2D SPACE',''
  ) );
#14334 = PCURVE('',#10684,#14335);
#14335 = DEFINITIONAL_REPRESENTATION('',(#14336),#14339);
#14336 = B_SPLINE_CURVE_WITH_KNOTS('',1,(#14337,#14338),.UNSPECIFIED.,
  .F.,.F.,(2,2),(0.,7.031338159213),.PIECEWISE_BEZIER_KNOTS.);
#14337 = CARTESIAN_POINT('',(-0.411827893575,-3.482891013617));
#14338 = CARTESIAN_POINT('',(0.188574938456,3.522766182428));
#14339 = ( GEOMETRIC_REPRESENTATION_CONTEXT(2) 
PARAMETRIC_REPRESENTATION_CONTEXT() REPRESENTATION_CONTEXT('2D SPACE',''
  ) );
#14340 = ADVANCED_FACE('',(#14341),#10684,.T.);
#14341 = FACE_BOUND('',#14342,.T.);
#14342 = EDGE_LOOP('',(#14343,#14344,#14345));
#14343 = ORIENTED_EDGE('',*,*,#10668,.F.);
#14344 = ORIENTED_EDGE('',*,*,#14321,.F.);
#14345 = ORIENTED_EDGE('',*,*,#14346,.T.);
#14346 = EDGE_CURVE('',#10234,#9946,#14347,.T.);
#14347 = SURFACE_CURVE('',#14348,(#14352,#14359),.PCURVE_S1.);
#14348 = LINE('',#14349,#14350);
#14349 = CARTESIAN_POINT('',(-23.,25.015979766846,315.18292236328));
#14350 = VECTOR('',#14351,1.);
#14351 = DIRECTION('',(0.,-0.938934149746,-0.34409687944));
#14352 = PCURVE('',#10684,#14353);
#14353 = DEFINITIONAL_REPRESENTATION('',(#14354),#14358);
#14354 = LINE('',#14355,#14356);
#14355 = CARTESIAN_POINT('',(-0.411827893575,-3.482891013617));
#14356 = VECTOR('',#14357,1.);
#14357 = DIRECTION('',(0.34409687944,0.938934149746));
#14358 = ( GEOMETRIC_REPRESENTATION_CONTEXT(2) 
PARAMETRIC_REPRESENTATION_CONTEXT() REPRESENTATION_CONTEXT('2D SPACE',''
  ) );
#14359 = PCURVE('',#10270,#14360);
#14360 = DEFINITIONAL_REPRESENTATION('',(#14361),#14364);
#14361 = B_SPLINE_CURVE_WITH_KNOTS('',1,(#14362,#14363),.UNSPECIFIED.,
  .F.,.F.,(2,2),(0.,1.710099616026),.PIECEWISE_BEZIER_KNOTS.);
#14362 = CARTESIAN_POINT('',(-0.319991740075,-0.790748591679));
#14363 = CARTESIAN_POINT('',(0.268448201331,0.814922337276));
#14364 = ( GEOMETRIC_REPRESENTATION_CONTEXT(2) 
PARAMETRIC_REPRESENTATION_CONTEXT() REPRESENTATION_CONTEXT('2D SPACE',''
  ) );
#14365 = ADVANCED_FACE('',(#14366),#10270,.T.);
#14366 = FACE_BOUND('',#14367,.T.);
#14367 = EDGE_LOOP('',(#14368,#14388,#14389));
#14368 = ORIENTED_EDGE('',*,*,#14369,.T.);
#14369 = EDGE_CURVE('',#10153,#9946,#14370,.T.);
#14370 = SURFACE_CURVE('',#14371,(#14375,#14382),.PCURVE_S1.);
#14371 = LINE('',#14372,#14373);
#14372 = CARTESIAN_POINT('',(-23.,24.659564971924,314.9321899414));
#14373 = VECTOR('',#14374,1.);
#14374 = DIRECTION('',(0.,-0.965349626072,-0.260959957546));
#14375 = PCURVE('',#10270,#14376);
#14376 = DEFINITIONAL_REPRESENTATION('',(#14377),#14381);
#14377 = LINE('',#14378,#14379);
#14378 = CARTESIAN_POINT('',(-6.925931820018E-02,-0.434333796757));
#14379 = VECTOR('',#14380,1.);
#14380 = DIRECTION('',(0.260959957546,0.965349626072));
#14381 = ( GEOMETRIC_REPRESENTATION_CONTEXT(2) 
PARAMETRIC_REPRESENTATION_CONTEXT() REPRESENTATION_CONTEXT('2D SPACE',''
  ) );
#14382 = PCURVE('',#10189,#14383);
#14383 = DEFINITIONAL_REPRESENTATION('',(#14384),#14387);
#14384 = B_SPLINE_CURVE_WITH_KNOTS('',1,(#14385,#14386),.UNSPECIFIED.,
  .F.,.F.,(2,2),(0.,1.294097081817),.PIECEWISE_BEZIER_KNOTS.);
#14385 = CARTESIAN_POINT('',(-0.186973190105,-0.618870692268));
#14386 = CARTESIAN_POINT('',(0.150734329426,0.630385441766));
#14387 = ( GEOMETRIC_REPRESENTATION_CONTEXT(2) 
PARAMETRIC_REPRESENTATION_CONTEXT() REPRESENTATION_CONTEXT('2D SPACE',''
  ) );
#14388 = ORIENTED_EDGE('',*,*,#14346,.F.);
#14389 = ORIENTED_EDGE('',*,*,#10256,.F.);
#14390 = ADVANCED_FACE('',(#14391),#10189,.T.);
#14391 = FACE_BOUND('',#14392,.T.);
#14392 = EDGE_LOOP('',(#14393,#14413,#14414));
#14393 = ORIENTED_EDGE('',*,*,#14394,.T.);
#14394 = EDGE_CURVE('',#10077,#9946,#14395,.T.);
#14395 = SURFACE_CURVE('',#14396,(#14400,#14407),.PCURVE_S1.);
#14396 = LINE('',#14397,#14398);
#14397 = CARTESIAN_POINT('',(-23.,24.265024185181,314.74713134765));
#14398 = VECTOR('',#14399,1.);
#14399 = DIRECTION('',(0.,-0.984423352698,-0.17581428458));
#14400 = PCURVE('',#10189,#14401);
#14401 = DEFINITIONAL_REPRESENTATION('',(#14402),#14406);
#14402 = LINE('',#14403,#14404);
#14403 = CARTESIAN_POINT('',(-1.914596355277E-03,-0.224329905524));
#14404 = VECTOR('',#14405,1.);
#14405 = DIRECTION('',(0.17581428458,0.984423352698));
#14406 = ( GEOMETRIC_REPRESENTATION_CONTEXT(2) 
PARAMETRIC_REPRESENTATION_CONTEXT() REPRESENTATION_CONTEXT('2D SPACE',''
  ) );
#14407 = PCURVE('',#10032,#14408);
#14408 = DEFINITIONAL_REPRESENTATION('',(#14409),#14412);
#14409 = B_SPLINE_CURVE_WITH_KNOTS('',1,(#14410,#14411),.UNSPECIFIED.,
  .F.,.F.,(2,2),(0.,0.86823960946),.PIECEWISE_BEZIER_KNOTS.);
#14410 = CARTESIAN_POINT('',(-8.5688366152E-02,-0.425685312287));
#14411 = CARTESIAN_POINT('',(6.696055962925E-02,0.429030035003));
#14412 = ( GEOMETRIC_REPRESENTATION_CONTEXT(2) 
PARAMETRIC_REPRESENTATION_CONTEXT() REPRESENTATION_CONTEXT('2D SPACE',''
  ) );
#14413 = ORIENTED_EDGE('',*,*,#14369,.F.);
#14414 = ORIENTED_EDGE('',*,*,#10175,.F.);
#14415 = ADVANCED_FACE('',(#14416),#10032,.T.);
#14416 = FACE_BOUND('',#14417,.T.);
#14417 = EDGE_LOOP('',(#14418,#14419,#14420));
#14418 = ORIENTED_EDGE('',*,*,#14394,.F.);
#14419 = ORIENTED_EDGE('',*,*,#10099,.F.);
#14420 = ORIENTED_EDGE('',*,*,#10018,.F.);
#14421 = ADVANCED_FACE('',(#14422),#9257,.T.);
#14422 = FACE_BOUND('',#14423,.T.);
#14423 = EDGE_LOOP('',(#14424,#14425,#14426));
#14424 = ORIENTED_EDGE('',*,*,#9243,.F.);
#14425 = ORIENTED_EDGE('',*,*,#14139,.F.);
#14426 = ORIENTED_EDGE('',*,*,#14427,.T.);
#14427 = EDGE_CURVE('',#14140,#167,#14428,.T.);
#14428 = SURFACE_CURVE('',#14429,(#14433,#14440),.PCURVE_S1.);
#14429 = LINE('',#14430,#14431);
#14430 = CARTESIAN_POINT('',(-23.,22.701457977295,324.5989074707));
#14431 = VECTOR('',#14432,1.);
#14432 = DIRECTION('',(0.,0.506740688174,0.862098529722));
#14433 = PCURVE('',#9257,#14434);
#14434 = DEFINITIONAL_REPRESENTATION('',(#14435),#14439);
#14435 = LINE('',#14436,#14437);
#14436 = CARTESIAN_POINT('',(2.347927603378,0.995130033282));
#14437 = VECTOR('',#14438,1.);
#14438 = DIRECTION('',(-0.506740688174,0.862098529722));
#14439 = ( GEOMETRIC_REPRESENTATION_CONTEXT(2) 
PARAMETRIC_REPRESENTATION_CONTEXT() REPRESENTATION_CONTEXT('2D SPACE',''
  ) );
#14440 = PCURVE('',#14441,#14446);
#14441 = PLANE('',#14442);
#14442 = AXIS2_PLACEMENT_3D('',#14443,#14444,#14445);
#14443 = CARTESIAN_POINT('',(-23.,24.238205473425,327.31410934666));
#14444 = DIRECTION('',(-1.,3.543071876714E-26,-2.161284784022E-26));
#14445 = DIRECTION('',(-3.543071876714E-26,-1.,0.));
#14446 = DEFINITIONAL_REPRESENTATION('',(#14447),#14450);
#14447 = B_SPLINE_CURVE_WITH_KNOTS('',1,(#14448,#14449),.UNSPECIFIED.,
  .F.,.F.,(2,2),(0.,6.265052477282),.PIECEWISE_BEZIER_KNOTS.);
#14448 = CARTESIAN_POINT('',(1.53674749613,-2.715201875963));
#14449 = CARTESIAN_POINT('',(-1.638009507654,2.685890653334));
#14450 = ( GEOMETRIC_REPRESENTATION_CONTEXT(2) 
PARAMETRIC_REPRESENTATION_CONTEXT() REPRESENTATION_CONTEXT('2D SPACE',''
  ) );
#14451 = ADVANCED_FACE('',(#14452),#14441,.T.);
#14452 = FACE_BOUND('',#14453,.T.);
#14453 = EDGE_LOOP('',(#14454,#14481,#14482));
#14454 = ORIENTED_EDGE('',*,*,#14455,.T.);
#14455 = EDGE_CURVE('',#14456,#167,#14458,.T.);
#14456 = VERTEX_POINT('',#14457);
#14457 = CARTESIAN_POINT('',(-23.,22.700572967529,324.99868774414));
#14458 = SURFACE_CURVE('',#14459,(#14463,#14470),.PCURVE_S1.);
#14459 = LINE('',#14460,#14461);
#14460 = CARTESIAN_POINT('',(-23.,22.700572967529,324.99868774414));
#14461 = VECTOR('',#14462,1.);
#14462 = DIRECTION('',(0.,0.536032877302,0.844197106398));
#14463 = PCURVE('',#14441,#14464);
#14464 = DEFINITIONAL_REPRESENTATION('',(#14465),#14469);
#14465 = LINE('',#14466,#14467);
#14466 = CARTESIAN_POINT('',(1.537632505896,-2.315421602526));
#14467 = VECTOR('',#14468,1.);
#14468 = DIRECTION('',(-0.536032877302,0.844197106398));
#14469 = ( GEOMETRIC_REPRESENTATION_CONTEXT(2) 
PARAMETRIC_REPRESENTATION_CONTEXT() REPRESENTATION_CONTEXT('2D SPACE',''
  ) );
#14470 = PCURVE('',#14471,#14476);
#14471 = PLANE('',#14472);
#14472 = AXIS2_PLACEMENT_3D('',#14473,#14474,#14475);
#14473 = CARTESIAN_POINT('',(-23.,2.211086080276,326.36582164795));
#14474 = DIRECTION('',(-1.,1.281933422281E-30,-2.189491750409E-29));
#14475 = DIRECTION('',(2.189491750409E-29,0.,-1.));
#14476 = DEFINITIONAL_REPRESENTATION('',(#14477),#14480);
#14477 = B_SPLINE_CURVE_WITH_KNOTS('',1,(#14478,#14479),.UNSPECIFIED.,
  .F.,.F.,(2,2),(0.,5.924341860395),.PIECEWISE_BEZIER_KNOTS.);
#14478 = CARTESIAN_POINT('',(1.367133903809,-20.48948688725));
#14479 = CARTESIAN_POINT('',(-3.63417835205,-23.6651289008));
#14480 = ( GEOMETRIC_REPRESENTATION_CONTEXT(2) 
PARAMETRIC_REPRESENTATION_CONTEXT() REPRESENTATION_CONTEXT('2D SPACE',''
  ) );
#14481 = ORIENTED_EDGE('',*,*,#14427,.F.);
#14482 = ORIENTED_EDGE('',*,*,#14483,.T.);
#14483 = EDGE_CURVE('',#14140,#14456,#14484,.T.);
#14484 = SURFACE_CURVE('',#14485,(#14489,#14496),.PCURVE_S1.);
#14485 = LINE('',#14486,#14487);
#14486 = CARTESIAN_POINT('',(-23.,22.701457977295,324.5989074707));
#14487 = VECTOR('',#14488,1.);
#14488 = DIRECTION('',(0.,-2.213735033655E-03,0.999997549686));
#14489 = PCURVE('',#14441,#14490);
#14490 = DEFINITIONAL_REPRESENTATION('',(#14491),#14495);
#14491 = LINE('',#14492,#14493);
#14492 = CARTESIAN_POINT('',(1.53674749613,-2.715201875963));
#14493 = VECTOR('',#14494,1.);
#14494 = DIRECTION('',(2.213735033655E-03,0.999997549686));
#14495 = ( GEOMETRIC_REPRESENTATION_CONTEXT(2) 
PARAMETRIC_REPRESENTATION_CONTEXT() REPRESENTATION_CONTEXT('2D SPACE',''
  ) );
#14496 = PCURVE('',#14497,#14502);
#14497 = PLANE('',#14498);
#14498 = AXIS2_PLACEMENT_3D('',#14499,#14500,#14501);
#14499 = CARTESIAN_POINT('',(-16.59840889709,22.700797621189,
    324.89720626338));
#14500 = DIRECTION('',(-6.450651112179E-21,-0.999997549686,
    -2.213735033655E-03));
#14501 = DIRECTION('',(2.938735877056E-39,2.213735033655E-03,
    -0.999997549686));
#14502 = DEFINITIONAL_REPRESENTATION('',(#14503),#14506);
#14503 = B_SPLINE_CURVE_WITH_KNOTS('',1,(#14504,#14505),.UNSPECIFIED.,
  .F.,.F.,(2,2),(0.,0.399781253027),.PIECEWISE_BEZIER_KNOTS.);
#14504 = CARTESIAN_POINT('',(0.298299523606,-6.401591102907));
#14505 = CARTESIAN_POINT('',(-0.101481729421,-6.401591102907));
#14506 = ( GEOMETRIC_REPRESENTATION_CONTEXT(2) 
PARAMETRIC_REPRESENTATION_CONTEXT() REPRESENTATION_CONTEXT('2D SPACE',''
  ) );
#14507 = ADVANCED_FACE('',(#14508),#14471,.T.);
#14508 = FACE_BOUND('',#14509,.T.);
#14509 = EDGE_LOOP('',(#14510,#14530,#14531));
#14510 = ORIENTED_EDGE('',*,*,#14511,.T.);
#14511 = EDGE_CURVE('',#22,#167,#14512,.T.);
#14512 = SURFACE_CURVE('',#14513,(#14517,#14524),.PCURVE_S1.);
#14513 = LINE('',#14514,#14515);
#14514 = CARTESIAN_POINT('',(-23.,-22.70000076293,324.99868774414));
#14515 = VECTOR('',#14516,1.);
#14516 = DIRECTION('',(0.,0.994741589426,0.102416650338));
#14517 = PCURVE('',#14471,#14518);
#14518 = DEFINITIONAL_REPRESENTATION('',(#14519),#14523);
#14519 = LINE('',#14520,#14521);
#14520 = CARTESIAN_POINT('',(1.367133903809,24.911086843215));
#14521 = VECTOR('',#14522,1.);
#14522 = DIRECTION('',(-0.102416650338,-0.994741589426));
#14523 = ( GEOMETRIC_REPRESENTATION_CONTEXT(2) 
PARAMETRIC_REPRESENTATION_CONTEXT() REPRESENTATION_CONTEXT('2D SPACE',''
  ) );
#14524 = PCURVE('',#126,#14525);
#14525 = DEFINITIONAL_REPRESENTATION('',(#14526),#14529);
#14526 = B_SPLINE_CURVE_WITH_KNOTS('',1,(#14527,#14528),.UNSPECIFIED.,
  .F.,.F.,(2,2),(0.,48.832999706039),.PIECEWISE_BEZIER_KNOTS.);
#14527 = CARTESIAN_POINT('',(3.715849408146,22.067785787879));
#14528 = CARTESIAN_POINT('',(-1.285462847714,-26.50842995614));
#14529 = ( GEOMETRIC_REPRESENTATION_CONTEXT(2) 
PARAMETRIC_REPRESENTATION_CONTEXT() REPRESENTATION_CONTEXT('2D SPACE',''
  ) );
#14530 = ORIENTED_EDGE('',*,*,#14455,.F.);
#14531 = ORIENTED_EDGE('',*,*,#14532,.T.);
#14532 = EDGE_CURVE('',#14456,#22,#14533,.T.);
#14533 = SURFACE_CURVE('',#14534,(#14538,#14545),.PCURVE_S1.);
#14534 = LINE('',#14535,#14536);
#14535 = CARTESIAN_POINT('',(-23.,22.700572967529,324.99868774414));
#14536 = VECTOR('',#14537,1.);
#14537 = DIRECTION('',(0.,-1.,0.));
#14538 = PCURVE('',#14471,#14539);
#14539 = DEFINITIONAL_REPRESENTATION('',(#14540),#14544);
#14540 = LINE('',#14541,#14542);
#14541 = CARTESIAN_POINT('',(1.367133903809,-20.48948688725));
#14542 = VECTOR('',#14543,1.);
#14543 = DIRECTION('',(0.,1.));
#14544 = ( GEOMETRIC_REPRESENTATION_CONTEXT(2) 
PARAMETRIC_REPRESENTATION_CONTEXT() REPRESENTATION_CONTEXT('2D SPACE',''
  ) );
#14545 = PCURVE('',#14546,#14551);
#14546 = PLANE('',#14547);
#14547 = AXIS2_PLACEMENT_3D('',#14548,#14549,#14550);
#14548 = CARTESIAN_POINT('',(-19.29386307253,-2.793576970235,
    324.99868774414));
#14549 = DIRECTION('',(-0.,-0.,-1.));
#14550 = DIRECTION('',(-1.,0.,0.));
#14551 = DEFINITIONAL_REPRESENTATION('',(#14552),#14555);
#14552 = B_SPLINE_CURVE_WITH_KNOTS('',1,(#14553,#14554),.UNSPECIFIED.,
  .F.,.F.,(2,2),(0.,45.400573730469),.PIECEWISE_BEZIER_KNOTS.);
#14553 = CARTESIAN_POINT('',(3.70613692747,25.494149937764));
#14554 = CARTESIAN_POINT('',(3.70613692747,-19.9064237927));
#14555 = ( GEOMETRIC_REPRESENTATION_CONTEXT(2) 
PARAMETRIC_REPRESENTATION_CONTEXT() REPRESENTATION_CONTEXT('2D SPACE',''
  ) );
#14556 = ADVANCED_FACE('',(#14557),#126,.T.);
#14557 = FACE_BOUND('',#14558,.T.);
#14558 = EDGE_LOOP('',(#14559,#14560,#14561));
#14559 = ORIENTED_EDGE('',*,*,#14511,.F.);
#14560 = ORIENTED_EDGE('',*,*,#110,.F.);
#14561 = ORIENTED_EDGE('',*,*,#166,.F.);
#14562 = ADVANCED_FACE('',(#14563),#71,.T.);
#14563 = FACE_BOUND('',#14564,.T.);
#14564 = EDGE_LOOP('',(#14565,#14566,#14586));
#14565 = ORIENTED_EDGE('',*,*,#55,.F.);
#14566 = ORIENTED_EDGE('',*,*,#14567,.T.);
#14567 = EDGE_CURVE('',#24,#5479,#14568,.T.);
#14568 = SURFACE_CURVE('',#14569,(#14573,#14580),.PCURVE_S1.);
#14569 = LINE('',#14570,#14571);
#14570 = CARTESIAN_POINT('',(-23.,-22.70000076293,318.60000610351));
#14571 = VECTOR('',#14572,1.);
#14572 = DIRECTION('',(0.,1.,0.));
#14573 = PCURVE('',#71,#14574);
#14574 = DEFINITIONAL_REPRESENTATION('',(#14575),#14579);
#14575 = LINE('',#14576,#14577);
#14576 = CARTESIAN_POINT('',(-0.533424048565,0.701557226214));
#14577 = VECTOR('',#14578,1.);
#14578 = DIRECTION('',(0.,-1.));
#14579 = ( GEOMETRIC_REPRESENTATION_CONTEXT(2) 
PARAMETRIC_REPRESENTATION_CONTEXT() REPRESENTATION_CONTEXT('2D SPACE',''
  ) );
#14580 = PCURVE('',#5494,#14581);
#14581 = DEFINITIONAL_REPRESENTATION('',(#14582),#14585);
#14582 = B_SPLINE_CURVE_WITH_KNOTS('',1,(#14583,#14584),.UNSPECIFIED.,
  .F.,.F.,(2,2),(0.,4.700000762939),.PIECEWISE_BEZIER_KNOTS.);
#14583 = CARTESIAN_POINT('',(-5.530882539947,-3.319117841522));
#14584 = CARTESIAN_POINT('',(-5.530882539947,1.380882921417));
#14585 = ( GEOMETRIC_REPRESENTATION_CONTEXT(2) 
PARAMETRIC_REPRESENTATION_CONTEXT() REPRESENTATION_CONTEXT('2D SPACE',''
  ) );
#14586 = ORIENTED_EDGE('',*,*,#14587,.T.);
#14587 = EDGE_CURVE('',#5479,#56,#14588,.T.);
#14588 = SURFACE_CURVE('',#14589,(#14593,#14600),.PCURVE_S1.);
#14589 = LINE('',#14590,#14591);
#14590 = CARTESIAN_POINT('',(-23.,-18.,318.60000610351));
#14591 = VECTOR('',#14592,1.);
#14592 = DIRECTION('',(0.,-0.982449047141,-0.1865311496));
#14593 = PCURVE('',#71,#14594);
#14594 = DEFINITIONAL_REPRESENTATION('',(#14595),#14599);
#14595 = LINE('',#14596,#14597);
#14596 = CARTESIAN_POINT('',(-0.533424048565,-3.998443536725));
#14597 = VECTOR('',#14598,1.);
#14598 = DIRECTION('',(0.1865311496,0.982449047141));
#14599 = ( GEOMETRIC_REPRESENTATION_CONTEXT(2) 
PARAMETRIC_REPRESENTATION_CONTEXT() REPRESENTATION_CONTEXT('2D SPACE',''
  ) );
#14600 = PCURVE('',#6406,#14601);
#14601 = DEFINITIONAL_REPRESENTATION('',(#14602),#14605);
#14602 = B_SPLINE_CURVE_WITH_KNOTS('',1,(#14603,#14604),.UNSPECIFIED.,
  .F.,.F.,(2,2),(0.,8.041552326323),.PIECEWISE_BEZIER_KNOTS.);
#14603 = CARTESIAN_POINT('',(-0.881472116328,-4.044297752211));
#14604 = CARTESIAN_POINT('',(0.618527883672,3.856117668322));
#14605 = ( GEOMETRIC_REPRESENTATION_CONTEXT(2) 
PARAMETRIC_REPRESENTATION_CONTEXT() REPRESENTATION_CONTEXT('2D SPACE',''
  ) );
#14606 = ADVANCED_FACE('',(#14607),#6406,.T.);
#14607 = FACE_BOUND('',#14608,.T.);
#14608 = EDGE_LOOP('',(#14609,#14610,#14611));
#14609 = ORIENTED_EDGE('',*,*,#6392,.F.);
#14610 = ORIENTED_EDGE('',*,*,#14587,.F.);
#14611 = ORIENTED_EDGE('',*,*,#14612,.T.);
#14612 = EDGE_CURVE('',#5479,#6370,#14613,.T.);
#14613 = SURFACE_CURVE('',#14614,(#14618,#14625),.PCURVE_S1.);
#14614 = LINE('',#14615,#14616);
#14615 = CARTESIAN_POINT('',(-23.,-18.,318.60000610351));
#14616 = VECTOR('',#14617,1.);
#14617 = DIRECTION('',(0.,-0.97104999376,-0.238876347969));
#14618 = PCURVE('',#6406,#14619);
#14619 = DEFINITIONAL_REPRESENTATION('',(#14620),#14624);
#14620 = LINE('',#14621,#14622);
#14621 = CARTESIAN_POINT('',(-0.881472116328,-4.044297752211));
#14622 = VECTOR('',#14623,1.);
#14623 = DIRECTION('',(0.238876347969,0.97104999376));
#14624 = ( GEOMETRIC_REPRESENTATION_CONTEXT(2) 
PARAMETRIC_REPRESENTATION_CONTEXT() REPRESENTATION_CONTEXT('2D SPACE',''
  ) );
#14625 = PCURVE('',#6487,#14626);
#14626 = DEFINITIONAL_REPRESENTATION('',(#14627),#14630);
#14627 = B_SPLINE_CURVE_WITH_KNOTS('',1,(#14628,#14629),.UNSPECIFIED.,
  .F.,.F.,(2,2),(0.,8.096837894787),.PIECEWISE_BEZIER_KNOTS.);
#14628 = CARTESIAN_POINT('',(-1.10041644698,-4.005278082844));
#14629 = CARTESIAN_POINT('',(0.833726619426,3.857156304363));
#14630 = ( GEOMETRIC_REPRESENTATION_CONTEXT(2) 
PARAMETRIC_REPRESENTATION_CONTEXT() REPRESENTATION_CONTEXT('2D SPACE',''
  ) );
#14631 = ADVANCED_FACE('',(#14632),#6487,.T.);
#14632 = FACE_BOUND('',#14633,.T.);
#14633 = EDGE_LOOP('',(#14634,#14635,#14636));
#14634 = ORIENTED_EDGE('',*,*,#6473,.F.);
#14635 = ORIENTED_EDGE('',*,*,#14612,.F.);
#14636 = ORIENTED_EDGE('',*,*,#14637,.T.);
#14637 = EDGE_CURVE('',#5479,#6451,#14638,.T.);
#14638 = SURFACE_CURVE('',#14639,(#14643,#14650),.PCURVE_S1.);
#14639 = LINE('',#14640,#14641);
#14640 = CARTESIAN_POINT('',(-23.,-18.,318.60000610351));
#14641 = VECTOR('',#14642,1.);
#14642 = DIRECTION('',(0.,-0.956794722122,-0.290764268298));
#14643 = PCURVE('',#6487,#14644);
#14644 = DEFINITIONAL_REPRESENTATION('',(#14645),#14649);
#14645 = LINE('',#14646,#14647);
#14646 = CARTESIAN_POINT('',(-1.10041644698,-4.005278082844));
#14647 = VECTOR('',#14648,1.);
#14648 = DIRECTION('',(0.290764268298,0.956794722122));
#14649 = ( GEOMETRIC_REPRESENTATION_CONTEXT(2) 
PARAMETRIC_REPRESENTATION_CONTEXT() REPRESENTATION_CONTEXT('2D SPACE',''
  ) );
#14650 = PCURVE('',#5550,#14651);
#14651 = DEFINITIONAL_REPRESENTATION('',(#14652),#14655);
#14652 = B_SPLINE_CURVE_WITH_KNOTS('',1,(#14653,#14654),.UNSPECIFIED.,
  .F.,.F.,(2,2),(0.,8.09959227546),.PIECEWISE_BEZIER_KNOTS.);
#14653 = CARTESIAN_POINT('',(-2.133212651034,-3.100706170739));
#14654 = CARTESIAN_POINT('',(0.22185937045,4.648940969764));
#14655 = ( GEOMETRIC_REPRESENTATION_CONTEXT(2) 
PARAMETRIC_REPRESENTATION_CONTEXT() REPRESENTATION_CONTEXT('2D SPACE',''
  ) );
#14656 = ADVANCED_FACE('',(#14657),#5550,.T.);
#14657 = FACE_BOUND('',#14658,.T.);
#14658 = EDGE_LOOP('',(#14659,#14679,#14680));
#14659 = ORIENTED_EDGE('',*,*,#14660,.T.);
#14660 = EDGE_CURVE('',#5535,#6451,#14661,.T.);
#14661 = SURFACE_CURVE('',#14662,(#14666,#14673),.PCURVE_S1.);
#14662 = LINE('',#14663,#14664);
#14663 = CARTESIAN_POINT('',(-23.,-18.,314.60000610351));
#14664 = VECTOR('',#14665,1.);
#14665 = DIRECTION('',(0.,-0.978206869031,0.207632659716));
#14666 = PCURVE('',#5550,#14667);
#14667 = DEFINITIONAL_REPRESENTATION('',(#14668),#14672);
#14668 = LINE('',#14669,#14670);
#14669 = CARTESIAN_POINT('',(1.866787348966,-3.100706170739));
#14670 = VECTOR('',#14671,1.);
#14671 = DIRECTION('',(-0.207632659716,0.978206869031));
#14672 = ( GEOMETRIC_REPRESENTATION_CONTEXT(2) 
PARAMETRIC_REPRESENTATION_CONTEXT() REPRESENTATION_CONTEXT('2D SPACE',''
  ) );
#14673 = PCURVE('',#6568,#14674);
#14674 = DEFINITIONAL_REPRESENTATION('',(#14675),#14678);
#14675 = B_SPLINE_CURVE_WITH_KNOTS('',1,(#14676,#14677),.UNSPECIFIED.,
  .F.,.F.,(2,2),(0.,7.922298836626),.PIECEWISE_BEZIER_KNOTS.);
#14676 = CARTESIAN_POINT('',(0.744977036877,-3.933618807298));
#14677 = CARTESIAN_POINT('',(-0.899950941639,3.816028333205));
#14678 = ( GEOMETRIC_REPRESENTATION_CONTEXT(2) 
PARAMETRIC_REPRESENTATION_CONTEXT() REPRESENTATION_CONTEXT('2D SPACE',''
  ) );
#14679 = ORIENTED_EDGE('',*,*,#14637,.F.);
#14680 = ORIENTED_EDGE('',*,*,#5534,.F.);
#14681 = ADVANCED_FACE('',(#14682),#6568,.T.);
#14682 = FACE_BOUND('',#14683,.T.);
#14683 = EDGE_LOOP('',(#14684,#14685,#14686));
#14684 = ORIENTED_EDGE('',*,*,#6554,.F.);
#14685 = ORIENTED_EDGE('',*,*,#14660,.F.);
#14686 = ORIENTED_EDGE('',*,*,#14687,.T.);
#14687 = EDGE_CURVE('',#5535,#6532,#14688,.T.);
#14688 = SURFACE_CURVE('',#14689,(#14693,#14700),.PCURVE_S1.);
#14689 = LINE('',#14690,#14691);
#14690 = CARTESIAN_POINT('',(-23.,-18.,314.60000610351));
#14691 = VECTOR('',#14692,1.);
#14692 = DIRECTION('',(0.,-0.986623742008,0.163014084382));
#14693 = PCURVE('',#6568,#14694);
#14694 = DEFINITIONAL_REPRESENTATION('',(#14695),#14699);
#14695 = LINE('',#14696,#14697);
#14696 = CARTESIAN_POINT('',(0.744977036877,-3.933618807298));
#14697 = VECTOR('',#14698,1.);
#14698 = DIRECTION('',(-0.163014084382,0.986623742008));
#14699 = ( GEOMETRIC_REPRESENTATION_CONTEXT(2) 
PARAMETRIC_REPRESENTATION_CONTEXT() REPRESENTATION_CONTEXT('2D SPACE',''
  ) );
#14700 = PCURVE('',#6649,#14701);
#14701 = DEFINITIONAL_REPRESENTATION('',(#14702),#14705);
#14702 = B_SPLINE_CURVE_WITH_KNOTS('',1,(#14703,#14704),.UNSPECIFIED.,
  .F.,.F.,(2,2),(0.,7.668049081376),.PIECEWISE_BEZIER_KNOTS.);
#14703 = CARTESIAN_POINT('',(0.552560267503,-3.82623278581));
#14704 = CARTESIAN_POINT('',(-0.697439732497,3.739246492755));
#14705 = ( GEOMETRIC_REPRESENTATION_CONTEXT(2) 
PARAMETRIC_REPRESENTATION_CONTEXT() REPRESENTATION_CONTEXT('2D SPACE',''
  ) );
#14706 = ADVANCED_FACE('',(#14707),#6649,.T.);
#14707 = FACE_BOUND('',#14708,.T.);
#14708 = EDGE_LOOP('',(#14709,#14710,#14711));
#14709 = ORIENTED_EDGE('',*,*,#6635,.F.);
#14710 = ORIENTED_EDGE('',*,*,#14687,.F.);
#14711 = ORIENTED_EDGE('',*,*,#14712,.T.);
#14712 = EDGE_CURVE('',#5535,#6613,#14713,.T.);
#14713 = SURFACE_CURVE('',#14714,(#14718,#14725),.PCURVE_S1.);
#14714 = LINE('',#14715,#14716);
#14715 = CARTESIAN_POINT('',(-23.,-18.,314.60000610351));
#14716 = VECTOR('',#14717,1.);
#14717 = DIRECTION('',(0.,-0.992631719172,0.121170417567));
#14718 = PCURVE('',#6649,#14719);
#14719 = DEFINITIONAL_REPRESENTATION('',(#14720),#14724);
#14720 = LINE('',#14721,#14722);
#14721 = CARTESIAN_POINT('',(0.552560267503,-3.82623278581));
#14722 = VECTOR('',#14723,1.);
#14723 = DIRECTION('',(-0.121170417567,0.992631719172));
#14724 = ( GEOMETRIC_REPRESENTATION_CONTEXT(2) 
PARAMETRIC_REPRESENTATION_CONTEXT() REPRESENTATION_CONTEXT('2D SPACE',''
  ) );
#14725 = PCURVE('',#6730,#14726);
#14726 = DEFINITIONAL_REPRESENTATION('',(#14727),#14730);
#14727 = B_SPLINE_CURVE_WITH_KNOTS('',1,(#14728,#14729),.UNSPECIFIED.,
  .F.,.F.,(2,2),(0.,7.369829938923),.PIECEWISE_BEZIER_KNOTS.);
#14728 = CARTESIAN_POINT('',(0.382075324941,-3.687649446859));
#14729 = CARTESIAN_POINT('',(-0.510930046153,3.627877515422));
#14730 = ( GEOMETRIC_REPRESENTATION_CONTEXT(2) 
PARAMETRIC_REPRESENTATION_CONTEXT() REPRESENTATION_CONTEXT('2D SPACE',''
  ) );
#14731 = ADVANCED_FACE('',(#14732),#6730,.T.);
#14732 = FACE_BOUND('',#14733,.T.);
#14733 = EDGE_LOOP('',(#14734,#14735,#14736));
#14734 = ORIENTED_EDGE('',*,*,#6716,.F.);
#14735 = ORIENTED_EDGE('',*,*,#14712,.F.);
#14736 = ORIENTED_EDGE('',*,*,#14737,.T.);
#14737 = EDGE_CURVE('',#5535,#6694,#14738,.T.);
#14738 = SURFACE_CURVE('',#14739,(#14743,#14750),.PCURVE_S1.);
#14739 = LINE('',#14740,#14741);
#14740 = CARTESIAN_POINT('',(-23.,-18.,314.60000610351));
#14741 = VECTOR('',#14742,1.);
#14742 = DIRECTION('',(0.,-0.99653491293,8.317552110366E-02));
#14743 = PCURVE('',#6730,#14744);
#14744 = DEFINITIONAL_REPRESENTATION('',(#14745),#14749);
#14745 = LINE('',#14746,#14747);
#14746 = CARTESIAN_POINT('',(0.382075324941,-3.687649446859));
#14747 = VECTOR('',#14748,1.);
#14748 = DIRECTION('',(-8.317552110366E-02,0.99653491293));
#14749 = ( GEOMETRIC_REPRESENTATION_CONTEXT(2) 
PARAMETRIC_REPRESENTATION_CONTEXT() REPRESENTATION_CONTEXT('2D SPACE',''
  ) );
#14750 = PCURVE('',#5631,#14751);
#14751 = DEFINITIONAL_REPRESENTATION('',(#14752),#14755);
#14752 = B_SPLINE_CURVE_WITH_KNOTS('',1,(#14753,#14754),.UNSPECIFIED.,
  .F.,.F.,(2,2),(0.,7.031748968987),.PIECEWISE_BEZIER_KNOTS.);
#14753 = CARTESIAN_POINT('',(0.180764484628,-3.523381539371));
#14754 = CARTESIAN_POINT('',(-0.404104900138,3.484001807186));
#14755 = ( GEOMETRIC_REPRESENTATION_CONTEXT(2) 
PARAMETRIC_REPRESENTATION_CONTEXT() REPRESENTATION_CONTEXT('2D SPACE',''
  ) );
#14756 = ADVANCED_FACE('',(#14757),#5631,.T.);
#14757 = FACE_BOUND('',#14758,.T.);
#14758 = EDGE_LOOP('',(#14759,#14779,#14780));
#14759 = ORIENTED_EDGE('',*,*,#14760,.T.);
#14760 = EDGE_CURVE('',#5616,#6694,#14761,.T.);
#14761 = SURFACE_CURVE('',#14762,(#14766,#14773),.PCURVE_S1.);
#14762 = LINE('',#14763,#14764);
#14763 = CARTESIAN_POINT('',(-23.,-23.40041542053,314.60000610351));
#14764 = VECTOR('',#14765,1.);
#14765 = DIRECTION('',(0.,-0.939696211829,0.342010276856));
#14766 = PCURVE('',#5631,#14767);
#14767 = DEFINITIONAL_REPRESENTATION('',(#14768),#14772);
#14768 = LINE('',#14769,#14770);
#14769 = CARTESIAN_POINT('',(0.180764484628,1.877033881161));
#14770 = VECTOR('',#14771,1.);
#14771 = DIRECTION('',(-0.342010276856,0.939696211829));
#14772 = ( GEOMETRIC_REPRESENTATION_CONTEXT(2) 
PARAMETRIC_REPRESENTATION_CONTEXT() REPRESENTATION_CONTEXT('2D SPACE',''
  ) );
#14773 = PCURVE('',#6811,#14774);
#14774 = DEFINITIONAL_REPRESENTATION('',(#14775),#14778);
#14775 = B_SPLINE_CURVE_WITH_KNOTS('',1,(#14776,#14777),.UNSPECIFIED.,
  .F.,.F.,(2,2),(0.,1.710093012824),.PIECEWISE_BEZIER_KNOTS.);
#14776 = CARTESIAN_POINT('',(0.266636146789,-0.815513577278));
#14777 = CARTESIAN_POINT('',(-0.318233237977,0.791454348747));
#14778 = ( GEOMETRIC_REPRESENTATION_CONTEXT(2) 
PARAMETRIC_REPRESENTATION_CONTEXT() REPRESENTATION_CONTEXT('2D SPACE',''
  ) );
#14779 = ORIENTED_EDGE('',*,*,#14737,.F.);
#14780 = ORIENTED_EDGE('',*,*,#5615,.F.);
#14781 = ADVANCED_FACE('',(#14782),#6811,.T.);
#14782 = FACE_BOUND('',#14783,.T.);
#14783 = EDGE_LOOP('',(#14784,#14785,#14786));
#14784 = ORIENTED_EDGE('',*,*,#6797,.F.);
#14785 = ORIENTED_EDGE('',*,*,#14760,.F.);
#14786 = ORIENTED_EDGE('',*,*,#14787,.T.);
#14787 = EDGE_CURVE('',#5616,#6775,#14788,.T.);
#14788 = SURFACE_CURVE('',#14789,(#14793,#14800),.PCURVE_S1.);
#14789 = LINE('',#14790,#14791);
#14790 = CARTESIAN_POINT('',(-23.,-23.40041542053,314.60000610351));
#14791 = VECTOR('',#14792,1.);
#14792 = DIRECTION('',(0.,-0.965926999034,0.25881466832));
#14793 = PCURVE('',#6811,#14794);
#14794 = DEFINITIONAL_REPRESENTATION('',(#14795),#14799);
#14795 = LINE('',#14796,#14797);
#14796 = CARTESIAN_POINT('',(0.266636146789,-0.815513577278));
#14797 = VECTOR('',#14798,1.);
#14798 = DIRECTION('',(-0.25881466832,0.965926999034));
#14799 = ( GEOMETRIC_REPRESENTATION_CONTEXT(2) 
PARAMETRIC_REPRESENTATION_CONTEXT() REPRESENTATION_CONTEXT('2D SPACE',''
  ) );
#14800 = PCURVE('',#6892,#14801);
#14801 = DEFINITIONAL_REPRESENTATION('',(#14802),#14805);
#14802 = B_SPLINE_CURVE_WITH_KNOTS('',1,(#14803,#14804),.UNSPECIFIED.,
  .F.,.F.,(2,2),(0.,1.294093654335),.PIECEWISE_BEZIER_KNOTS.);
#14803 = CARTESIAN_POINT('',(0.149334881428,-0.630716444822));
#14804 = CARTESIAN_POINT('',(-0.185595538494,0.619283555178));
#14805 = ( GEOMETRIC_REPRESENTATION_CONTEXT(2) 
PARAMETRIC_REPRESENTATION_CONTEXT() REPRESENTATION_CONTEXT('2D SPACE',''
  ) );
#14806 = ADVANCED_FACE('',(#14807),#6892,.T.);
#14807 = FACE_BOUND('',#14808,.T.);
#14808 = EDGE_LOOP('',(#14809,#14810,#14811));
#14809 = ORIENTED_EDGE('',*,*,#6878,.F.);
#14810 = ORIENTED_EDGE('',*,*,#14787,.F.);
#14811 = ORIENTED_EDGE('',*,*,#14812,.T.);
#14812 = EDGE_CURVE('',#5616,#6856,#14813,.T.);
#14813 = SURFACE_CURVE('',#14814,(#14818,#14825),.PCURVE_S1.);
#14814 = LINE('',#14815,#14816);
#14815 = CARTESIAN_POINT('',(-23.,-23.40041542053,314.60000610351));
#14816 = VECTOR('',#14817,1.);
#14817 = DIRECTION('',(0.,-0.984809997531,0.173635447889));
#14818 = PCURVE('',#6892,#14819);
#14819 = DEFINITIONAL_REPRESENTATION('',(#14820),#14824);
#14820 = LINE('',#14821,#14822);
#14821 = CARTESIAN_POINT('',(0.149334881428,-0.630716444822));
#14822 = VECTOR('',#14823,1.);
#14823 = DIRECTION('',(-0.173635447889,0.984809997531));
#14824 = ( GEOMETRIC_REPRESENTATION_CONTEXT(2) 
PARAMETRIC_REPRESENTATION_CONTEXT() REPRESENTATION_CONTEXT('2D SPACE',''
  ) );
#14825 = PCURVE('',#6973,#14826);
#14826 = DEFINITIONAL_REPRESENTATION('',(#14827),#14830);
#14827 = B_SPLINE_CURVE_WITH_KNOTS('',1,(#14828,#14829),.UNSPECIFIED.,
  .F.,.F.,(2,2),(0.,0.868237665585),.PIECEWISE_BEZIER_KNOTS.);
#14828 = CARTESIAN_POINT('',(6.600698546822E-02,-0.429176876081));
#14829 = CARTESIAN_POINT('',(-8.474985046928E-02,0.42587225722));
#14830 = ( GEOMETRIC_REPRESENTATION_CONTEXT(2) 
PARAMETRIC_REPRESENTATION_CONTEXT() REPRESENTATION_CONTEXT('2D SPACE',''
  ) );
#14831 = ADVANCED_FACE('',(#14832),#6973,.T.);
#14832 = FACE_BOUND('',#14833,.T.);
#14833 = EDGE_LOOP('',(#14834,#14835,#14836));
#14834 = ORIENTED_EDGE('',*,*,#6959,.F.);
#14835 = ORIENTED_EDGE('',*,*,#14812,.F.);
#14836 = ORIENTED_EDGE('',*,*,#6989,.F.);
#14837 = ADVANCED_FACE('',(#14838),#5438,.T.);
#14838 = FACE_BOUND('',#14839,.T.);
#14839 = EDGE_LOOP('',(#14840,#14860,#14861));
#14840 = ORIENTED_EDGE('',*,*,#14841,.T.);
#14841 = EDGE_CURVE('',#14034,#5423,#14842,.T.);
#14842 = SURFACE_CURVE('',#14843,(#14847,#14854),.PCURVE_S1.);
#14843 = LINE('',#14844,#14845);
#14844 = CARTESIAN_POINT('',(-23.,18.001468658447,318.58251953125));
#14845 = VECTOR('',#14846,1.);
#14846 = DIRECTION('',(1.,0.,0.));
#14847 = PCURVE('',#5438,#14848);
#14848 = DEFINITIONAL_REPRESENTATION('',(#14849),#14853);
#14849 = LINE('',#14850,#14851);
#14850 = CARTESIAN_POINT('',(-1.380882947104,7.469117472705));
#14851 = VECTOR('',#14852,1.);
#14852 = DIRECTION('',(0.,-1.));
#14853 = ( GEOMETRIC_REPRESENTATION_CONTEXT(2) 
PARAMETRIC_REPRESENTATION_CONTEXT() REPRESENTATION_CONTEXT('2D SPACE',''
  ) );
#14854 = PCURVE('',#14234,#14855);
#14855 = DEFINITIONAL_REPRESENTATION('',(#14856),#14859);
#14856 = B_SPLINE_CURVE_WITH_KNOTS('',1,(#14857,#14858),.UNSPECIFIED.,
  .F.,.F.,(2,2),(0.,13.),.PIECEWISE_BEZIER_KNOTS.);
#14857 = CARTESIAN_POINT('',(-1.150370797358,-5.650365897879));
#14858 = CARTESIAN_POINT('',(-1.150370797358,7.349634102121));
#14859 = ( GEOMETRIC_REPRESENTATION_CONTEXT(2) 
PARAMETRIC_REPRESENTATION_CONTEXT() REPRESENTATION_CONTEXT('2D SPACE',''
  ) );
#14860 = ORIENTED_EDGE('',*,*,#5422,.F.);
#14861 = ORIENTED_EDGE('',*,*,#14862,.T.);
#14862 = EDGE_CURVE('',#763,#14034,#14863,.T.);
#14863 = SURFACE_CURVE('',#14864,(#14868,#14875),.PCURVE_S1.);
#14864 = LINE('',#14865,#14866);
#14865 = CARTESIAN_POINT('',(-10.,22.701457977295,318.59292602539));
#14866 = VECTOR('',#14867,1.);
#14867 = DIRECTION('',(-0.940425427349,-0.339999189516,
    -7.528101307235E-04));
#14868 = PCURVE('',#5438,#14869);
#14869 = DEFINITIONAL_REPRESENTATION('',(#14870),#14874);
#14870 = LINE('',#14871,#14872);
#14871 = CARTESIAN_POINT('',(3.319117892513,-5.530882527295));
#14872 = VECTOR('',#14873,1.);
#14873 = DIRECTION('',(-0.340000022934,0.940425427349));
#14874 = ( GEOMETRIC_REPRESENTATION_CONTEXT(2) 
PARAMETRIC_REPRESENTATION_CONTEXT() REPRESENTATION_CONTEXT('2D SPACE',''
  ) );
#14875 = PCURVE('',#14125,#14876);
#14876 = DEFINITIONAL_REPRESENTATION('',(#14877),#14880);
#14877 = B_SPLINE_CURVE_WITH_KNOTS('',1,(#14878,#14879),.UNSPECIFIED.,
  .F.,.F.,(2,2),(0.,13.823530948799),.PIECEWISE_BEZIER_KNOTS.);
#14878 = CARTESIAN_POINT('',(1.380882947104,-7.469117472705));
#14879 = CARTESIAN_POINT('',(-3.319117892513,5.530882527295));
#14880 = ( GEOMETRIC_REPRESENTATION_CONTEXT(2) 
PARAMETRIC_REPRESENTATION_CONTEXT() REPRESENTATION_CONTEXT('2D SPACE',''
  ) );
#14881 = ADVANCED_FACE('',(#14882),#14125,.T.);
#14882 = FACE_BOUND('',#14883,.T.);
#14883 = EDGE_LOOP('',(#14884,#14885,#14886));
#14884 = ORIENTED_EDGE('',*,*,#14111,.F.);
#14885 = ORIENTED_EDGE('',*,*,#14862,.F.);
#14886 = ORIENTED_EDGE('',*,*,#14887,.T.);
#14887 = EDGE_CURVE('',#763,#14084,#14888,.T.);
#14888 = SURFACE_CURVE('',#14889,(#14893,#14900),.PCURVE_S1.);
#14889 = LINE('',#14890,#14891);
#14890 = CARTESIAN_POINT('',(-10.,22.701457977295,318.59292602539));
#14891 = VECTOR('',#14892,1.);
#14892 = DIRECTION('',(-1.,0.,0.));
#14893 = PCURVE('',#14125,#14894);
#14894 = DEFINITIONAL_REPRESENTATION('',(#14895),#14899);
#14895 = LINE('',#14896,#14897);
#14896 = CARTESIAN_POINT('',(1.380882947104,-7.469117472705));
#14897 = VECTOR('',#14898,1.);
#14898 = DIRECTION('',(0.,1.));
#14899 = ( GEOMETRIC_REPRESENTATION_CONTEXT(2) 
PARAMETRIC_REPRESENTATION_CONTEXT() REPRESENTATION_CONTEXT('2D SPACE',''
  ) );
#14900 = PCURVE('',#1002,#14901);
#14901 = DEFINITIONAL_REPRESENTATION('',(#14902),#14905);
#14902 = B_SPLINE_CURVE_WITH_KNOTS('',1,(#14903,#14904),.UNSPECIFIED.,
  .F.,.F.,(2,2),(0.,13.),.PIECEWISE_BEZIER_KNOTS.);
#14903 = CARTESIAN_POINT('',(1.831577527996,5.328586805339));
#14904 = CARTESIAN_POINT('',(1.831577527996,-7.671413194661));
#14905 = ( GEOMETRIC_REPRESENTATION_CONTEXT(2) 
PARAMETRIC_REPRESENTATION_CONTEXT() REPRESENTATION_CONTEXT('2D SPACE',''
  ) );
#14906 = ADVANCED_FACE('',(#14907),#1002,.T.);
#14907 = FACE_BOUND('',#14908,.T.);
#14908 = EDGE_LOOP('',(#14909,#14910,#14911));
#14909 = ORIENTED_EDGE('',*,*,#14887,.F.);
#14910 = ORIENTED_EDGE('',*,*,#986,.F.);
#14911 = ORIENTED_EDGE('',*,*,#14912,.T.);
#14912 = EDGE_CURVE('',#987,#14084,#14913,.T.);
#14913 = SURFACE_CURVE('',#14914,(#14918,#14925),.PCURVE_S1.);
#14914 = LINE('',#14915,#14916);
#14915 = CARTESIAN_POINT('',(-10.,22.701457977295,324.5989074707));
#14916 = VECTOR('',#14917,1.);
#14917 = DIRECTION('',(-0.907800393594,0.,-0.419402486152));
#14918 = PCURVE('',#1002,#14919);
#14919 = DEFINITIONAL_REPRESENTATION('',(#14920),#14924);
#14920 = LINE('',#14921,#14922);
#14921 = CARTESIAN_POINT('',(-4.174403917317,5.328586805339));
#14922 = VECTOR('',#14923,1.);
#14923 = DIRECTION('',(0.419402486152,-0.907800393594));
#14924 = ( GEOMETRIC_REPRESENTATION_CONTEXT(2) 
PARAMETRIC_REPRESENTATION_CONTEXT() REPRESENTATION_CONTEXT('2D SPACE',''
  ) );
#14925 = PCURVE('',#14176,#14926);
#14926 = DEFINITIONAL_REPRESENTATION('',(#14927),#14930);
#14927 = B_SPLINE_CURVE_WITH_KNOTS('',1,(#14928,#14929),.UNSPECIFIED.,
  .F.,.F.,(2,2),(0.,14.32032866667),.PIECEWISE_BEZIER_KNOTS.);
#14928 = CARTESIAN_POINT('',(-1.831577527996,7.671413194661));
#14929 = CARTESIAN_POINT('',(4.174403917317,-5.328586805339));
#14930 = ( GEOMETRIC_REPRESENTATION_CONTEXT(2) 
PARAMETRIC_REPRESENTATION_CONTEXT() REPRESENTATION_CONTEXT('2D SPACE',''
  ) );
#14931 = ADVANCED_FACE('',(#14932),#14176,.T.);
#14932 = FACE_BOUND('',#14933,.T.);
#14933 = EDGE_LOOP('',(#14934,#14935,#14936));
#14934 = ORIENTED_EDGE('',*,*,#14162,.F.);
#14935 = ORIENTED_EDGE('',*,*,#14912,.F.);
#14936 = ORIENTED_EDGE('',*,*,#14937,.T.);
#14937 = EDGE_CURVE('',#987,#14140,#14938,.T.);
#14938 = SURFACE_CURVE('',#14939,(#14943,#14950),.PCURVE_S1.);
#14939 = LINE('',#14940,#14941);
#14940 = CARTESIAN_POINT('',(-10.,22.701457977295,324.5989074707));
#14941 = VECTOR('',#14942,1.);
#14942 = DIRECTION('',(-1.,0.,0.));
#14943 = PCURVE('',#14176,#14944);
#14944 = DEFINITIONAL_REPRESENTATION('',(#14945),#14949);
#14945 = LINE('',#14946,#14947);
#14946 = CARTESIAN_POINT('',(-1.831577527996,7.671413194661));
#14947 = VECTOR('',#14948,1.);
#14948 = DIRECTION('',(0.,-1.));
#14949 = ( GEOMETRIC_REPRESENTATION_CONTEXT(2) 
PARAMETRIC_REPRESENTATION_CONTEXT() REPRESENTATION_CONTEXT('2D SPACE',''
  ) );
#14950 = PCURVE('',#1058,#14951);
#14951 = DEFINITIONAL_REPRESENTATION('',(#14952),#14955);
#14952 = B_SPLINE_CURVE_WITH_KNOTS('',1,(#14953,#14954),.UNSPECIFIED.,
  .F.,.F.,(2,2),(0.,13.),.PIECEWISE_BEZIER_KNOTS.);
#14953 = CARTESIAN_POINT('',(0.101481729421,6.401591102907));
#14954 = CARTESIAN_POINT('',(0.101481729421,-6.598408897093));
#14955 = ( GEOMETRIC_REPRESENTATION_CONTEXT(2) 
PARAMETRIC_REPRESENTATION_CONTEXT() REPRESENTATION_CONTEXT('2D SPACE',''
  ) );
#14956 = ADVANCED_FACE('',(#14957),#1058,.T.);
#14957 = FACE_BOUND('',#14958,.T.);
#14958 = EDGE_LOOP('',(#14959,#14960,#14961));
#14959 = ORIENTED_EDGE('',*,*,#14937,.F.);
#14960 = ORIENTED_EDGE('',*,*,#1042,.F.);
#14961 = ORIENTED_EDGE('',*,*,#14962,.T.);
#14962 = EDGE_CURVE('',#1043,#14140,#14963,.T.);
#14963 = SURFACE_CURVE('',#14964,(#14968,#14975),.PCURVE_S1.);
#14964 = LINE('',#14965,#14966);
#14965 = CARTESIAN_POINT('',(-10.,22.700572967529,324.99868774414));
#14966 = VECTOR('',#14967,1.);
#14967 = DIRECTION('',(-0.999527479946,6.804550621249E-05,
    -3.073779763392E-02));
#14968 = PCURVE('',#1058,#14969);
#14969 = DEFINITIONAL_REPRESENTATION('',(#14970),#14974);
#14970 = LINE('',#14971,#14972);
#14971 = CARTESIAN_POINT('',(-0.298299523606,6.401591102907));
#14972 = VECTOR('',#14973,1.);
#14973 = DIRECTION('',(3.073787295137E-02,-0.999527479946));
#14974 = ( GEOMETRIC_REPRESENTATION_CONTEXT(2) 
PARAMETRIC_REPRESENTATION_CONTEXT() REPRESENTATION_CONTEXT('2D SPACE',''
  ) );
#14975 = PCURVE('',#14497,#14976);
#14976 = DEFINITIONAL_REPRESENTATION('',(#14977),#14980);
#14977 = B_SPLINE_CURVE_WITH_KNOTS('',1,(#14978,#14979),.UNSPECIFIED.,
  .F.,.F.,(2,2),(0.,13.006145664657),.PIECEWISE_BEZIER_KNOTS.);
#14978 = CARTESIAN_POINT('',(-0.101481729421,6.598408897093));
#14979 = CARTESIAN_POINT('',(0.298299523606,-6.401591102907));
#14980 = ( GEOMETRIC_REPRESENTATION_CONTEXT(2) 
PARAMETRIC_REPRESENTATION_CONTEXT() REPRESENTATION_CONTEXT('2D SPACE',''
  ) );
#14981 = ADVANCED_FACE('',(#14982),#14497,.T.);
#14982 = FACE_BOUND('',#14983,.T.);
#14983 = EDGE_LOOP('',(#14984,#14985,#14986));
#14984 = ORIENTED_EDGE('',*,*,#14483,.F.);
#14985 = ORIENTED_EDGE('',*,*,#14962,.F.);
#14986 = ORIENTED_EDGE('',*,*,#14987,.T.);
#14987 = EDGE_CURVE('',#1043,#14456,#14988,.T.);
#14988 = SURFACE_CURVE('',#14989,(#14993,#15000),.PCURVE_S1.);
#14989 = LINE('',#14990,#14991);
#14990 = CARTESIAN_POINT('',(-10.,22.700572967529,324.99868774414));
#14991 = VECTOR('',#14992,1.);
#14992 = DIRECTION('',(-1.,0.,0.));
#14993 = PCURVE('',#14497,#14994);
#14994 = DEFINITIONAL_REPRESENTATION('',(#14995),#14999);
#14995 = LINE('',#14996,#14997);
#14996 = CARTESIAN_POINT('',(-0.101481729421,6.598408897093));
#14997 = VECTOR('',#14998,1.);
#14998 = DIRECTION('',(-2.938735877056E-39,-1.));
#14999 = ( GEOMETRIC_REPRESENTATION_CONTEXT(2) 
PARAMETRIC_REPRESENTATION_CONTEXT() REPRESENTATION_CONTEXT('2D SPACE',''
  ) );
#15000 = PCURVE('',#1667,#15001);
#15001 = DEFINITIONAL_REPRESENTATION('',(#15002),#15005);
#15002 = B_SPLINE_CURVE_WITH_KNOTS('',1,(#15003,#15004),.UNSPECIFIED.,
  .F.,.F.,(2,2),(0.,13.),.PIECEWISE_BEZIER_KNOTS.);
#15003 = CARTESIAN_POINT('',(-3.70613692747,19.906423792704));
#15004 = CARTESIAN_POINT('',(9.29386307253,19.906423792704));
#15005 = ( GEOMETRIC_REPRESENTATION_CONTEXT(2) 
PARAMETRIC_REPRESENTATION_CONTEXT() REPRESENTATION_CONTEXT('2D SPACE',''
  ) );
#15006 = ADVANCED_FACE('',(#15007),#1667,.T.);
#15007 = FACE_BOUND('',#15008,.T.);
#15008 = EDGE_LOOP('',(#15009,#15010,#15011));
#15009 = ORIENTED_EDGE('',*,*,#14987,.F.);
#15010 = ORIENTED_EDGE('',*,*,#1651,.F.);
#15011 = ORIENTED_EDGE('',*,*,#15012,.T.);
#15012 = EDGE_CURVE('',#1652,#14456,#15013,.T.);
#15013 = SURFACE_CURVE('',#15014,(#15018,#15025),.PCURVE_S1.);
#15014 = LINE('',#15015,#15016);
#15015 = CARTESIAN_POINT('',(-10.,-22.70000076293,324.99868774414));
#15016 = VECTOR('',#15017,1.);
#15017 = DIRECTION('',(-0.275277216945,0.961364891095,0.));
#15018 = PCURVE('',#1667,#15019);
#15019 = DEFINITIONAL_REPRESENTATION('',(#15020),#15024);
#15020 = LINE('',#15021,#15022);
#15021 = CARTESIAN_POINT('',(-3.70613692747,-25.49414993776));
#15022 = VECTOR('',#15023,1.);
#15023 = DIRECTION('',(0.275277216945,0.961364891095));
#15024 = ( GEOMETRIC_REPRESENTATION_CONTEXT(2) 
PARAMETRIC_REPRESENTATION_CONTEXT() REPRESENTATION_CONTEXT('2D SPACE',''
  ) );
#15025 = PCURVE('',#14546,#15026);
#15026 = DEFINITIONAL_REPRESENTATION('',(#15027),#15030);
#15027 = B_SPLINE_CURVE_WITH_KNOTS('',1,(#15028,#15029),.UNSPECIFIED.,
  .F.,.F.,(2,2),(0.,47.225121440349),.PIECEWISE_BEZIER_KNOTS.);
#15028 = CARTESIAN_POINT('',(-9.29386307253,-19.9064237927));
#15029 = CARTESIAN_POINT('',(3.70613692747,25.494149937764));
#15030 = ( GEOMETRIC_REPRESENTATION_CONTEXT(2) 
PARAMETRIC_REPRESENTATION_CONTEXT() REPRESENTATION_CONTEXT('2D SPACE',''
  ) );
#15031 = ADVANCED_FACE('',(#15032),#14546,.T.);
#15032 = FACE_BOUND('',#15033,.T.);
#15033 = EDGE_LOOP('',(#15034,#15035,#15036));
#15034 = ORIENTED_EDGE('',*,*,#14532,.F.);
#15035 = ORIENTED_EDGE('',*,*,#15012,.F.);
#15036 = ORIENTED_EDGE('',*,*,#15037,.T.);
#15037 = EDGE_CURVE('',#1652,#22,#15038,.T.);
#15038 = SURFACE_CURVE('',#15039,(#15043,#15050),.PCURVE_S1.);
#15039 = LINE('',#15040,#15041);
#15040 = CARTESIAN_POINT('',(-10.,-22.70000076293,324.99868774414));
#15041 = VECTOR('',#15042,1.);
#15042 = DIRECTION('',(-1.,0.,0.));
#15043 = PCURVE('',#14546,#15044);
#15044 = DEFINITIONAL_REPRESENTATION('',(#15045),#15049);
#15045 = LINE('',#15046,#15047);
#15046 = CARTESIAN_POINT('',(-9.29386307253,-19.9064237927));
#15047 = VECTOR('',#15048,1.);
#15048 = DIRECTION('',(1.,0.));
#15049 = ( GEOMETRIC_REPRESENTATION_CONTEXT(2) 
PARAMETRIC_REPRESENTATION_CONTEXT() REPRESENTATION_CONTEXT('2D SPACE',''
  ) );
#15050 = PCURVE('',#4710,#15051);
#15051 = DEFINITIONAL_REPRESENTATION('',(#15052),#15055);
#15052 = B_SPLINE_CURVE_WITH_KNOTS('',1,(#15053,#15054),.UNSPECIFIED.,
  .F.,.F.,(2,2),(0.,13.),.PIECEWISE_BEZIER_KNOTS.);
#15053 = CARTESIAN_POINT('',(1.972023984993,5.27268316468));
#15054 = CARTESIAN_POINT('',(1.972023984993,-7.72731683532));
#15055 = ( GEOMETRIC_REPRESENTATION_CONTEXT(2) 
PARAMETRIC_REPRESENTATION_CONTEXT() REPRESENTATION_CONTEXT('2D SPACE',''
  ) );
#15056 = ADVANCED_FACE('',(#15057),#4710,.T.);
#15057 = FACE_BOUND('',#15058,.T.);
#15058 = EDGE_LOOP('',(#15059,#15060,#15061));
#15059 = ORIENTED_EDGE('',*,*,#15037,.F.);
#15060 = ORIENTED_EDGE('',*,*,#4694,.F.);
#15061 = ORIENTED_EDGE('',*,*,#15062,.T.);
#15062 = EDGE_CURVE('',#4695,#22,#15063,.T.);
#15063 = SURFACE_CURVE('',#15064,(#15068,#15075),.PCURVE_S1.);
#15064 = LINE('',#15065,#15066);
#15065 = CARTESIAN_POINT('',(-10.,-22.70000076293,318.60000610351));
#15066 = VECTOR('',#15067,1.);
#15067 = DIRECTION('',(-0.897206728404,0.,0.441610786222));
#15068 = PCURVE('',#4710,#15069);
#15069 = DEFINITIONAL_REPRESENTATION('',(#15070),#15074);
#15070 = LINE('',#15071,#15072);
#15071 = CARTESIAN_POINT('',(-4.426657655632,5.27268316468));
#15072 = VECTOR('',#15073,1.);
#15073 = DIRECTION('',(0.441610786222,-0.897206728404));
#15074 = ( GEOMETRIC_REPRESENTATION_CONTEXT(2) 
PARAMETRIC_REPRESENTATION_CONTEXT() REPRESENTATION_CONTEXT('2D SPACE',''
  ) );
#15075 = PCURVE('',#44,#15076);
#15076 = DEFINITIONAL_REPRESENTATION('',(#15077),#15080);
#15077 = B_SPLINE_CURVE_WITH_KNOTS('',1,(#15078,#15079),.UNSPECIFIED.,
  .F.,.F.,(2,2),(0.,14.489414299345),.PIECEWISE_BEZIER_KNOTS.);
#15078 = CARTESIAN_POINT('',(-1.972023984993,7.72731683532));
#15079 = CARTESIAN_POINT('',(4.426657655632,-5.27268316468));
#15080 = ( GEOMETRIC_REPRESENTATION_CONTEXT(2) 
PARAMETRIC_REPRESENTATION_CONTEXT() REPRESENTATION_CONTEXT('2D SPACE',''
  ) );
#15081 = ADVANCED_FACE('',(#15082),#44,.T.);
#15082 = FACE_BOUND('',#15083,.T.);
#15083 = EDGE_LOOP('',(#15084,#15085,#15086));
#15084 = ORIENTED_EDGE('',*,*,#21,.F.);
#15085 = ORIENTED_EDGE('',*,*,#15062,.F.);
#15086 = ORIENTED_EDGE('',*,*,#15087,.T.);
#15087 = EDGE_CURVE('',#4695,#24,#15088,.T.);
#15088 = SURFACE_CURVE('',#15089,(#15093,#15100),.PCURVE_S1.);
#15089 = LINE('',#15090,#15091);
#15090 = CARTESIAN_POINT('',(-10.,-22.70000076293,318.60000610351));
#15091 = VECTOR('',#15092,1.);
#15092 = DIRECTION('',(-1.,0.,0.));
#15093 = PCURVE('',#44,#15094);
#15094 = DEFINITIONAL_REPRESENTATION('',(#15095),#15099);
#15095 = LINE('',#15096,#15097);
#15096 = CARTESIAN_POINT('',(-1.972023984993,7.72731683532));
#15097 = VECTOR('',#15098,1.);
#15098 = DIRECTION('',(0.,-1.));
#15099 = ( GEOMETRIC_REPRESENTATION_CONTEXT(2) 
PARAMETRIC_REPRESENTATION_CONTEXT() REPRESENTATION_CONTEXT('2D SPACE',''
  ) );
#15100 = PCURVE('',#5352,#15101);
#15101 = DEFINITIONAL_REPRESENTATION('',(#15102),#15105);
#15102 = B_SPLINE_CURVE_WITH_KNOTS('',1,(#15103,#15104),.UNSPECIFIED.,
  .F.,.F.,(2,2),(0.,13.),.PIECEWISE_BEZIER_KNOTS.);
#15103 = CARTESIAN_POINT('',(5.530882539947,-1.380882921417));
#15104 = CARTESIAN_POINT('',(-7.469117460053,-1.380882921417));
#15105 = ( GEOMETRIC_REPRESENTATION_CONTEXT(2) 
PARAMETRIC_REPRESENTATION_CONTEXT() REPRESENTATION_CONTEXT('2D SPACE',''
  ) );
#15106 = ADVANCED_FACE('',(#15107),#5352,.T.);
#15107 = FACE_BOUND('',#15108,.T.);
#15108 = EDGE_LOOP('',(#15109,#15110,#15111));
#15109 = ORIENTED_EDGE('',*,*,#15087,.F.);
#15110 = ORIENTED_EDGE('',*,*,#5338,.F.);
#15111 = ORIENTED_EDGE('',*,*,#15112,.T.);
#15112 = EDGE_CURVE('',#5312,#24,#15113,.T.);
#15113 = SURFACE_CURVE('',#15114,(#15118,#15125),.PCURVE_S1.);
#15114 = LINE('',#15115,#15116);
#15115 = CARTESIAN_POINT('',(-10.,-18.,318.60000610351));
#15116 = VECTOR('',#15117,1.);
#15117 = DIRECTION('',(-0.940425429123,-0.340000018028,0.));
#15118 = PCURVE('',#5352,#15119);
#15119 = DEFINITIONAL_REPRESENTATION('',(#15120),#15124);
#15120 = LINE('',#15121,#15122);
#15121 = CARTESIAN_POINT('',(5.530882539947,3.319117841522));
#15122 = VECTOR('',#15123,1.);
#15123 = DIRECTION('',(-0.940425429123,-0.340000018028));
#15124 = ( GEOMETRIC_REPRESENTATION_CONTEXT(2) 
PARAMETRIC_REPRESENTATION_CONTEXT() REPRESENTATION_CONTEXT('2D SPACE',''
  ) );
#15125 = PCURVE('',#5494,#15126);
#15126 = DEFINITIONAL_REPRESENTATION('',(#15127),#15130);
#15127 = B_SPLINE_CURVE_WITH_KNOTS('',1,(#15128,#15129),.UNSPECIFIED.,
  .F.,.F.,(2,2),(0.,13.823530922729),.PIECEWISE_BEZIER_KNOTS.);
#15128 = CARTESIAN_POINT('',(7.469117460053,1.380882921417));
#15129 = CARTESIAN_POINT('',(-5.530882539947,-3.319117841522));
#15130 = ( GEOMETRIC_REPRESENTATION_CONTEXT(2) 
PARAMETRIC_REPRESENTATION_CONTEXT() REPRESENTATION_CONTEXT('2D SPACE',''
  ) );
#15131 = ADVANCED_FACE('',(#15132),#5494,.T.);
#15132 = FACE_BOUND('',#15133,.T.);
#15133 = EDGE_LOOP('',(#15134,#15135,#15136));
#15134 = ORIENTED_EDGE('',*,*,#14567,.F.);
#15135 = ORIENTED_EDGE('',*,*,#15112,.F.);
#15136 = ORIENTED_EDGE('',*,*,#5478,.F.);
#15137 = ADVANCED_FACE('',(#15138),#5463,.T.);
#15138 = FACE_BOUND('',#15139,.T.);
#15139 = EDGE_LOOP('',(#15140,#15141,#15142));
#15140 = ORIENTED_EDGE('',*,*,#10696,.F.);
#15141 = ORIENTED_EDGE('',*,*,#5449,.F.);
#15142 = ORIENTED_EDGE('',*,*,#15143,.T.);
#15143 = EDGE_CURVE('',#5423,#10669,#15144,.T.);
#15144 = SURFACE_CURVE('',#15145,(#15149,#15156),.PCURVE_S1.);
#15145 = LINE('',#15146,#15147);
#15146 = CARTESIAN_POINT('',(-10.,18.001468658447,318.58251953125));
#15147 = VECTOR('',#15148,1.);
#15148 = DIRECTION('',(-0.955778806221,6.509524445871E-04,-0.29408578653
    ));
#15149 = PCURVE('',#5463,#15150);
#15150 = DEFINITIONAL_REPRESENTATION('',(#15151),#15155);
#15151 = LINE('',#15152,#15153);
#15152 = CARTESIAN_POINT('',(-2.8496390016,5.650365897879));
#15153 = VECTOR('',#15154,1.);
#15154 = DIRECTION('',(0.294086506963,-0.955778806221));
#15155 = ( GEOMETRIC_REPRESENTATION_CONTEXT(2) 
PARAMETRIC_REPRESENTATION_CONTEXT() REPRESENTATION_CONTEXT('2D SPACE',''
  ) );
#15156 = PCURVE('',#14234,#15157);
#15157 = DEFINITIONAL_REPRESENTATION('',(#15158),#15161);
#15158 = B_SPLINE_CURVE_WITH_KNOTS('',1,(#15159,#15160),.UNSPECIFIED.,
  .F.,.F.,(2,2),(0.,13.601473390474),.PIECEWISE_BEZIER_KNOTS.);
#15159 = CARTESIAN_POINT('',(-1.150370797358,7.349634102121));
#15160 = CARTESIAN_POINT('',(2.8496390016,-5.650365897879));
#15161 = ( GEOMETRIC_REPRESENTATION_CONTEXT(2) 
PARAMETRIC_REPRESENTATION_CONTEXT() REPRESENTATION_CONTEXT('2D SPACE',''
  ) );
#15162 = ADVANCED_FACE('',(#15163),#14234,.T.);
#15163 = FACE_BOUND('',#15164,.T.);
#15164 = EDGE_LOOP('',(#15165,#15166,#15167));
#15165 = ORIENTED_EDGE('',*,*,#14220,.F.);
#15166 = ORIENTED_EDGE('',*,*,#15143,.F.);
#15167 = ORIENTED_EDGE('',*,*,#14841,.F.);
#15168 = ( GEOMETRIC_REPRESENTATION_CONTEXT(3) 
GLOBAL_UNCERTAINTY_ASSIGNED_CONTEXT((#15172)) 
GLOBAL_UNIT_ASSIGNED_CONTEXT((#15169,#15170,#15171)) 
REPRESENTATION_CONTEXT('Context #1',
  '3D Context with UNIT and UNCERTAINTY') );
#15169 = ( LENGTH_UNIT() NAMED_UNIT(*) SI_UNIT(.MILLI.,.METRE.) );
#15170 = ( NAMED_UNIT(*) PLANE_ANGLE_UNIT() SI_UNIT($,.RADIAN.) );
#15171 = ( NAMED_UNIT(*) SI_UNIT($,.STERADIAN.) SOLID_ANGLE_UNIT() );
#15172 = UNCERTAINTY_MEASURE_WITH_UNIT(LENGTH_MEASURE(1.E-07),#15169,
  'distance_accuracy_value','confusion accuracy');
#15173 = PRODUCT_RELATED_PRODUCT_CATEGORY('part',$,(#7));
ENDSEC;
END-ISO-10303-21;
